Using pre-set license
Built from '6000.0/staging' branch; Version is '6000.0.47f1 (2ad1ed33fd3b) revision 2806253'; Using compiler version '193933523'; Build Type 'Release'
OS: 'Windows 11  (10.0.26100) 64bit CoreSingleLanguage' Language: 'en' Physical Memory: 7971 MB
BatchMode: 1, IsHumanControllingUs: 0, StartBugReporterOnCrash: 0, Is64bit: 1, IsPro: 1

COMMAND LINE ARGUMENTS:
C:\Program Files\Unity\Hub\Editor\6000.0.47f1\Editor\Unity.exe
-adb2
-batchMode
-noUpm
-name
AssetImportWorker0
-projectPath
D:/game/AzuraLand
-logFile
Logs/AssetImportWorker0.log
-srvPort
53009
-job-worker-count
5
-background-job-worker-count
8
-gc-helper-count
1
Successfully changed project path to: D:/game/AzuraLand
D:/game/AzuraLand
[UnityMemory] Configuration Parameters - Can be set up in boot.config
    "memorysetup-bucket-allocator-granularity=16"
    "memorysetup-bucket-allocator-bucket-count=8"
    "memorysetup-bucket-allocator-block-size=33554432"
    "memorysetup-bucket-allocator-block-count=8"
    "memorysetup-main-allocator-block-size=16777216"
    "memorysetup-thread-allocator-block-size=16777216"
    "memorysetup-gfx-main-allocator-block-size=16777216"
    "memorysetup-gfx-thread-allocator-block-size=16777216"
    "memorysetup-cache-allocator-block-size=4194304"
    "memorysetup-typetree-allocator-block-size=2097152"
    "memorysetup-profiler-bucket-allocator-granularity=16"
    "memorysetup-profiler-bucket-allocator-bucket-count=8"
    "memorysetup-profiler-bucket-allocator-block-size=33554432"
    "memorysetup-profiler-bucket-allocator-block-count=8"
    "memorysetup-profiler-allocator-block-size=16777216"
    "memorysetup-profiler-editor-allocator-block-size=1048576"
    "memorysetup-temp-allocator-size-main=16777216"
    "memorysetup-job-temp-allocator-block-size=2097152"
    "memorysetup-job-temp-allocator-block-size-background=1048576"
    "memorysetup-job-temp-allocator-reduction-small-platforms=262144"
    "memorysetup-allocator-temp-initial-block-size-main=262144"
    "memorysetup-allocator-temp-initial-block-size-worker=262144"
    "memorysetup-temp-allocator-size-background-worker=32768"
    "memorysetup-temp-allocator-size-job-worker=262144"
    "memorysetup-temp-allocator-size-preload-manager=33554432"
    "memorysetup-temp-allocator-size-nav-mesh-worker=65536"
    "memorysetup-temp-allocator-size-audio-worker=65536"
    "memorysetup-temp-allocator-size-cloud-worker=32768"
    "memorysetup-temp-allocator-size-gi-baking-worker=262144"
    "memorysetup-temp-allocator-size-gi-baking-worker=262144"
    "memorysetup-temp-allocator-size-gi-baking-worker=262144"
    "memorysetup-temp-allocator-size-gi-baking-worker=262144"
    "memorysetup-temp-allocator-size-gi-baking-worker=262144"
    "memorysetup-temp-allocator-size-gfx=262144"
Player connection [16844]  Target information:

Player connection [16844]  * "[IP] 192.168.112.1 [Port] 0 [Flags] 2 [Guid] 694410910 [EditorId] 694410910 [Version] 1048832 [Id] WindowsEditor(7,Hungneeee) [Debug] 1 [PackageName] WindowsEditor [ProjectName] Editor" 

Player connection [16844]  * "[IP] 192.168.146.1 [Port] 0 [Flags] 2 [Guid] 694410910 [EditorId] 694410910 [Version] 1048832 [Id] WindowsEditor(7,Hungneeee) [Debug] 1 [PackageName] WindowsEditor [ProjectName] Editor" 

Player connection [16844]  * "[IP] 192.168.1.18 [Port] 0 [Flags] 2 [Guid] 694410910 [EditorId] 694410910 [Version] 1048832 [Id] WindowsEditor(7,Hungneeee) [Debug] 1 [PackageName] WindowsEditor [ProjectName] Editor" 

Player connection [16844] Host joined multi-casting on [225.0.0.222:54997]...
Player connection [16844] Host joined alternative multi-casting on [225.0.0.222:34997]...
JobSystem: Creating JobQueue using job-worker-count value 5
Input System module state changed to: Initialized.
[Physics::Module] Initialized fallback backend.
[Physics::Module] Id: 0xdecafbad
Library Redirect Path: Library/
[Physics::Module] Selected backend.
[Physics::Module] Name: PhysX
[Physics::Module] Id: 0xf2b8ea05
[Physics::Module] SDK Version: 4.1.2
[Physics::Module] Integration Version: 1.0.0
[Physics::Module] Threading Mode: Multi-Threaded
Refreshing native plugins compatible for Editor in 3.11 ms, found 1 plugins.
Preloading 0 native plugins for Editor in 0.00 ms.
Initialize engine version: 6000.0.47f1 (2ad1ed33fd3b)
[Subsystems] Discovering subsystems at path C:/Program Files/Unity/Hub/Editor/6000.0.47f1/Editor/Data/Resources/UnitySubsystems
[Subsystems] Discovering subsystems at path D:/game/AzuraLand/Assets
GfxDevice: creating device client; kGfxThreadingModeNonThreaded
Direct3D:
    Version:  Direct3D 11.0 [level 11.1]
    Renderer: NVIDIA GeForce GTX 1650 (ID=0x1f9d)
    Vendor:   NVIDIA
    VRAM:     3962 MB
    Driver:   30.0.15.1274
Initialize mono
Mono path[0] = 'C:/Program Files/Unity/Hub/Editor/6000.0.47f1/Editor/Data/Managed'
Mono path[1] = 'C:/Program Files/Unity/Hub/Editor/6000.0.47f1/Editor/Data/MonoBleedingEdge/lib/mono/unityjit-win32'
Mono config path = 'C:/Program Files/Unity/Hub/Editor/6000.0.47f1/Editor/Data/MonoBleedingEdge/etc'
Using monoOptions --debugger-agent=transport=dt_socket,embedding=1,server=y,suspend=n,address=127.0.0.1:56040
Begin MonoManager ReloadAssembly
Registering precompiled unity dll's ...
Register platform support module: C:/Program Files/Unity/Hub/Editor/6000.0.47f1/Editor/Data/PlaybackEngines/WebGLSupport/UnityEditor.WebGL.Extensions.dll
Register platform support module: C:/Program Files/Unity/Hub/Editor/6000.0.47f1/Editor/Data/PlaybackEngines/WindowsStandaloneSupport/UnityEditor.WindowsStandalone.Extensions.dll
Registered in 0.006958 seconds.
- Loaded All Assemblies, in  0.504 seconds
Native extension for WindowsStandalone target not found
Native extension for WebGL target not found
Mono: successfully reloaded assembly
- Finished resetting the current domain, in  0.356 seconds
Domain Reload Profiling: 859ms
	BeginReloadAssembly (204ms)
		ExecutionOrderSort (0ms)
		DisableScriptedObjects (0ms)
		BackupInstance (0ms)
		ReleaseScriptingObjects (0ms)
		CreateAndSetChildDomain (1ms)
	RebuildCommonClasses (41ms)
	RebuildNativeTypeToScriptingClass (12ms)
	initialDomainReloadingComplete (59ms)
	LoadAllAssembliesAndSetupDomain (186ms)
		LoadAssemblies (202ms)
		RebuildTransferFunctionScriptingTraits (0ms)
		AnalyzeDomain (181ms)
			TypeCache.Refresh (179ms)
				TypeCache.ScanAssembly (163ms)
			BuildScriptInfoCaches (0ms)
			ResolveRequiredComponents (1ms)
	FinalizeReload (357ms)
		ReleaseScriptCaches (0ms)
		RebuildScriptCaches (0ms)
		SetupLoadedEditorAssemblies (308ms)
			LogAssemblyErrors (0ms)
			InitializePlatformSupportModulesInManaged (31ms)
			SetLoadedEditorAssemblies (5ms)
			BeforeProcessingInitializeOnLoad (58ms)
			ProcessInitializeOnLoadAttributes (163ms)
			ProcessInitializeOnLoadMethodAttributes (52ms)
			AfterProcessingInitializeOnLoad (0ms)
			EditorAssembliesLoaded (0ms)
		ExecutionOrderSort2 (0ms)
		AwakeInstancesAfterBackupRestoration (0ms)
========================================================================
Worker process is ready to serve import requests
Import Worker Mode flag is 0x00
Begin MonoManager ReloadAssembly
Symbol file LoadedFromMemory is not a mono symbol file
- Loaded All Assemblies, in  0.841 seconds
Refreshing native plugins compatible for Editor in 2.06 ms, found 1 plugins.
Native extension for WindowsStandalone target not found
Native extension for WebGL target not found
Mono: successfully reloaded assembly
- Finished resetting the current domain, in  0.840 seconds
Domain Reload Profiling: 1679ms
	BeginReloadAssembly (249ms)
		ExecutionOrderSort (0ms)
		DisableScriptedObjects (8ms)
		BackupInstance (0ms)
		ReleaseScriptingObjects (0ms)
		CreateAndSetChildDomain (44ms)
	RebuildCommonClasses (54ms)
	RebuildNativeTypeToScriptingClass (12ms)
	initialDomainReloadingComplete (35ms)
	LoadAllAssembliesAndSetupDomain (489ms)
		LoadAssemblies (450ms)
		RebuildTransferFunctionScriptingTraits (0ms)
		AnalyzeDomain (191ms)
			TypeCache.Refresh (142ms)
				TypeCache.ScanAssembly (120ms)
			BuildScriptInfoCaches (38ms)
			ResolveRequiredComponents (6ms)
	FinalizeReload (840ms)
		ReleaseScriptCaches (0ms)
		RebuildScriptCaches (0ms)
		SetupLoadedEditorAssemblies (601ms)
			LogAssemblyErrors (0ms)
			InitializePlatformSupportModulesInManaged (9ms)
			SetLoadedEditorAssemblies (10ms)
			BeforeProcessingInitializeOnLoad (147ms)
			ProcessInitializeOnLoadAttributes (372ms)
			ProcessInitializeOnLoadMethodAttributes (56ms)
			AfterProcessingInitializeOnLoad (7ms)
			EditorAssembliesLoaded (1ms)
		ExecutionOrderSort2 (0ms)
		AwakeInstancesAfterBackupRestoration (7ms)
Launched and connected shader compiler UnityShaderCompiler.exe after 0.02 seconds
Refreshing native plugins compatible for Editor in 4.45 ms, found 1 plugins.
Preloading 0 native plugins for Editor in 0.00 ms.
Unloading 12 Unused Serialized files (Serialized files now loaded: 0)
Unloading 2430 unused Assets / (0.7 MB). Loaded Objects now: 2923.
Memory consumption went from 77.9 MB to 77.2 MB.
Total: 14.698200 ms (FindLiveObjects: 1.167800 ms CreateObjectMapping: 0.485400 ms MarkObjects: 11.362000 ms  DeleteObjects: 1.677400 ms)

========================================================================
Received Import Request.
  Time since last request: 909340.594472 seconds.
  path: Assets/Cubemap
  artifactKey: Guid(1dd55f90efc3b0943bf964a50c49f0b0) Importer(815301076,1909f56bfc062723c751e8b465ee728b)
Start importing Assets/Cubemap using Guid(1dd55f90efc3b0943bf964a50c49f0b0) Importer(815301076,1909f56bfc062723c751e8b465ee728b) (PreviewImporter) -> (artifact id: 'eb9f10c19d034365d451e3950feedc70') in 0.0160474 seconds
Number of updated asset objects reloaded before import = 0Number of asset objects unloaded after import = 0

========================================================================
Received Import Request.
  Time since last request: 6.065052 seconds.
  path: Assets/Resources/ComboBox/imgCollapse.png
  artifactKey: Guid(241ad2f4bf466ae4590dcac572d1f1ee) Importer(815301076,1909f56bfc062723c751e8b465ee728b)
Start importing Assets/Resources/ComboBox/imgCollapse.png using Guid(241ad2f4bf466ae4590dcac572d1f1ee) Importer(815301076,1909f56bfc062723c751e8b465ee728b) (PreviewImporter) -> (artifact id: '755786b6c1381ce88ba1515eff1b6330') in 0.0669708 seconds
Number of updated asset objects reloaded before import = 0Number of asset objects unloaded after import = 2

========================================================================
Received Import Request.
  Time since last request: 3.873895 seconds.
  path: Assets/Scene/Intro.unity
  artifactKey: Guid(07629547d9363854383c2d6c832a8828) Importer(815301076,1909f56bfc062723c751e8b465ee728b)
Start importing Assets/Scene/Intro.unity using Guid(07629547d9363854383c2d6c832a8828) Importer(815301076,1909f56bfc062723c751e8b465ee728b) (PreviewImporter) -> (artifact id: '494df5b4958ece32739e451abac03b3e') in 0.0006738 seconds
Number of updated asset objects reloaded before import = 0Number of asset objects unloaded after import = 0

========================================================================
Received Import Request.
  Time since last request: 3.349124 seconds.
  path: Assets/Scene/NROL.unity
  artifactKey: Guid(825b468e7b1a3944eb5bb0b2982b2884) Importer(815301076,1909f56bfc062723c751e8b465ee728b)
Start importing Assets/Scene/NROL.unity using Guid(825b468e7b1a3944eb5bb0b2982b2884) Importer(815301076,1909f56bfc062723c751e8b465ee728b) (PreviewImporter) -> (artifact id: '3ca29056a2849810fc2f554ade43c4a7') in 0.0006715 seconds
Number of updated asset objects reloaded before import = 0Number of asset objects unloaded after import = 0

========================================================================
Received Import Request.
  Time since last request: 8.765027 seconds.
  path: Assets/EHVN/EHVN.FileChooser.asmdef
  artifactKey: Guid(f43d0f8995cca5c4798f18a0704f9a8c) Importer(815301076,1909f56bfc062723c751e8b465ee728b)
Start importing Assets/EHVN/EHVN.FileChooser.asmdef using Guid(f43d0f8995cca5c4798f18a0704f9a8c) Importer(815301076,1909f56bfc062723c751e8b465ee728b) (PreviewImporter) -> (artifact id: '084890b4cc31ef9fddf1f52151f84080') in 0.0005174 seconds
Number of updated asset objects reloaded before import = 0Number of asset objects unloaded after import = 0

========================================================================
Received Import Request.
  Time since last request: 0.718024 seconds.
  path: Assets/mgGif/mgGif.asmdef
  artifactKey: Guid(8c7a143af4c05044aa341fdaafef731f) Importer(815301076,1909f56bfc062723c751e8b465ee728b)
Start importing Assets/mgGif/mgGif.asmdef using Guid(8c7a143af4c05044aa341fdaafef731f) Importer(815301076,1909f56bfc062723c751e8b465ee728b) (PreviewImporter) -> (artifact id: '9f2f516ca627e24f3046f93f8bc46b0a') in 0.000498 seconds
Number of updated asset objects reloaded before import = 0Number of asset objects unloaded after import = 0

========================================================================
Received Import Request.
  Time since last request: 0.624526 seconds.
  path: Assets/MonoHook/MisakaMikotoTech.MonoHook.asmdef
  artifactKey: Guid(92b2d97641881bd429acba75ed6774f4) Importer(815301076,1909f56bfc062723c751e8b465ee728b)
Start importing Assets/MonoHook/MisakaMikotoTech.MonoHook.asmdef using Guid(92b2d97641881bd429acba75ed6774f4) Importer(815301076,1909f56bfc062723c751e8b465ee728b) (PreviewImporter) -> (artifact id: 'd484aa8b94748372b71dfbad2e2f84cd') in 0.0005256 seconds
Number of updated asset objects reloaded before import = 0Number of asset objects unloaded after import = 0

========================================================================
Received Import Request.
  Time since last request: 2.690614 seconds.
  path: Assets/Resources/57.png
  artifactKey: Guid(231890b6f9efa83469dd4ad71fd64e34) Importer(815301076,1909f56bfc062723c751e8b465ee728b)
Start importing Assets/Resources/57.png using Guid(231890b6f9efa83469dd4ad71fd64e34) Importer(815301076,1909f56bfc062723c751e8b465ee728b) (PreviewImporter) -> (artifact id: '821c5d05c6137d39144fe7a487e30f5c') in 0.0196872 seconds
Number of updated asset objects reloaded before import = 0Number of asset objects unloaded after import = 2

========================================================================
Received Import Request.
  Time since last request: 0.000027 seconds.
  path: Assets/Resources/144.png
  artifactKey: Guid(78e50d96c04768049b82395445ba1a38) Importer(815301076,1909f56bfc062723c751e8b465ee728b)
Start importing Assets/Resources/144.png using Guid(78e50d96c04768049b82395445ba1a38) Importer(815301076,1909f56bfc062723c751e8b465ee728b) (PreviewImporter) -> (artifact id: 'ea1bdef3ded7dd2876b3f969bd575c48') in 0.0249481 seconds
Number of updated asset objects reloaded before import = 0Number of asset objects unloaded after import = 2

========================================================================
Received Import Request.
  Time since last request: 0.000045 seconds.
  path: Assets/Resources/2048x1536.png
  artifactKey: Guid(1d1668f1558f03144bd909ed06f58733) Importer(815301076,1909f56bfc062723c751e8b465ee728b)
Start importing Assets/Resources/2048x1536.png using Guid(1d1668f1558f03144bd909ed06f58733) Importer(815301076,1909f56bfc062723c751e8b465ee728b) (PreviewImporter) -> (artifact id: '5172a99f8d98708b9060aa732ed13ebc') in 0.0395678 seconds
Number of updated asset objects reloaded before import = 0Number of asset objects unloaded after import = 2

========================================================================
Received Import Request.
  Time since last request: 0.000039 seconds.
  path: Assets/Resources/320x480.png
  artifactKey: Guid(8e94365836de7ba42b1a2ac4a8f92ef9) Importer(815301076,1909f56bfc062723c751e8b465ee728b)
Start importing Assets/Resources/320x480.png using Guid(8e94365836de7ba42b1a2ac4a8f92ef9) Importer(815301076,1909f56bfc062723c751e8b465ee728b) (PreviewImporter) -> (artifact id: '69343691524ec4376e8b0b8ae3b1e678') in 0.0289424 seconds
Number of updated asset objects reloaded before import = 0Number of asset objects unloaded after import = 2

========================================================================
Received Import Request.
  Time since last request: 0.000134 seconds.
  path: Assets/Resources/768x1024.png
  artifactKey: Guid(3cc80d9176ceb314fac2c26e671b34c8) Importer(815301076,1909f56bfc062723c751e8b465ee728b)
Start importing Assets/Resources/768x1024.png using Guid(3cc80d9176ceb314fac2c26e671b34c8) Importer(815301076,1909f56bfc062723c751e8b465ee728b) (PreviewImporter) -> (artifact id: 'c4bd72e1599deac02139382989f42c50') in 0.0379611 seconds
Number of updated asset objects reloaded before import = 0Number of asset objects unloaded after import = 2

========================================================================
Received Import Request.
  Time since last request: 0.000038 seconds.
  path: Assets/Resources/1024x768.png
  artifactKey: Guid(8c820b0637baef646b0a39f83e9118a2) Importer(815301076,1909f56bfc062723c751e8b465ee728b)
Start importing Assets/Resources/1024x768.png using Guid(8c820b0637baef646b0a39f83e9118a2) Importer(815301076,1909f56bfc062723c751e8b465ee728b) (PreviewImporter) -> (artifact id: 'fbba5f31df7ab4b9801bb05755074d1d') in 0.0340116 seconds
Number of updated asset objects reloaded before import = 0Number of asset objects unloaded after import = 2

========================================================================
Received Import Request.
  Time since last request: 10.009161 seconds.
  path: Assets/Resources/Controller/Xbox/B_dark.png
  artifactKey: Guid(615b3400a860fe04b8e3fd82d583e18a) Importer(815301076,1909f56bfc062723c751e8b465ee728b)
Start importing Assets/Resources/Controller/Xbox/B_dark.png using Guid(615b3400a860fe04b8e3fd82d583e18a) Importer(815301076,1909f56bfc062723c751e8b465ee728b) (PreviewImporter) -> (artifact id: '4e0f51d4dfaa7620d7ee3f7665960b8c') in 0.0215432 seconds
Number of updated asset objects reloaded before import = 0Number of asset objects unloaded after import = 2

========================================================================
Received Import Request.
  Time since last request: 0.000063 seconds.
  path: Assets/Resources/Controller/Xbox/X_dark.png
  artifactKey: Guid(10e467716a3788c419d73c34ed27bdcb) Importer(815301076,1909f56bfc062723c751e8b465ee728b)
Start importing Assets/Resources/Controller/Xbox/X_dark.png using Guid(10e467716a3788c419d73c34ed27bdcb) Importer(815301076,1909f56bfc062723c751e8b465ee728b) (PreviewImporter) -> (artifact id: '9e82241262069be4389ec3483751fbd9') in 0.016131 seconds
Number of updated asset objects reloaded before import = 0Number of asset objects unloaded after import = 2

========================================================================
Received Import Request.
  Time since last request: 0.000024 seconds.
  path: Assets/Resources/Controller/Xbox/R_dark.png
  artifactKey: Guid(608c268df9379654d9e73154d888c09e) Importer(815301076,1909f56bfc062723c751e8b465ee728b)
Start importing Assets/Resources/Controller/Xbox/R_dark.png using Guid(608c268df9379654d9e73154d888c09e) Importer(815301076,1909f56bfc062723c751e8b465ee728b) (PreviewImporter) -> (artifact id: 'da44645325e3c8da7a9ef74892d99b7b') in 0.0184749 seconds
Number of updated asset objects reloaded before import = 0Number of asset objects unloaded after import = 2

========================================================================
Received Import Request.
  Time since last request: 0.000026 seconds.
  path: Assets/Resources/Controller/Xbox/R_light.png
  artifactKey: Guid(5deebe5b4ca57034b9fd86c1878bb82c) Importer(815301076,1909f56bfc062723c751e8b465ee728b)
Start importing Assets/Resources/Controller/Xbox/R_light.png using Guid(5deebe5b4ca57034b9fd86c1878bb82c) Importer(815301076,1909f56bfc062723c751e8b465ee728b) (PreviewImporter) -> (artifact id: 'be04d58e361f7498c7986f7c74e19641') in 0.0199892 seconds
Number of updated asset objects reloaded before import = 0Number of asset objects unloaded after import = 2

========================================================================
Received Import Request.
  Time since last request: 0.000028 seconds.
  path: Assets/Resources/Controller/Xbox/LT_dark.png
  artifactKey: Guid(0b3089468b4528849ad48c40c9e664de) Importer(815301076,1909f56bfc062723c751e8b465ee728b)
Start importing Assets/Resources/Controller/Xbox/LT_dark.png using Guid(0b3089468b4528849ad48c40c9e664de) Importer(815301076,1909f56bfc062723c751e8b465ee728b) (PreviewImporter) -> (artifact id: '939bde7ed64a473899c5cb427f7f52ba') in 0.0180931 seconds
Number of updated asset objects reloaded before import = 0Number of asset objects unloaded after import = 2

========================================================================
Received Import Request.
  Time since last request: 0.000071 seconds.
  path: Assets/Resources/Controller/Xbox/Digipad_up_dark.png
  artifactKey: Guid(819ea7bbc7f40cd4e9ba4a4868079842) Importer(815301076,1909f56bfc062723c751e8b465ee728b)
Start importing Assets/Resources/Controller/Xbox/Digipad_up_dark.png using Guid(819ea7bbc7f40cd4e9ba4a4868079842) Importer(815301076,1909f56bfc062723c751e8b465ee728b) (PreviewImporter) -> (artifact id: 'ff638f2b9d087b9840088a6f4341e421') in 0.0189897 seconds
Number of updated asset objects reloaded before import = 0Number of asset objects unloaded after import = 2

========================================================================
Received Import Request.
  Time since last request: 0.000032 seconds.
  path: Assets/Resources/Controller/Xbox/Y_dark.png
  artifactKey: Guid(c22dbc739fa1aae429d66fcb2ad56041) Importer(815301076,1909f56bfc062723c751e8b465ee728b)
Start importing Assets/Resources/Controller/Xbox/Y_dark.png using Guid(c22dbc739fa1aae429d66fcb2ad56041) Importer(815301076,1909f56bfc062723c751e8b465ee728b) (PreviewImporter) -> (artifact id: '9ba4ac3727beb0af0cfc7d481cc635c5') in 0.0179653 seconds
Number of updated asset objects reloaded before import = 0Number of asset objects unloaded after import = 2

========================================================================
Received Import Request.
  Time since last request: 0.000030 seconds.
  path: Assets/Resources/Controller/Xbox/RT_dark.png
  artifactKey: Guid(8e35ce148fcfe6e49b717bc84ba2f876) Importer(815301076,1909f56bfc062723c751e8b465ee728b)
Start importing Assets/Resources/Controller/Xbox/RT_dark.png using Guid(8e35ce148fcfe6e49b717bc84ba2f876) Importer(815301076,1909f56bfc062723c751e8b465ee728b) (PreviewImporter) -> (artifact id: 'f81346bc24d6ebf313a8cb1f32eace81') in 0.0245988 seconds
Number of updated asset objects reloaded before import = 0Number of asset objects unloaded after import = 2

========================================================================
Received Import Request.
  Time since last request: 2.065444 seconds.
  path: Assets/Resources/fontsys/x2/chelthm.ttf
  artifactKey: Guid(9c402bb2527d1ef4f9693cbf6e68d86c) Importer(815301076,1909f56bfc062723c751e8b465ee728b)
Start importing Assets/Resources/fontsys/x2/chelthm.ttf using Guid(9c402bb2527d1ef4f9693cbf6e68d86c) Importer(815301076,1909f56bfc062723c751e8b465ee728b) (PreviewImporter) -> (artifact id: '8f38449cd51085dccf57a55fddd4efd7') in 0.077158 seconds
Number of updated asset objects reloaded before import = 0Number of asset objects unloaded after import = 4

========================================================================
Received Import Request.
  Time since last request: 0.452575 seconds.
  path: Assets/Resources/fontsys/x3/chelthm.ttf
  artifactKey: Guid(2bc11ac6fa8ef08408d452fff10d4c30) Importer(815301076,1909f56bfc062723c751e8b465ee728b)
Start importing Assets/Resources/fontsys/x3/chelthm.ttf using Guid(2bc11ac6fa8ef08408d452fff10d4c30) Importer(815301076,1909f56bfc062723c751e8b465ee728b) (PreviewImporter) -> (artifact id: 'df5790fc0cafc88323dd23f869a749a1') in 0.0126269 seconds
Number of updated asset objects reloaded before import = 0Number of asset objects unloaded after import = 4

========================================================================
Received Import Request.
  Time since last request: 0.871179 seconds.
  path: Assets/Resources/fontsys/x4/chelthm.ttf
  artifactKey: Guid(5eff4aa8b4841f044944b2a8189477ca) Importer(815301076,1909f56bfc062723c751e8b465ee728b)
Start importing Assets/Resources/fontsys/x4/chelthm.ttf using Guid(5eff4aa8b4841f044944b2a8189477ca) Importer(815301076,1909f56bfc062723c751e8b465ee728b) (PreviewImporter) -> (artifact id: 'c8bc8b4f45a345e2f84f92f8031ba5ed') in 0.0149295 seconds
Number of updated asset objects reloaded before import = 0Number of asset objects unloaded after import = 4

========================================================================
Received Import Request.
  Time since last request: 2.817615 seconds.
  path: Assets/Resources/InGameAccountManager/img/addMultiple.png
  artifactKey: Guid(fd2110e814a68a84298f79beb4b989fd) Importer(815301076,1909f56bfc062723c751e8b465ee728b)
Start importing Assets/Resources/InGameAccountManager/img/addMultiple.png using Guid(fd2110e814a68a84298f79beb4b989fd) Importer(815301076,1909f56bfc062723c751e8b465ee728b) (PreviewImporter) -> (artifact id: '43f46880e9410f078bd8a1f98fde3be8') in 0.0191873 seconds
Number of updated asset objects reloaded before import = 0Number of asset objects unloaded after import = 2

========================================================================
Received Import Request.
  Time since last request: 0.000016 seconds.
  path: Assets/Resources/InGameAccountManager/img/namekOverlay.png
  artifactKey: Guid(1b13f7bc12a34344bbbea01e35949463) Importer(815301076,1909f56bfc062723c751e8b465ee728b)
Start importing Assets/Resources/InGameAccountManager/img/namekOverlay.png using Guid(1b13f7bc12a34344bbbea01e35949463) Importer(815301076,1909f56bfc062723c751e8b465ee728b) (PreviewImporter) -> (artifact id: '633ad4a08a0d0a5f60238e07c05ddc05') in 0.026916 seconds
Number of updated asset objects reloaded before import = 0Number of asset objects unloaded after import = 2

========================================================================
Received Import Request.
  Time since last request: 0.000026 seconds.
  path: Assets/Resources/InGameAccountManager/img/help.png
  artifactKey: Guid(cd8a256e129fdd94a98d4e8df61fbbab) Importer(815301076,1909f56bfc062723c751e8b465ee728b)
Start importing Assets/Resources/InGameAccountManager/img/help.png using Guid(cd8a256e129fdd94a98d4e8df61fbbab) Importer(815301076,1909f56bfc062723c751e8b465ee728b) (PreviewImporter) -> (artifact id: 'c977162baf493c10ef36bf256ad30752') in 0.0187895 seconds
Number of updated asset objects reloaded before import = 0Number of asset objects unloaded after import = 2

========================================================================
Received Import Request.
  Time since last request: 10.747145 seconds.
  path: Assets/Resources/res/music/1.wav
  artifactKey: Guid(9f65a5b650db28a44ae256cad1ba4dcf) Importer(815301076,1909f56bfc062723c751e8b465ee728b)
Start importing Assets/Resources/res/music/1.wav using Guid(9f65a5b650db28a44ae256cad1ba4dcf) Importer(815301076,1909f56bfc062723c751e8b465ee728b) (PreviewImporter) -> (artifact id: '72d9a7f2be02619a56b51c7d9e9a6de9') in 0.0559159 seconds
Number of updated asset objects reloaded before import = 0Number of asset objects unloaded after import = 2

========================================================================
Received Import Request.
  Time since last request: 4.877531 seconds.
  path: Assets/Resources/res/x1/redeye.png
  artifactKey: Guid(d9e30274c131abe458400142336de1e9) Importer(815301076,1909f56bfc062723c751e8b465ee728b)
Start importing Assets/Resources/res/x1/redeye.png using Guid(d9e30274c131abe458400142336de1e9) Importer(815301076,1909f56bfc062723c751e8b465ee728b) (PreviewImporter) -> (artifact id: '24992f833ebed6b694f9ac6e11b11d10') in 0.0334609 seconds
Number of updated asset objects reloaded before import = 0Number of asset objects unloaded after import = 3

========================================================================
Received Import Request.
  Time since last request: 3.274844 seconds.
  path: Assets/Resources/res/x1/bg/b00.png
  artifactKey: Guid(e7a11a442abd3134bbafaf651a2815b0) Importer(815301076,1909f56bfc062723c751e8b465ee728b)
Start importing Assets/Resources/res/x1/bg/b00.png using Guid(e7a11a442abd3134bbafaf651a2815b0) Importer(815301076,1909f56bfc062723c751e8b465ee728b) (PreviewImporter) -> (artifact id: '51b7e1d5e92857695ac5e5fa93504702') in 0.0254569 seconds
Number of updated asset objects reloaded before import = 0Number of asset objects unloaded after import = 3

========================================================================
Received Import Request.
  Time since last request: 0.000021 seconds.
  path: Assets/Resources/res/x1/bg/b20.png
  artifactKey: Guid(29b201f4ba4d48f4683c20b9149c79ce) Importer(815301076,1909f56bfc062723c751e8b465ee728b)
Start importing Assets/Resources/res/x1/bg/b20.png using Guid(29b201f4ba4d48f4683c20b9149c79ce) Importer(815301076,1909f56bfc062723c751e8b465ee728b) (PreviewImporter) -> (artifact id: '1d99da086f96cab3f59b1bdade2d7190') in 0.0175167 seconds
Number of updated asset objects reloaded before import = 0Number of asset objects unloaded after import = 3

========================================================================
Received Import Request.
  Time since last request: 0.000024 seconds.
  path: Assets/Resources/res/x1/bg/b24.png
  artifactKey: Guid(d75c2918f0bd0aa4680779b05be8e0ca) Importer(815301076,1909f56bfc062723c751e8b465ee728b)
Start importing Assets/Resources/res/x1/bg/b24.png using Guid(d75c2918f0bd0aa4680779b05be8e0ca) Importer(815301076,1909f56bfc062723c751e8b465ee728b) (PreviewImporter) -> (artifact id: '7596886188b3c2b3835f0248d6f83076') in 0.0196698 seconds
Number of updated asset objects reloaded before import = 0Number of asset objects unloaded after import = 3

========================================================================
Received Import Request.
  Time since last request: 0.000017 seconds.
  path: Assets/Resources/res/x1/bg/b50.png
  artifactKey: Guid(f29c762986a761e4e94c7d50ae8ad911) Importer(815301076,1909f56bfc062723c751e8b465ee728b)
Start importing Assets/Resources/res/x1/bg/b50.png using Guid(f29c762986a761e4e94c7d50ae8ad911) Importer(815301076,1909f56bfc062723c751e8b465ee728b) (PreviewImporter) -> (artifact id: '31f1243c94e9640f3cb6bf08349f2493') in 0.0243798 seconds
Number of updated asset objects reloaded before import = 0Number of asset objects unloaded after import = 3

========================================================================
Received Import Request.
  Time since last request: 0.000017 seconds.
  path: Assets/Resources/res/x1/bg/b62.png
  artifactKey: Guid(501906df5b8c4e14fa46233f98577ad1) Importer(815301076,1909f56bfc062723c751e8b465ee728b)
Start importing Assets/Resources/res/x1/bg/b62.png using Guid(501906df5b8c4e14fa46233f98577ad1) Importer(815301076,1909f56bfc062723c751e8b465ee728b) (PreviewImporter) -> (artifact id: '5ed8a9157795cb5429b73a5d7738aab1') in 0.0246436 seconds
Number of updated asset objects reloaded before import = 0Number of asset objects unloaded after import = 3

========================================================================
Received Import Request.
  Time since last request: 0.000028 seconds.
  path: Assets/Resources/res/x1/bg/b72.png
  artifactKey: Guid(5c3f69f93e6afde45971a1817672e793) Importer(815301076,1909f56bfc062723c751e8b465ee728b)
Start importing Assets/Resources/res/x1/bg/b72.png using Guid(5c3f69f93e6afde45971a1817672e793) Importer(815301076,1909f56bfc062723c751e8b465ee728b) (PreviewImporter) -> (artifact id: '1cb80ddb8369f0223209f5291ce90cfa') in 0.0230786 seconds
Number of updated asset objects reloaded before import = 0Number of asset objects unloaded after import = 3

========================================================================
Received Import Request.
  Time since last request: 0.000046 seconds.
  path: Assets/Resources/res/x1/bg/b91.png
  artifactKey: Guid(f023b49371bcee240816b8601969a0f1) Importer(815301076,1909f56bfc062723c751e8b465ee728b)
Start importing Assets/Resources/res/x1/bg/b91.png using Guid(f023b49371bcee240816b8601969a0f1) Importer(815301076,1909f56bfc062723c751e8b465ee728b) (PreviewImporter) -> (artifact id: '5a44f3ac04e42b6754d122ca85ffef88') in 0.0222132 seconds
Number of updated asset objects reloaded before import = 0Number of asset objects unloaded after import = 3

========================================================================
Received Import Request.
  Time since last request: 0.000069 seconds.
  path: Assets/Resources/res/x1/bg/b52.png
  artifactKey: Guid(85cfc874c1be0de41b7621dbce22d1ac) Importer(815301076,1909f56bfc062723c751e8b465ee728b)
Start importing Assets/Resources/res/x1/bg/b52.png using Guid(85cfc874c1be0de41b7621dbce22d1ac) Importer(815301076,1909f56bfc062723c751e8b465ee728b) (PreviewImporter) -> (artifact id: '129e11190462c13585bd145e0b3d86a3') in 0.0234865 seconds
Number of updated asset objects reloaded before import = 0Number of asset objects unloaded after import = 3

========================================================================
Received Import Request.
  Time since last request: 0.000034 seconds.
  path: Assets/Resources/res/x1/bg/b32.png
  artifactKey: Guid(9c46cf7ddc400c74cb208610b0c76462) Importer(815301076,1909f56bfc062723c751e8b465ee728b)
Start importing Assets/Resources/res/x1/bg/b32.png using Guid(9c46cf7ddc400c74cb208610b0c76462) Importer(815301076,1909f56bfc062723c751e8b465ee728b) (PreviewImporter) -> (artifact id: '92d09081338c22675b3dd6fe284ec569') in 0.0208942 seconds
Number of updated asset objects reloaded before import = 0Number of asset objects unloaded after import = 3

========================================================================
Received Import Request.
  Time since last request: 0.000129 seconds.
  path: Assets/Resources/res/x1/bg/b70.png
  artifactKey: Guid(74d57d90f96a57042a58ed06fca1a3bf) Importer(815301076,1909f56bfc062723c751e8b465ee728b)
Start importing Assets/Resources/res/x1/bg/b70.png using Guid(74d57d90f96a57042a58ed06fca1a3bf) Importer(815301076,1909f56bfc062723c751e8b465ee728b) (PreviewImporter) -> (artifact id: '4cc5fcc82392fe3efa717485c5c4ff6c') in 0.0215092 seconds
Number of updated asset objects reloaded before import = 0Number of asset objects unloaded after import = 3

========================================================================
Received Import Request.
  Time since last request: 0.000069 seconds.
  path: Assets/Resources/res/x1/bg/b43.png
  artifactKey: Guid(cfab78bbcad6dd04f9f36a13f7f5cab6) Importer(815301076,1909f56bfc062723c751e8b465ee728b)
Start importing Assets/Resources/res/x1/bg/b43.png using Guid(cfab78bbcad6dd04f9f36a13f7f5cab6) Importer(815301076,1909f56bfc062723c751e8b465ee728b) (PreviewImporter) -> (artifact id: '14b636a04709264e48557888fe102155') in 0.0208716 seconds
Number of updated asset objects reloaded before import = 0Number of asset objects unloaded after import = 3

========================================================================
Received Import Request.
  Time since last request: 0.000062 seconds.
  path: Assets/Resources/res/x1/bg/b12.png
  artifactKey: Guid(a56f1dc63ff725e47bc2462e419ee8bc) Importer(815301076,1909f56bfc062723c751e8b465ee728b)
Start importing Assets/Resources/res/x1/bg/b12.png using Guid(a56f1dc63ff725e47bc2462e419ee8bc) Importer(815301076,1909f56bfc062723c751e8b465ee728b) (PreviewImporter) -> (artifact id: '19c5465baef679d2ce1627d38f1665ad') in 0.022175 seconds
Number of updated asset objects reloaded before import = 0Number of asset objects unloaded after import = 3

========================================================================
Received Import Request.
  Time since last request: 0.000055 seconds.
  path: Assets/Resources/res/x1/bg/b64.png
  artifactKey: Guid(416794de7c75ec14db0dff174cb321bf) Importer(815301076,1909f56bfc062723c751e8b465ee728b)
Start importing Assets/Resources/res/x1/bg/b64.png using Guid(416794de7c75ec14db0dff174cb321bf) Importer(815301076,1909f56bfc062723c751e8b465ee728b) (PreviewImporter) -> (artifact id: '45933f90a0f4f08fe46bbe42c8d96469') in 0.0210626 seconds
Number of updated asset objects reloaded before import = 0Number of asset objects unloaded after import = 3

========================================================================
Received Import Request.
  Time since last request: 1.001880 seconds.
  path: Assets/Resources/res/x1/bg/b93.png
  artifactKey: Guid(85b09fcc9a3bfc140927befde993e9cc) Importer(815301076,1909f56bfc062723c751e8b465ee728b)
Start importing Assets/Resources/res/x1/bg/b93.png using Guid(85b09fcc9a3bfc140927befde993e9cc) Importer(815301076,1909f56bfc062723c751e8b465ee728b) (PreviewImporter) -> (artifact id: '4ff367bfcdb380dcd6de40ecb5f4bbc2') in 0.0195956 seconds
Number of updated asset objects reloaded before import = 0Number of asset objects unloaded after import = 3

========================================================================
Received Import Request.
  Time since last request: 0.000020 seconds.
  path: Assets/Resources/res/x1/bg/b111.png
  artifactKey: Guid(61e0ff2ab7ada594e9b567ead58f3e3e) Importer(815301076,1909f56bfc062723c751e8b465ee728b)
Start importing Assets/Resources/res/x1/bg/b111.png using Guid(61e0ff2ab7ada594e9b567ead58f3e3e) Importer(815301076,1909f56bfc062723c751e8b465ee728b) (PreviewImporter) -> (artifact id: '87e120fa095d9798a73ddf09f2a5bf02') in 0.0217995 seconds
Number of updated asset objects reloaded before import = 0Number of asset objects unloaded after import = 3

========================================================================
Received Import Request.
  Time since last request: 0.000024 seconds.
  path: Assets/Resources/res/x1/bg/b111-2.png
  artifactKey: Guid(3d52a98391af34b4fbc4c309c43e0d8c) Importer(815301076,1909f56bfc062723c751e8b465ee728b)
Start importing Assets/Resources/res/x1/bg/b111-2.png using Guid(3d52a98391af34b4fbc4c309c43e0d8c) Importer(815301076,1909f56bfc062723c751e8b465ee728b) (PreviewImporter) -> (artifact id: 'fef41de01b7e6bcc87f569b55e1f2fa6') in 0.0201421 seconds
Number of updated asset objects reloaded before import = 0Number of asset objects unloaded after import = 3

========================================================================
Received Import Request.
  Time since last request: 0.000015 seconds.
  path: Assets/Resources/res/x1/bg/b110-1.png
  artifactKey: Guid(69ecf642396845b48b79dabd21aca390) Importer(815301076,1909f56bfc062723c751e8b465ee728b)
Start importing Assets/Resources/res/x1/bg/b110-1.png using Guid(69ecf642396845b48b79dabd21aca390) Importer(815301076,1909f56bfc062723c751e8b465ee728b) (PreviewImporter) -> (artifact id: 'a676854049f7d2f63780f9e95bea7666') in 0.0225997 seconds
Number of updated asset objects reloaded before import = 0Number of asset objects unloaded after import = 3

========================================================================
Received Import Request.
  Time since last request: 8.195699 seconds.
  path: Assets/Resources/res/x2/redeye.png
  artifactKey: Guid(b345158bf05c728439f15a3444b73e7d) Importer(815301076,1909f56bfc062723c751e8b465ee728b)
Start importing Assets/Resources/res/x2/redeye.png using Guid(b345158bf05c728439f15a3444b73e7d) Importer(815301076,1909f56bfc062723c751e8b465ee728b) (PreviewImporter) -> (artifact id: 'bf468723d23ec30ee73a2a5236e80f87') in 0.0235139 seconds
Number of updated asset objects reloaded before import = 0Number of asset objects unloaded after import = 3

========================================================================
Received Import Request.
  Time since last request: 28.731590 seconds.
  path: Assets/Resources/res/x2/pc/chat2.png
  artifactKey: Guid(c07f20ddd2541da4e804f20576f9ceff) Importer(815301076,1909f56bfc062723c751e8b465ee728b)
Start importing Assets/Resources/res/x2/pc/chat2.png using Guid(c07f20ddd2541da4e804f20576f9ceff) Importer(815301076,1909f56bfc062723c751e8b465ee728b) (PreviewImporter) -> (artifact id: '48381c954970e78e63a22e96d80bc99b') in 0.0241146 seconds
Number of updated asset objects reloaded before import = 0Number of asset objects unloaded after import = 3

========================================================================
Received Import Request.
  Time since last request: 1.120934 seconds.
  path: Assets/Resources/res/x2/mainimage/btn0mid.png
  artifactKey: Guid(ac95ac06be40578488a7a08a9aad4d03) Importer(815301076,1909f56bfc062723c751e8b465ee728b)
Start importing Assets/Resources/res/x2/mainimage/btn0mid.png using Guid(ac95ac06be40578488a7a08a9aad4d03) Importer(815301076,1909f56bfc062723c751e8b465ee728b) (PreviewImporter) -> (artifact id: '2779a506d1ee834256f498c3cc260e1d') in 0.0164481 seconds
Number of updated asset objects reloaded before import = 0Number of asset objects unloaded after import = 3

========================================================================
Received Import Request.
  Time since last request: 0.000026 seconds.
  path: Assets/Resources/res/x2/mainimage/myTexture2danalog2.png
  artifactKey: Guid(5bd3705ef8d463a44a1e0900bb6b724c) Importer(815301076,1909f56bfc062723c751e8b465ee728b)
Start importing Assets/Resources/res/x2/mainimage/myTexture2danalog2.png using Guid(5bd3705ef8d463a44a1e0900bb6b724c) Importer(815301076,1909f56bfc062723c751e8b465ee728b) (PreviewImporter) -> (artifact id: 'cbf98348824c6b23f24f0f55b346f17e') in 0.0213523 seconds
Number of updated asset objects reloaded before import = 0Number of asset objects unloaded after import = 3

========================================================================
Received Import Request.
  Time since last request: 0.000025 seconds.
  path: Assets/Resources/res/x2/mainimage/luongkhoa.png
  artifactKey: Guid(7052c118bed54fa4cbd3d18eeaf878c8) Importer(815301076,1909f56bfc062723c751e8b465ee728b)
Start importing Assets/Resources/res/x2/mainimage/luongkhoa.png using Guid(7052c118bed54fa4cbd3d18eeaf878c8) Importer(815301076,1909f56bfc062723c751e8b465ee728b) (PreviewImporter) -> (artifact id: 'e111f30c9343e0c0990dbe0f82c9a29b') in 0.0226309 seconds
Number of updated asset objects reloaded before import = 0Number of asset objects unloaded after import = 3

========================================================================
Received Import Request.
  Time since last request: 0.000024 seconds.
  path: Assets/Resources/res/x2/mainimage/myTexture2dcanhrong.png
  artifactKey: Guid(baac3a5970423704497f68b1901638d7) Importer(815301076,1909f56bfc062723c751e8b465ee728b)
Start importing Assets/Resources/res/x2/mainimage/myTexture2dcanhrong.png using Guid(baac3a5970423704497f68b1901638d7) Importer(815301076,1909f56bfc062723c751e8b465ee728b) (PreviewImporter) -> (artifact id: 'b8b76d4008954af4424e4348c9342c25') in 0.0242278 seconds
Number of updated asset objects reloaded before import = 0Number of asset objects unloaded after import = 3

========================================================================
Received Import Request.
  Time since last request: 0.000021 seconds.
  path: Assets/Resources/res/x2/mainimage/i_pve_bar_0.png
  artifactKey: Guid(39dabbdfa5041ac4fb07a961a8ecb37d) Importer(815301076,1909f56bfc062723c751e8b465ee728b)
Start importing Assets/Resources/res/x2/mainimage/i_pve_bar_0.png using Guid(39dabbdfa5041ac4fb07a961a8ecb37d) Importer(815301076,1909f56bfc062723c751e8b465ee728b) (PreviewImporter) -> (artifact id: '916a70c4eff9478d17289086d4da00ab') in 0.0203315 seconds
Number of updated asset objects reloaded before import = 0Number of asset objects unloaded after import = 3

========================================================================
Received Import Request.
  Time since last request: 0.000023 seconds.
  path: Assets/Resources/res/x2/mainimage/myTexture2dbtX.png
  artifactKey: Guid(6a5e60e4deb2f514a9419310a2fa94dd) Importer(815301076,1909f56bfc062723c751e8b465ee728b)
Start importing Assets/Resources/res/x2/mainimage/myTexture2dbtX.png using Guid(6a5e60e4deb2f514a9419310a2fa94dd) Importer(815301076,1909f56bfc062723c751e8b465ee728b) (PreviewImporter) -> (artifact id: 'afc0e6b416d255ad439036e532b91859') in 0.0238623 seconds
Number of updated asset objects reloaded before import = 0Number of asset objects unloaded after import = 3

========================================================================
Received Import Request.
  Time since last request: 0.000043 seconds.
  path: Assets/Resources/res/x2/mainimage/myTexture2dchat2.png
  artifactKey: Guid(b56b14e31a5facb488deae0c17e3eae5) Importer(815301076,1909f56bfc062723c751e8b465ee728b)
Start importing Assets/Resources/res/x2/mainimage/myTexture2dchat2.png using Guid(b56b14e31a5facb488deae0c17e3eae5) Importer(815301076,1909f56bfc062723c751e8b465ee728b) (PreviewImporter) -> (artifact id: '00a5e65100faa55165617e93cf2979d3') in 0.0203472 seconds
Number of updated asset objects reloaded before import = 0Number of asset objects unloaded after import = 3

========================================================================
Received Import Request.
  Time since last request: 0.000044 seconds.
  path: Assets/Resources/res/x2/mainimage/i_pve_bar_1.png
  artifactKey: Guid(335c0f53c4fb66e4cbdbdfcb2c6565b8) Importer(815301076,1909f56bfc062723c751e8b465ee728b)
Start importing Assets/Resources/res/x2/mainimage/i_pve_bar_1.png using Guid(335c0f53c4fb66e4cbdbdfcb2c6565b8) Importer(815301076,1909f56bfc062723c751e8b465ee728b) (PreviewImporter) -> (artifact id: '385e00ba178d3d3e5111866972a9981f') in 0.0212387 seconds
Number of updated asset objects reloaded before import = 0Number of asset objects unloaded after import = 3

========================================================================
Received Import Request.
  Time since last request: 0.000019 seconds.
  path: Assets/Resources/res/x2/mainimage/myTexture2danalog1.png
  artifactKey: Guid(fbda02cf086d3604ba517c6573b19cff) Importer(815301076,1909f56bfc062723c751e8b465ee728b)
Start importing Assets/Resources/res/x2/mainimage/myTexture2danalog1.png using Guid(fbda02cf086d3604ba517c6573b19cff) Importer(815301076,1909f56bfc062723c751e8b465ee728b) (PreviewImporter) -> (artifact id: '2a78a7d52a027735a6283387ad7bbb81') in 0.0230374 seconds
Number of updated asset objects reloaded before import = 0Number of asset objects unloaded after import = 3

========================================================================
Received Import Request.
  Time since last request: 0.000023 seconds.
  path: Assets/Resources/res/x2/mainimage/myTexture2dbantay.png
  artifactKey: Guid(9f86ac04760b88a4b81deddfc8052b95) Importer(815301076,1909f56bfc062723c751e8b465ee728b)
Start importing Assets/Resources/res/x2/mainimage/myTexture2dbantay.png using Guid(9f86ac04760b88a4b81deddfc8052b95) Importer(815301076,1909f56bfc062723c751e8b465ee728b) (PreviewImporter) -> (artifact id: '1c67369ba695f19fe895325efa00b7f2') in 0.0216095 seconds
Number of updated asset objects reloaded before import = 0Number of asset objects unloaded after import = 3

========================================================================
Received Import Request.
  Time since last request: 0.000079 seconds.
  path: Assets/Resources/res/x2/mainimage/myTexture2dbd3.png
  artifactKey: Guid(a33750e2b6286f74e8912696543a7197) Importer(815301076,1909f56bfc062723c751e8b465ee728b)
Start importing Assets/Resources/res/x2/mainimage/myTexture2dbd3.png using Guid(a33750e2b6286f74e8912696543a7197) Importer(815301076,1909f56bfc062723c751e8b465ee728b) (PreviewImporter) -> (artifact id: 'bb0709b6155ade95f5343c4ce2e0dac6') in 0.019801 seconds
Number of updated asset objects reloaded before import = 0Number of asset objects unloaded after import = 3

========================================================================
Received Import Request.
  Time since last request: 0.000024 seconds.
  path: Assets/Resources/res/x2/mainimage/i_vs.png
  artifactKey: Guid(bc26ed3c4f41ce74286f81e74757193d) Importer(815301076,1909f56bfc062723c751e8b465ee728b)
Start importing Assets/Resources/res/x2/mainimage/i_vs.png using Guid(bc26ed3c4f41ce74286f81e74757193d) Importer(815301076,1909f56bfc062723c751e8b465ee728b) (PreviewImporter) -> (artifact id: '8c62f650423abb0e6c2f591df0ff757f') in 0.0216045 seconds
Number of updated asset objects reloaded before import = 0Number of asset objects unloaded after import = 3

========================================================================
Received Import Request.
  Time since last request: 0.000021 seconds.
  path: Assets/Resources/res/x2/mainimage/btn1left.png
  artifactKey: Guid(94af68d4c92733d47aff191c3b3f259d) Importer(815301076,1909f56bfc062723c751e8b465ee728b)
Start importing Assets/Resources/res/x2/mainimage/btn1left.png using Guid(94af68d4c92733d47aff191c3b3f259d) Importer(815301076,1909f56bfc062723c751e8b465ee728b) (PreviewImporter) -> (artifact id: 'c475885715d2d66f73de57280547fc66') in 0.0190288 seconds
Number of updated asset objects reloaded before import = 0Number of asset objects unloaded after import = 3

========================================================================
Received Import Request.
  Time since last request: 0.956880 seconds.
  path: Assets/Resources/res/x2/mainimage/myTexture2der.png
  artifactKey: Guid(9620d8e2e01e36242b1e31c880f0ca57) Importer(815301076,1909f56bfc062723c751e8b465ee728b)
Start importing Assets/Resources/res/x2/mainimage/myTexture2der.png using Guid(9620d8e2e01e36242b1e31c880f0ca57) Importer(815301076,1909f56bfc062723c751e8b465ee728b) (PreviewImporter) -> (artifact id: '267cb8157db3b9355da7a9c8d8531d95') in 0.0182739 seconds
Number of updated asset objects reloaded before import = 0Number of asset objects unloaded after import = 3

========================================================================
Received Import Request.
  Time since last request: 0.000018 seconds.
  path: Assets/Resources/res/x2/mainimage/myTexture2dflare.png
  artifactKey: Guid(90ed48947c014a942bf554ce0b89ddc5) Importer(815301076,1909f56bfc062723c751e8b465ee728b)
Start importing Assets/Resources/res/x2/mainimage/myTexture2dflare.png using Guid(90ed48947c014a942bf554ce0b89ddc5) Importer(815301076,1909f56bfc062723c751e8b465ee728b) (PreviewImporter) -> (artifact id: '52506f5772c97f5fd68fc790cfcc8e60') in 0.0198886 seconds
Number of updated asset objects reloaded before import = 0Number of asset objects unloaded after import = 3

========================================================================
Received Import Request.
  Time since last request: 0.000018 seconds.
  path: Assets/Resources/res/x2/mainimage/myTexture2dgoc3.png
  artifactKey: Guid(0d6b02e9adb74e140a305233d8f78894) Importer(815301076,1909f56bfc062723c751e8b465ee728b)
Start importing Assets/Resources/res/x2/mainimage/myTexture2dgoc3.png using Guid(0d6b02e9adb74e140a305233d8f78894) Importer(815301076,1909f56bfc062723c751e8b465ee728b) (PreviewImporter) -> (artifact id: '87555dd29df4425cac4308e60ef50a0a') in 0.0195197 seconds
Number of updated asset objects reloaded before import = 0Number of asset objects unloaded after import = 3

========================================================================
Received Import Request.
  Time since last request: 0.000029 seconds.
  path: Assets/Resources/res/x2/mainimage/myTexture2dfocus2.png
  artifactKey: Guid(157f12b65c8ece34ca4804d0d9427b21) Importer(815301076,1909f56bfc062723c751e8b465ee728b)
Start importing Assets/Resources/res/x2/mainimage/myTexture2dfocus2.png using Guid(157f12b65c8ece34ca4804d0d9427b21) Importer(815301076,1909f56bfc062723c751e8b465ee728b) (PreviewImporter) -> (artifact id: 'e8f4d9fb3ac669766d44a765d7ca4324') in 0.0206049 seconds
Number of updated asset objects reloaded before import = 0Number of asset objects unloaded after import = 3

========================================================================
Received Import Request.
  Time since last request: 0.458739 seconds.
  path: Assets/Resources/res/x2/mainimage/myTexture2dgoc6.png
  artifactKey: Guid(7f2c7352149e7bd43beaeeaaedf510c2) Importer(815301076,1909f56bfc062723c751e8b465ee728b)
Start importing Assets/Resources/res/x2/mainimage/myTexture2dgoc6.png using Guid(7f2c7352149e7bd43beaeeaaedf510c2) Importer(815301076,1909f56bfc062723c751e8b465ee728b) (PreviewImporter) -> (artifact id: '6f4ca87d30066fb4abaa3ac45ab6674b') in 0.0201593 seconds
Number of updated asset objects reloaded before import = 0Number of asset objects unloaded after import = 3

========================================================================
Received Import Request.
  Time since last request: 0.000023 seconds.
  path: Assets/Resources/res/x2/mainimage/myTexture2dimgPopup.png
  artifactKey: Guid(bd8be7179c0d66f4182aa849fd6ce59f) Importer(815301076,1909f56bfc062723c751e8b465ee728b)
Start importing Assets/Resources/res/x2/mainimage/myTexture2dimgPopup.png using Guid(bd8be7179c0d66f4182aa849fd6ce59f) Importer(815301076,1909f56bfc062723c751e8b465ee728b) (PreviewImporter) -> (artifact id: '6a01f4b14340668ad4d42e404d483d45') in 0.0221076 seconds
Number of updated asset objects reloaded before import = 0Number of asset objects unloaded after import = 3

========================================================================
Received Import Request.
  Time since last request: 0.000054 seconds.
  path: Assets/Resources/res/x2/mainimage/myTexture2dHP.png
  artifactKey: Guid(dcf47b1f478c66543b5a6cc4bd28d31b) Importer(815301076,1909f56bfc062723c751e8b465ee728b)
Start importing Assets/Resources/res/x2/mainimage/myTexture2dHP.png using Guid(dcf47b1f478c66543b5a6cc4bd28d31b) Importer(815301076,1909f56bfc062723c751e8b465ee728b) (PreviewImporter) -> (artifact id: 'dc10ebe04cb671a82d551b41bbaeafa9') in 0.0221133 seconds
Number of updated asset objects reloaded before import = 0Number of asset objects unloaded after import = 3

========================================================================
Received Import Request.
  Time since last request: 0.000052 seconds.
  path: Assets/Resources/res/x2/mainimage/myTexture2ditemaura1.png
  artifactKey: Guid(8048f30913202564c9e9ebc808548022) Importer(815301076,1909f56bfc062723c751e8b465ee728b)
Start importing Assets/Resources/res/x2/mainimage/myTexture2ditemaura1.png using Guid(8048f30913202564c9e9ebc808548022) Importer(815301076,1909f56bfc062723c751e8b465ee728b) (PreviewImporter) -> (artifact id: '961de0b436c07b75a01c04ab4d90c460') in 0.0230986 seconds
Number of updated asset objects reloaded before import = 0Number of asset objects unloaded after import = 3

========================================================================
Received Import Request.
  Time since last request: 0.000031 seconds.
  path: Assets/Resources/res/x2/mainimage/myTexture2ditemaura3.png
  artifactKey: Guid(1688186fa01845746a7e01fdf7ab392b) Importer(815301076,1909f56bfc062723c751e8b465ee728b)
Start importing Assets/Resources/res/x2/mainimage/myTexture2ditemaura3.png using Guid(1688186fa01845746a7e01fdf7ab392b) Importer(815301076,1909f56bfc062723c751e8b465ee728b) (PreviewImporter) -> (artifact id: 'f5677ad227187b12e5b31b09a737fc2e') in 0.0216582 seconds
Number of updated asset objects reloaded before import = 0Number of asset objects unloaded after import = 3

========================================================================
Received Import Request.
  Time since last request: 0.000020 seconds.
  path: Assets/Resources/res/x2/mainimage/myTexture2dimgMoney.png
  artifactKey: Guid(2af88c33fa27fc34e959f77ae4a306c3) Importer(815301076,1909f56bfc062723c751e8b465ee728b)
Start importing Assets/Resources/res/x2/mainimage/myTexture2dimgMoney.png using Guid(2af88c33fa27fc34e959f77ae4a306c3) Importer(815301076,1909f56bfc062723c751e8b465ee728b) (PreviewImporter) -> (artifact id: '790cae8d4a5ba20b3004be9f137fa031') in 0.0213476 seconds
Number of updated asset objects reloaded before import = 0Number of asset objects unloaded after import = 3

========================================================================
Received Import Request.
  Time since last request: 0.000017 seconds.
  path: Assets/Resources/res/x2/mainimage/myTexture2ditemaura2.png
  artifactKey: Guid(c71df9343d4049b4b9cfe295f3f5a126) Importer(815301076,1909f56bfc062723c751e8b465ee728b)
Start importing Assets/Resources/res/x2/mainimage/myTexture2ditemaura2.png using Guid(c71df9343d4049b4b9cfe295f3f5a126) Importer(815301076,1909f56bfc062723c751e8b465ee728b) (PreviewImporter) -> (artifact id: 'be8a174f6e0df3a032c114b75d24891a') in 0.0229076 seconds
Number of updated asset objects reloaded before import = 0Number of asset objects unloaded after import = 3

========================================================================
Received Import Request.
  Time since last request: 0.000025 seconds.
  path: Assets/Resources/res/x2/mainimage/myTexture2dlineColor21.png
  artifactKey: Guid(64914b46fe6e91a44a0175ec7ef25447) Importer(815301076,1909f56bfc062723c751e8b465ee728b)
Start importing Assets/Resources/res/x2/mainimage/myTexture2dlineColor21.png using Guid(64914b46fe6e91a44a0175ec7ef25447) Importer(815301076,1909f56bfc062723c751e8b465ee728b) (PreviewImporter) -> (artifact id: '02b2ea51d644476597203a51f0217e09') in 0.0200246 seconds
Number of updated asset objects reloaded before import = 0Number of asset objects unloaded after import = 3

========================================================================
Received Import Request.
  Time since last request: 0.000022 seconds.
  path: Assets/Resources/res/x2/mainimage/myTexture2dimgDiamond.png
  artifactKey: Guid(83302d85766b9f5428f3ee88af2b86ab) Importer(815301076,1909f56bfc062723c751e8b465ee728b)
Start importing Assets/Resources/res/x2/mainimage/myTexture2dimgDiamond.png using Guid(83302d85766b9f5428f3ee88af2b86ab) Importer(815301076,1909f56bfc062723c751e8b465ee728b) (PreviewImporter) -> (artifact id: '73ea8ea1a311e97309ef42ad62f6cafe') in 0.0195008 seconds
Number of updated asset objects reloaded before import = 0Number of asset objects unloaded after import = 3

========================================================================
Received Import Request.
  Time since last request: 1.328010 seconds.
  path: Assets/Resources/res/x2/mainimage/myTexture2dmaybay4a.png
  artifactKey: Guid(466b511b840efd34cbdfa42fd6a9e4de) Importer(815301076,1909f56bfc062723c751e8b465ee728b)
Start importing Assets/Resources/res/x2/mainimage/myTexture2dmaybay4a.png using Guid(466b511b840efd34cbdfa42fd6a9e4de) Importer(815301076,1909f56bfc062723c751e8b465ee728b) (PreviewImporter) -> (artifact id: 'c68b69e7a9f81308740ea70aa6b33cdb') in 0.019822 seconds
Number of updated asset objects reloaded before import = 0Number of asset objects unloaded after import = 3

========================================================================
Received Import Request.
  Time since last request: 0.000019 seconds.
  path: Assets/Resources/res/x2/mainimage/myTexture2dmove-3.png
  artifactKey: Guid(e610eb6abe2737047bf37679589dea66) Importer(815301076,1909f56bfc062723c751e8b465ee728b)
Start importing Assets/Resources/res/x2/mainimage/myTexture2dmove-3.png using Guid(e610eb6abe2737047bf37679589dea66) Importer(815301076,1909f56bfc062723c751e8b465ee728b) (PreviewImporter) -> (artifact id: 'b76d6a7e5013a7a276d0dc32a99c16e6') in 0.0173125 seconds
Number of updated asset objects reloaded before import = 0Number of asset objects unloaded after import = 3

========================================================================
Received Import Request.
  Time since last request: 0.000047 seconds.
  path: Assets/Resources/res/x2/mainimage/myTexture2drong.png
  artifactKey: Guid(578018b3719ea0a4c9705f3a15e77baa) Importer(815301076,1909f56bfc062723c751e8b465ee728b)
Start importing Assets/Resources/res/x2/mainimage/myTexture2drong.png using Guid(578018b3719ea0a4c9705f3a15e77baa) Importer(815301076,1909f56bfc062723c751e8b465ee728b) (PreviewImporter) -> (artifact id: '6a6c7cd5a2284bc04d3d7797d712d457') in 0.0184409 seconds
Number of updated asset objects reloaded before import = 0Number of asset objects unloaded after import = 2

========================================================================
Received Import Request.
  Time since last request: 0.000033 seconds.
  path: Assets/Resources/res/x2/mainimage/myTexture2dPea3.png
  artifactKey: Guid(6018ec442193008418af3c2173169818) Importer(815301076,1909f56bfc062723c751e8b465ee728b)
Start importing Assets/Resources/res/x2/mainimage/myTexture2dPea3.png using Guid(6018ec442193008418af3c2173169818) Importer(815301076,1909f56bfc062723c751e8b465ee728b) (PreviewImporter) -> (artifact id: '48e08430e4dc91b4aa2a662348595ffb') in 0.024592 seconds
Number of updated asset objects reloaded before import = 0Number of asset objects unloaded after import = 3

========================================================================
Received Import Request.
  Time since last request: 0.000023 seconds.
  path: Assets/Resources/res/x2/mainimage/myTexture2dPea1.png
  artifactKey: Guid(ef6cb998f89b43444a426fba3877db6e) Importer(815301076,1909f56bfc062723c751e8b465ee728b)
Start importing Assets/Resources/res/x2/mainimage/myTexture2dPea1.png using Guid(ef6cb998f89b43444a426fba3877db6e) Importer(815301076,1909f56bfc062723c751e8b465ee728b) (PreviewImporter) -> (artifact id: 'e9b61603f7a4dc3d0929c1a97cc6c8ab') in 0.0193357 seconds
Number of updated asset objects reloaded before import = 0Number of asset objects unloaded after import = 3

========================================================================
Received Import Request.
  Time since last request: 0.000017 seconds.
  path: Assets/Resources/res/x2/mainimage/myTexture2dPea_3.png
  artifactKey: Guid(de69d9e156e558946bdb1cda5f330787) Importer(815301076,1909f56bfc062723c751e8b465ee728b)
Start importing Assets/Resources/res/x2/mainimage/myTexture2dPea_3.png using Guid(de69d9e156e558946bdb1cda5f330787) Importer(815301076,1909f56bfc062723c751e8b465ee728b) (PreviewImporter) -> (artifact id: 'aa0c280d9b05760fa5b5200bfcf31640') in 0.0160202 seconds
Number of updated asset objects reloaded before import = 0Number of asset objects unloaded after import = 2

========================================================================
Received Import Request.
  Time since last request: 0.000024 seconds.
  path: Assets/Resources/res/x2/mainimage/myTexture2dmove-1.png
  artifactKey: Guid(211645c371443f84389df560301385c0) Importer(815301076,1909f56bfc062723c751e8b465ee728b)
Start importing Assets/Resources/res/x2/mainimage/myTexture2dmove-1.png using Guid(211645c371443f84389df560301385c0) Importer(815301076,1909f56bfc062723c751e8b465ee728b) (PreviewImporter) -> (artifact id: '178f6e6c6362b0320237abaa9f6d0146') in 0.01958 seconds
Number of updated asset objects reloaded before import = 0Number of asset objects unloaded after import = 3

========================================================================
Received Import Request.
  Time since last request: 0.000025 seconds.
  path: Assets/Resources/res/x2/mainimage/myTexture2dmobHP.png
  artifactKey: Guid(37ee0765282ecc646a8965579ff17f3b) Importer(815301076,1909f56bfc062723c751e8b465ee728b)
Start importing Assets/Resources/res/x2/mainimage/myTexture2dmobHP.png using Guid(37ee0765282ecc646a8965579ff17f3b) Importer(815301076,1909f56bfc062723c751e8b465ee728b) (PreviewImporter) -> (artifact id: 'ff788931e5c4a2b1032896c10f6db0b0') in 0.0214881 seconds
Number of updated asset objects reloaded before import = 0Number of asset objects unloaded after import = 3

========================================================================
Received Import Request.
  Time since last request: 0.000023 seconds.
  path: Assets/Resources/res/x2/mainimage/myTexture2dMP.png
  artifactKey: Guid(21388d43ffe7506499dfaeef689f3052) Importer(815301076,1909f56bfc062723c751e8b465ee728b)
Start importing Assets/Resources/res/x2/mainimage/myTexture2dMP.png using Guid(21388d43ffe7506499dfaeef689f3052) Importer(815301076,1909f56bfc062723c751e8b465ee728b) (PreviewImporter) -> (artifact id: '2b6c8e7fdde20ea402edc6cb3eaf648a') in 0.0181273 seconds
Number of updated asset objects reloaded before import = 0Number of asset objects unloaded after import = 3

========================================================================
Received Import Request.
  Time since last request: 0.583042 seconds.
  path: Assets/Resources/res/x2/mainimage/myTexture2dthucuoi11.png
  artifactKey: Guid(695e3c5fb443fd545be884407e322cbe) Importer(815301076,1909f56bfc062723c751e8b465ee728b)
Start importing Assets/Resources/res/x2/mainimage/myTexture2dthucuoi11.png using Guid(695e3c5fb443fd545be884407e322cbe) Importer(815301076,1909f56bfc062723c751e8b465ee728b) (PreviewImporter) -> (artifact id: '89e637238c6b89a50023785f298be061') in 0.0209506 seconds
Number of updated asset objects reloaded before import = 0Number of asset objects unloaded after import = 3

========================================================================
Received Import Request.
  Time since last request: 0.000023 seconds.
  path: Assets/Resources/res/x2/mainimage/o_0.png
  artifactKey: Guid(46b1c497d9ba3ea45ad4411485674b6e) Importer(815301076,1909f56bfc062723c751e8b465ee728b)
Start importing Assets/Resources/res/x2/mainimage/o_0.png using Guid(46b1c497d9ba3ea45ad4411485674b6e) Importer(815301076,1909f56bfc062723c751e8b465ee728b) (PreviewImporter) -> (artifact id: 'f03a4053632cedf52aacdb686c22f918') in 0.0212009 seconds
Number of updated asset objects reloaded before import = 0Number of asset objects unloaded after import = 3

========================================================================
Received Import Request.
  Time since last request: 0.000030 seconds.
  path: Assets/Resources/res/x2/mainimage/star9.png
  artifactKey: Guid(e9abe15d0c8a81d42b690e2d83220275) Importer(815301076,1909f56bfc062723c751e8b465ee728b)
Start importing Assets/Resources/res/x2/mainimage/star9.png using Guid(e9abe15d0c8a81d42b690e2d83220275) Importer(815301076,1909f56bfc062723c751e8b465ee728b) (PreviewImporter) -> (artifact id: 'db7014e02c2cc51fa80278b244fb70da') in 0.0177148 seconds
Number of updated asset objects reloaded before import = 0Number of asset objects unloaded after import = 2

========================================================================
Received Import Request.
  Time since last request: 0.000026 seconds.
  path: Assets/Resources/res/x2/mainimage/shadowBig.png
  artifactKey: Guid(6f2f2b610add1fc4f8e1cb0b8afe885e) Importer(815301076,1909f56bfc062723c751e8b465ee728b)
Start importing Assets/Resources/res/x2/mainimage/shadowBig.png using Guid(6f2f2b610add1fc4f8e1cb0b8afe885e) Importer(815301076,1909f56bfc062723c751e8b465ee728b) (PreviewImporter) -> (artifact id: 'db45977a36ee47c3af01384b4ceb6a31') in 0.0210217 seconds
Number of updated asset objects reloaded before import = 0Number of asset objects unloaded after import = 3

========================================================================
Received Import Request.
  Time since last request: 0.000069 seconds.
  path: Assets/Resources/res/x2/mainimage/myTexture2dthucuoi23.png
  artifactKey: Guid(dcb9802468924374cb0a3d837e3ba934) Importer(815301076,1909f56bfc062723c751e8b465ee728b)
Start importing Assets/Resources/res/x2/mainimage/myTexture2dthucuoi23.png using Guid(dcb9802468924374cb0a3d837e3ba934) Importer(815301076,1909f56bfc062723c751e8b465ee728b) (PreviewImporter) -> (artifact id: 'ce8b39f162c684437a0caaf1b95f57f5') in 0.0231961 seconds
Number of updated asset objects reloaded before import = 0Number of asset objects unloaded after import = 3

========================================================================
Received Import Request.
  Time since last request: 0.000024 seconds.
  path: Assets/Resources/res/x2/mainimage/star.png
  artifactKey: Guid(d2a1d8c1e81d8b7498b8215f47f2d90b) Importer(815301076,1909f56bfc062723c751e8b465ee728b)
Start importing Assets/Resources/res/x2/mainimage/star.png using Guid(d2a1d8c1e81d8b7498b8215f47f2d90b) Importer(815301076,1909f56bfc062723c751e8b465ee728b) (PreviewImporter) -> (artifact id: 'cba9c7dd5c39e4836031c2da8d3d00bb') in 0.0194251 seconds
Number of updated asset objects reloaded before import = 0Number of asset objects unloaded after import = 3

========================================================================
Received Import Request.
  Time since last request: 0.000029 seconds.
  path: Assets/Resources/res/x2/mainimage/taungam.png
  artifactKey: Guid(e44362d544ea45c498058473de250113) Importer(815301076,1909f56bfc062723c751e8b465ee728b)
Start importing Assets/Resources/res/x2/mainimage/taungam.png using Guid(e44362d544ea45c498058473de250113) Importer(815301076,1909f56bfc062723c751e8b465ee728b) (PreviewImporter) -> (artifact id: 'feb5eebc1e80459bbbe0d9336b185676') in 0.0192134 seconds
Number of updated asset objects reloaded before import = 0Number of asset objects unloaded after import = 3

========================================================================
Received Import Request.
  Time since last request: 0.000019 seconds.
  path: Assets/Resources/res/x2/mainimage/starE.png
  artifactKey: Guid(4ad6b56dc0033c24ba95ef98d31dcc62) Importer(815301076,1909f56bfc062723c751e8b465ee728b)
Start importing Assets/Resources/res/x2/mainimage/starE.png using Guid(4ad6b56dc0033c24ba95ef98d31dcc62) Importer(815301076,1909f56bfc062723c751e8b465ee728b) (PreviewImporter) -> (artifact id: '9cfb52b6db33528dbda20a1ade66db00') in 0.0186494 seconds
Number of updated asset objects reloaded before import = 0Number of asset objects unloaded after import = 3

========================================================================
Received Import Request.
  Time since last request: 0.000025 seconds.
  path: Assets/Resources/res/x2/mainimage/starCH.png
  artifactKey: Guid(8fcb41595faf03649b4bcdef07feb625) Importer(815301076,1909f56bfc062723c751e8b465ee728b)
Start importing Assets/Resources/res/x2/mainimage/starCH.png using Guid(8fcb41595faf03649b4bcdef07feb625) Importer(815301076,1909f56bfc062723c751e8b465ee728b) (PreviewImporter) -> (artifact id: 'acce7e410fe5684bf8bb78b9c47ae719') in 0.0144554 seconds
Number of updated asset objects reloaded before import = 0Number of asset objects unloaded after import = 2

========================================================================
Received Import Request.
  Time since last request: 0.453985 seconds.
  path: Assets/Resources/res/x2/mainimage/tm-vang.png
  artifactKey: Guid(b7bdb3dc808e0bb428ed92423ea3931b) Importer(815301076,1909f56bfc062723c751e8b465ee728b)
Start importing Assets/Resources/res/x2/mainimage/tm-vang.png using Guid(b7bdb3dc808e0bb428ed92423ea3931b) Importer(815301076,1909f56bfc062723c751e8b465ee728b) (PreviewImporter) -> (artifact id: 'a85e4af98935e936032c0078ea44b974') in 0.0134533 seconds
Number of updated asset objects reloaded before import = 0Number of asset objects unloaded after import = 2

========================================================================
Received Import Request.
  Time since last request: 1.507379 seconds.
  path: Assets/Resources/res/x2/radar/1.png
  artifactKey: Guid(6f54fb6baa857e94dbc1b7f5137a0e15) Importer(815301076,1909f56bfc062723c751e8b465ee728b)
Start importing Assets/Resources/res/x2/radar/1.png using Guid(6f54fb6baa857e94dbc1b7f5137a0e15) Importer(815301076,1909f56bfc062723c751e8b465ee728b) (PreviewImporter) -> (artifact id: '08ec4a6877181cafea3294db71ee53af') in 0.0207387 seconds
Number of updated asset objects reloaded before import = 0Number of asset objects unloaded after import = 3

========================================================================
Received Import Request.
  Time since last request: 0.000016 seconds.
  path: Assets/Resources/res/x2/radar/3.png
  artifactKey: Guid(ee13848675f21e0488d976c46c9b5741) Importer(815301076,1909f56bfc062723c751e8b465ee728b)
Start importing Assets/Resources/res/x2/radar/3.png using Guid(ee13848675f21e0488d976c46c9b5741) Importer(815301076,1909f56bfc062723c751e8b465ee728b) (PreviewImporter) -> (artifact id: '275c916bdc9088018125b13306209a90') in 0.0227097 seconds
Number of updated asset objects reloaded before import = 0Number of asset objects unloaded after import = 3

========================================================================
Received Import Request.
  Time since last request: 0.000023 seconds.
  path: Assets/Resources/res/x2/radar/21.png
  artifactKey: Guid(f7480b5346a37cb42b3fd46fdc7b2ce0) Importer(815301076,1909f56bfc062723c751e8b465ee728b)
Start importing Assets/Resources/res/x2/radar/21.png using Guid(f7480b5346a37cb42b3fd46fdc7b2ce0) Importer(815301076,1909f56bfc062723c751e8b465ee728b) (PreviewImporter) -> (artifact id: 'ecb2158cdf1c87ca67676f4ca9a308f1') in 0.0192104 seconds
Number of updated asset objects reloaded before import = 0Number of asset objects unloaded after import = 3

========================================================================
Received Import Request.
  Time since last request: 0.000044 seconds.
  path: Assets/Resources/res/x2/radar/22.png
  artifactKey: Guid(5f344e0058a4d5048b11714fb89e0094) Importer(815301076,1909f56bfc062723c751e8b465ee728b)
Start importing Assets/Resources/res/x2/radar/22.png using Guid(5f344e0058a4d5048b11714fb89e0094) Importer(815301076,1909f56bfc062723c751e8b465ee728b) (PreviewImporter) -> (artifact id: 'e344e12b9079551bfb631f0ed2b56fcc') in 0.0214155 seconds
Number of updated asset objects reloaded before import = 0Number of asset objects unloaded after import = 3

========================================================================
Received Import Request.
  Time since last request: 0.000030 seconds.
  path: Assets/Resources/res/x2/radar/17.png
  artifactKey: Guid(b7ff2fe18cc1c654090f66df807ed50e) Importer(815301076,1909f56bfc062723c751e8b465ee728b)
Start importing Assets/Resources/res/x2/radar/17.png using Guid(b7ff2fe18cc1c654090f66df807ed50e) Importer(815301076,1909f56bfc062723c751e8b465ee728b) (PreviewImporter) -> (artifact id: 'a99326037cabfa37484405c9fdd32aec') in 0.0195416 seconds
Number of updated asset objects reloaded before import = 0Number of asset objects unloaded after import = 3

========================================================================
Received Import Request.
  Time since last request: 0.000029 seconds.
  path: Assets/Resources/res/x2/radar/5.png
  artifactKey: Guid(2db63d6367bdc864481247c863a7fb57) Importer(815301076,1909f56bfc062723c751e8b465ee728b)
Start importing Assets/Resources/res/x2/radar/5.png using Guid(2db63d6367bdc864481247c863a7fb57) Importer(815301076,1909f56bfc062723c751e8b465ee728b) (PreviewImporter) -> (artifact id: 'e57f81cf9e093aba2de87e0960ad52f1') in 0.0230981 seconds
Number of updated asset objects reloaded before import = 0Number of asset objects unloaded after import = 3

========================================================================
Received Import Request.
  Time since last request: 0.000025 seconds.
  path: Assets/Resources/res/x2/radar/16.png
  artifactKey: Guid(470c36980bb1591439c3ed8d09f7d5c1) Importer(815301076,1909f56bfc062723c751e8b465ee728b)
Start importing Assets/Resources/res/x2/radar/16.png using Guid(470c36980bb1591439c3ed8d09f7d5c1) Importer(815301076,1909f56bfc062723c751e8b465ee728b) (PreviewImporter) -> (artifact id: 'fac339f5bb2aff49ea4186b3a582015e') in 0.0178641 seconds
Number of updated asset objects reloaded before import = 0Number of asset objects unloaded after import = 3

========================================================================
Received Import Request.
  Time since last request: 0.000030 seconds.
  path: Assets/Resources/res/x2/radar/12.png
  artifactKey: Guid(c0ea7f7a48892684d860a968f2e11769) Importer(815301076,1909f56bfc062723c751e8b465ee728b)
Start importing Assets/Resources/res/x2/radar/12.png using Guid(c0ea7f7a48892684d860a968f2e11769) Importer(815301076,1909f56bfc062723c751e8b465ee728b) (PreviewImporter) -> (artifact id: '9799db1cc6213d63b9e3bd54047215e0') in 0.0214577 seconds
Number of updated asset objects reloaded before import = 0Number of asset objects unloaded after import = 3

========================================================================
Received Import Request.
  Time since last request: 2.329982 seconds.
  path: Assets/Resources/res/x2/smallimage/Small1086.png
  artifactKey: Guid(858d5ca4d91b4ea4b926b916fc3301cd) Importer(815301076,1909f56bfc062723c751e8b465ee728b)
Start importing Assets/Resources/res/x2/smallimage/Small1086.png using Guid(858d5ca4d91b4ea4b926b916fc3301cd) Importer(815301076,1909f56bfc062723c751e8b465ee728b) (PreviewImporter) -> (artifact id: '482296db7b362ca076584180e89ae2d8') in 0.0235836 seconds
Number of updated asset objects reloaded before import = 0Number of asset objects unloaded after import = 3

========================================================================
Received Import Request.
  Time since last request: 1.331273 seconds.
  path: Assets/Resources/res/x3/redeye.png
  artifactKey: Guid(fdbc93320f631964c99a49602d348a48) Importer(815301076,1909f56bfc062723c751e8b465ee728b)
Start importing Assets/Resources/res/x3/redeye.png using Guid(fdbc93320f631964c99a49602d348a48) Importer(815301076,1909f56bfc062723c751e8b465ee728b) (PreviewImporter) -> (artifact id: '5c219099498e9d733503c985455da54b') in 0.0254188 seconds
Number of updated asset objects reloaded before import = 0Number of asset objects unloaded after import = 3

========================================================================
Received Import Request.
  Time since last request: 4.291042 seconds.
  path: Assets/Resources/res/x3/CharEffect/choco.png
  artifactKey: Guid(1c07f6b9fb25dbf4f9674d211504684e) Importer(815301076,1909f56bfc062723c751e8b465ee728b)
Start importing Assets/Resources/res/x3/CharEffect/choco.png using Guid(1c07f6b9fb25dbf4f9674d211504684e) Importer(815301076,1909f56bfc062723c751e8b465ee728b) (PreviewImporter) -> (artifact id: '534e80294e00d4bc86fb69bc44684f35') in 0.0202104 seconds
Number of updated asset objects reloaded before import = 0Number of asset objects unloaded after import = 3

========================================================================
Received Import Request.
  Time since last request: 0.000027 seconds.
  path: Assets/Resources/res/x3/CharEffect/nrnm.png
  artifactKey: Guid(1c1a57e3d2c56de4d8013a28b4655c6b) Importer(815301076,1909f56bfc062723c751e8b465ee728b)
Start importing Assets/Resources/res/x3/CharEffect/nrnm.png using Guid(1c1a57e3d2c56de4d8013a28b4655c6b) Importer(815301076,1909f56bfc062723c751e8b465ee728b) (PreviewImporter) -> (artifact id: 'e2819dc8e16b7e9fbf4d01cbd9a0f720') in 0.0229955 seconds
Number of updated asset objects reloaded before import = 0Number of asset objects unloaded after import = 3

========================================================================
Received Import Request.
  Time since last request: 0.000034 seconds.
  path: Assets/Resources/res/x3/CharEffect/nrd7.png
  artifactKey: Guid(fa3086969d144794aa54c0cab60ee411) Importer(815301076,1909f56bfc062723c751e8b465ee728b)
Start importing Assets/Resources/res/x3/CharEffect/nrd7.png using Guid(fa3086969d144794aa54c0cab60ee411) Importer(815301076,1909f56bfc062723c751e8b465ee728b) (PreviewImporter) -> (artifact id: 'bb8ba77e3f79ab42c63fa4694cfa9dab') in 0.0206124 seconds
Number of updated asset objects reloaded before import = 0Number of asset objects unloaded after import = 3

========================================================================
Received Import Request.
  Time since last request: 0.000021 seconds.
  path: Assets/Resources/res/x3/CharEffect/shield.png
  artifactKey: Guid(d1a8706e7ca941b4788783cfeb3469a4) Importer(815301076,1909f56bfc062723c751e8b465ee728b)
Start importing Assets/Resources/res/x3/CharEffect/shield.png using Guid(d1a8706e7ca941b4788783cfeb3469a4) Importer(815301076,1909f56bfc062723c751e8b465ee728b) (PreviewImporter) -> (artifact id: 'b7f76139faf13c8ce7b0fa8df3927d62') in 0.0270269 seconds
Number of updated asset objects reloaded before import = 0Number of asset objects unloaded after import = 3

========================================================================
Received Import Request.
  Time since last request: 0.000022 seconds.
  path: Assets/Resources/res/x3/CharEffect/teleport.png
  artifactKey: Guid(9abf448ae0a4fec4b96a2ac7f0a3eda6) Importer(815301076,1909f56bfc062723c751e8b465ee728b)
Start importing Assets/Resources/res/x3/CharEffect/teleport.png using Guid(9abf448ae0a4fec4b96a2ac7f0a3eda6) Importer(815301076,1909f56bfc062723c751e8b465ee728b) (PreviewImporter) -> (artifact id: '3122de2a5a3f14f33b0eb78b8313f28a') in 0.0214502 seconds
Number of updated asset objects reloaded before import = 0Number of asset objects unloaded after import = 3

========================================================================
Received Import Request.
  Time since last request: 0.000028 seconds.
  path: Assets/Resources/res/x3/CharEffect/stone.png
  artifactKey: Guid(77780bdb1ce340045b2d8d86d35204ee) Importer(815301076,1909f56bfc062723c751e8b465ee728b)
Start importing Assets/Resources/res/x3/CharEffect/stone.png using Guid(77780bdb1ce340045b2d8d86d35204ee) Importer(815301076,1909f56bfc062723c751e8b465ee728b) (PreviewImporter) -> (artifact id: '8209a11b71bc1fe05708a260a3596e83') in 0.0191432 seconds
Number of updated asset objects reloaded before import = 0Number of asset objects unloaded after import = 3

========================================================================
Received Import Request.
  Time since last request: 0.000026 seconds.
  path: Assets/Resources/res/x3/CharEffect/selfexplode.png
  artifactKey: Guid(f4a84b5925dfb0d4fadde509a6328681) Importer(815301076,1909f56bfc062723c751e8b465ee728b)
Start importing Assets/Resources/res/x3/CharEffect/selfexplode.png using Guid(f4a84b5925dfb0d4fadde509a6328681) Importer(815301076,1909f56bfc062723c751e8b465ee728b) (PreviewImporter) -> (artifact id: '2ffa56bdca2dc3ac6ef355db06864f88') in 0.0228557 seconds
Number of updated asset objects reloaded before import = 0Number of asset objects unloaded after import = 3

========================================================================
Received Import Request.
  Time since last request: 1.639226 seconds.
  path: Assets/Resources/res/x3/bg/fog1.png
  artifactKey: Guid(3c9c98c9731cdb747b817a40cc767450) Importer(815301076,1909f56bfc062723c751e8b465ee728b)
Start importing Assets/Resources/res/x3/bg/fog1.png using Guid(3c9c98c9731cdb747b817a40cc767450) Importer(815301076,1909f56bfc062723c751e8b465ee728b) (PreviewImporter) -> (artifact id: '0e9e5f3d6a17b6291c82ea6fdc7c6b26') in 0.0264355 seconds
Number of updated asset objects reloaded before import = 0Number of asset objects unloaded after import = 3

========================================================================
Received Import Request.
  Time since last request: 1.249644 seconds.
  path: Assets/Resources/res/x3/e/d01.png
  artifactKey: Guid(fdfbb6e565dd31d43bb4a3e655ad44cd) Importer(815301076,1909f56bfc062723c751e8b465ee728b)
Start importing Assets/Resources/res/x3/e/d01.png using Guid(fdfbb6e565dd31d43bb4a3e655ad44cd) Importer(815301076,1909f56bfc062723c751e8b465ee728b) (PreviewImporter) -> (artifact id: '2900a603cafd08dc46f58327209d9d99') in 0.0214207 seconds
Number of updated asset objects reloaded before import = 0Number of asset objects unloaded after import = 3

========================================================================
Received Import Request.
  Time since last request: 0.000029 seconds.
  path: Assets/Resources/res/x3/e/d12.png
  artifactKey: Guid(14c16d48124d23346b5b3eadb9c04ff4) Importer(815301076,1909f56bfc062723c751e8b465ee728b)
Start importing Assets/Resources/res/x3/e/d12.png using Guid(14c16d48124d23346b5b3eadb9c04ff4) Importer(815301076,1909f56bfc062723c751e8b465ee728b) (PreviewImporter) -> (artifact id: '3788e07335ff9f2e66726264722d78a0') in 0.0212877 seconds
Number of updated asset objects reloaded before import = 0Number of asset objects unloaded after import = 3

========================================================================
Received Import Request.
  Time since last request: 0.000024 seconds.
  path: Assets/Resources/res/x3/e/e_24.png
  artifactKey: Guid(b3deb7247e79f674cb356ffa432b24a9) Importer(815301076,1909f56bfc062723c751e8b465ee728b)
Start importing Assets/Resources/res/x3/e/e_24.png using Guid(b3deb7247e79f674cb356ffa432b24a9) Importer(815301076,1909f56bfc062723c751e8b465ee728b) (PreviewImporter) -> (artifact id: '54dd77570065b76688b19ea9d22ccb80') in 0.027377 seconds
Number of updated asset objects reloaded before import = 0Number of asset objects unloaded after import = 3

========================================================================
Received Import Request.
  Time since last request: 0.000026 seconds.
  path: Assets/Resources/res/x3/e/e_10.png
  artifactKey: Guid(1e1366a5d380f614e8dbdfd321c98c8b) Importer(815301076,1909f56bfc062723c751e8b465ee728b)
Start importing Assets/Resources/res/x3/e/e_10.png using Guid(1e1366a5d380f614e8dbdfd321c98c8b) Importer(815301076,1909f56bfc062723c751e8b465ee728b) (PreviewImporter) -> (artifact id: '8481071d64226e80148a1bcc9b9e9c0e') in 0.0222907 seconds
Number of updated asset objects reloaded before import = 0Number of asset objects unloaded after import = 3

========================================================================
Received Import Request.
  Time since last request: 0.000025 seconds.
  path: Assets/Resources/res/x3/e/e_25.png
  artifactKey: Guid(50f513070c23077409296929e3dca48e) Importer(815301076,1909f56bfc062723c751e8b465ee728b)
Start importing Assets/Resources/res/x3/e/e_25.png using Guid(50f513070c23077409296929e3dca48e) Importer(815301076,1909f56bfc062723c751e8b465ee728b) (PreviewImporter) -> (artifact id: '523311ec78f6f75d6077321cd2f4d44e') in 0.0231217 seconds
Number of updated asset objects reloaded before import = 0Number of asset objects unloaded after import = 3

========================================================================
Received Import Request.
  Time since last request: 0.000027 seconds.
  path: Assets/Resources/res/x3/e/e_18.png
  artifactKey: Guid(7a619be5edfe74a418912996de151cbb) Importer(815301076,1909f56bfc062723c751e8b465ee728b)
Start importing Assets/Resources/res/x3/e/e_18.png using Guid(7a619be5edfe74a418912996de151cbb) Importer(815301076,1909f56bfc062723c751e8b465ee728b) (PreviewImporter) -> (artifact id: '15367bd5b97d5eb2fa71074aaf8d5a48') in 0.0229073 seconds
Number of updated asset objects reloaded before import = 0Number of asset objects unloaded after import = 3

========================================================================
Received Import Request.
  Time since last request: 0.000016 seconds.
  path: Assets/Resources/res/x3/e/e_9.png
  artifactKey: Guid(80d9617d427ef9742813c99c9dcd205f) Importer(815301076,1909f56bfc062723c751e8b465ee728b)
Start importing Assets/Resources/res/x3/e/e_9.png using Guid(80d9617d427ef9742813c99c9dcd205f) Importer(815301076,1909f56bfc062723c751e8b465ee728b) (PreviewImporter) -> (artifact id: 'e72f480c2d053473977cec8dfb9b92ab') in 0.0239572 seconds
Number of updated asset objects reloaded before import = 0Number of asset objects unloaded after import = 3

========================================================================
Received Import Request.
  Time since last request: 0.000031 seconds.
  path: Assets/Resources/res/x3/e/d13.png
  artifactKey: Guid(3cf95cd70dcc5144194a2f6cfec86d7a) Importer(815301076,1909f56bfc062723c751e8b465ee728b)
Start importing Assets/Resources/res/x3/e/d13.png using Guid(3cf95cd70dcc5144194a2f6cfec86d7a) Importer(815301076,1909f56bfc062723c751e8b465ee728b) (PreviewImporter) -> (artifact id: '6e0e86f8bdaef4435cb17f8dd109de99') in 0.0181507 seconds
Number of updated asset objects reloaded before import = 0Number of asset objects unloaded after import = 3

========================================================================
Received Import Request.
  Time since last request: 0.000047 seconds.
  path: Assets/Resources/res/x3/e/e_16.png
  artifactKey: Guid(44758aa3390e49e4c8087a870da0986e) Importer(815301076,1909f56bfc062723c751e8b465ee728b)
Start importing Assets/Resources/res/x3/e/e_16.png using Guid(44758aa3390e49e4c8087a870da0986e) Importer(815301076,1909f56bfc062723c751e8b465ee728b) (PreviewImporter) -> (artifact id: '05747418e2c0619859cf63a65f5106ac') in 0.0227076 seconds
Number of updated asset objects reloaded before import = 0Number of asset objects unloaded after import = 3

========================================================================
Received Import Request.
  Time since last request: 0.000026 seconds.
  path: Assets/Resources/res/x3/e/e_28.png
  artifactKey: Guid(b5d80654546fb4e4a892904c8d8ba5f9) Importer(815301076,1909f56bfc062723c751e8b465ee728b)
Start importing Assets/Resources/res/x3/e/e_28.png using Guid(b5d80654546fb4e4a892904c8d8ba5f9) Importer(815301076,1909f56bfc062723c751e8b465ee728b) (PreviewImporter) -> (artifact id: '16f9f3de1aa0eaf69d62394b76997849') in 0.0220631 seconds
Number of updated asset objects reloaded before import = 0Number of asset objects unloaded after import = 3

========================================================================
Received Import Request.
  Time since last request: 0.000035 seconds.
  path: Assets/Resources/res/x3/e/d14.png
  artifactKey: Guid(92da633ccbbc67141862b0e19a09442f) Importer(815301076,1909f56bfc062723c751e8b465ee728b)
Start importing Assets/Resources/res/x3/e/d14.png using Guid(92da633ccbbc67141862b0e19a09442f) Importer(815301076,1909f56bfc062723c751e8b465ee728b) (PreviewImporter) -> (artifact id: '28a25a81f451a1d1093431823b17d2c5') in 0.0217149 seconds
Number of updated asset objects reloaded before import = 0Number of asset objects unloaded after import = 3

========================================================================
Received Import Request.
  Time since last request: 0.000032 seconds.
  path: Assets/Resources/res/x3/e/nut2.png
  artifactKey: Guid(5699a310bb37cec4da7d874c978bac13) Importer(815301076,1909f56bfc062723c751e8b465ee728b)
Start importing Assets/Resources/res/x3/e/nut2.png using Guid(5699a310bb37cec4da7d874c978bac13) Importer(815301076,1909f56bfc062723c751e8b465ee728b) (PreviewImporter) -> (artifact id: 'be2fb4fb543296cac9a7ffd7be190452') in 0.0226467 seconds
Number of updated asset objects reloaded before import = 0Number of asset objects unloaded after import = 3

========================================================================
Received Import Request.
  Time since last request: 0.000031 seconds.
  path: Assets/Resources/res/x3/e/nut3.png
  artifactKey: Guid(f676aa32f6b11dd4fa67b20fc8b1b851) Importer(815301076,1909f56bfc062723c751e8b465ee728b)
Start importing Assets/Resources/res/x3/e/nut3.png using Guid(f676aa32f6b11dd4fa67b20fc8b1b851) Importer(815301076,1909f56bfc062723c751e8b465ee728b) (PreviewImporter) -> (artifact id: '730cb094b39c928da4cfb42f851a2e9b') in 0.0217533 seconds
Number of updated asset objects reloaded before import = 0Number of asset objects unloaded after import = 3

========================================================================
Received Import Request.
  Time since last request: 1.215042 seconds.
  path: Assets/Resources/res/x3/mainimage/btn0left.png
  artifactKey: Guid(197860b168c560445868d2acadfaaa33) Importer(815301076,1909f56bfc062723c751e8b465ee728b)
Start importing Assets/Resources/res/x3/mainimage/btn0left.png using Guid(197860b168c560445868d2acadfaaa33) Importer(815301076,1909f56bfc062723c751e8b465ee728b) (PreviewImporter) -> (artifact id: '2356e45cd5f10b8258b40dd5dbff2b23') in 0.0176542 seconds
Number of updated asset objects reloaded before import = 0Number of asset objects unloaded after import = 3

========================================================================
Received Import Request.
  Time since last request: 0.000036 seconds.
  path: Assets/Resources/res/x3/mainimage/logo1E.png
  artifactKey: Guid(ba2c78ad9721b8b4fa805e1de73c7f4a) Importer(815301076,1909f56bfc062723c751e8b465ee728b)
Start importing Assets/Resources/res/x3/mainimage/logo1E.png using Guid(ba2c78ad9721b8b4fa805e1de73c7f4a) Importer(815301076,1909f56bfc062723c751e8b465ee728b) (PreviewImporter) -> (artifact id: '467dea1821b70be7c8dad03403109e22') in 0.020853 seconds
Number of updated asset objects reloaded before import = 0Number of asset objects unloaded after import = 3

========================================================================
Received Import Request.
  Time since last request: 0.000028 seconds.
  path: Assets/Resources/res/x3/mainimage/hole.png
  artifactKey: Guid(d80f1c03da607924dba02002761554da) Importer(815301076,1909f56bfc062723c751e8b465ee728b)
Start importing Assets/Resources/res/x3/mainimage/hole.png using Guid(d80f1c03da607924dba02002761554da) Importer(815301076,1909f56bfc062723c751e8b465ee728b) (PreviewImporter) -> (artifact id: '47e5a617ea9f700f682a5a15fb692a42') in 0.0196322 seconds
Number of updated asset objects reloaded before import = 0Number of asset objects unloaded after import = 3

========================================================================
Received Import Request.
  Time since last request: 0.000030 seconds.
  path: Assets/Resources/res/x3/mainimage/i_khung.png
  artifactKey: Guid(a934e8a6627a2e14fbf25d09b858a82d) Importer(815301076,1909f56bfc062723c751e8b465ee728b)
Start importing Assets/Resources/res/x3/mainimage/i_khung.png using Guid(a934e8a6627a2e14fbf25d09b858a82d) Importer(815301076,1909f56bfc062723c751e8b465ee728b) (PreviewImporter) -> (artifact id: 'f2db5e261bb255e466a5d793dab4e735') in 0.0201679 seconds
Number of updated asset objects reloaded before import = 0Number of asset objects unloaded after import = 3

========================================================================
Received Import Request.
  Time since last request: 0.000083 seconds.
  path: Assets/Resources/res/x3/mainimage/myTexture2dbtnl.png
  artifactKey: Guid(77665d62fda86934da783dbc1ce050f4) Importer(815301076,1909f56bfc062723c751e8b465ee728b)
Start importing Assets/Resources/res/x3/mainimage/myTexture2dbtnl.png using Guid(77665d62fda86934da783dbc1ce050f4) Importer(815301076,1909f56bfc062723c751e8b465ee728b) (PreviewImporter) -> (artifact id: '2fd57b7f22fafedae8c0dc90e276f7bf') in 0.0203258 seconds
Number of updated asset objects reloaded before import = 0Number of asset objects unloaded after import = 3

========================================================================
Received Import Request.
  Time since last request: 0.000025 seconds.
  path: Assets/Resources/res/x3/mainimage/myTexture2dbtMenu2.png
  artifactKey: Guid(1774390b7fdb13c4b8e347e7c2d65a05) Importer(815301076,1909f56bfc062723c751e8b465ee728b)
Start importing Assets/Resources/res/x3/mainimage/myTexture2dbtMenu2.png using Guid(1774390b7fdb13c4b8e347e7c2d65a05) Importer(815301076,1909f56bfc062723c751e8b465ee728b) (PreviewImporter) -> (artifact id: 'c396f8994d83a1f1e26b842ecfdb0cb0') in 0.0211378 seconds
Number of updated asset objects reloaded before import = 0Number of asset objects unloaded after import = 3

========================================================================
Received Import Request.
  Time since last request: 0.000020 seconds.
  path: Assets/Resources/res/x3/mainimage/btn1mid.png
  artifactKey: Guid(9267eeb9f1e6fd54b868e6048092b4c2) Importer(815301076,1909f56bfc062723c751e8b465ee728b)
Start importing Assets/Resources/res/x3/mainimage/btn1mid.png using Guid(9267eeb9f1e6fd54b868e6048092b4c2) Importer(815301076,1909f56bfc062723c751e8b465ee728b) (PreviewImporter) -> (artifact id: 'e56c7279c84e710ce36a9dccf8da5fdf') in 0.0197696 seconds
Number of updated asset objects reloaded before import = 0Number of asset objects unloaded after import = 3

========================================================================
Received Import Request.
  Time since last request: 0.000026 seconds.
  path: Assets/Resources/res/x3/mainimage/myTexture2dbtnlf.png
  artifactKey: Guid(d201396696afa0048971836a14bd12a1) Importer(815301076,1909f56bfc062723c751e8b465ee728b)
Start importing Assets/Resources/res/x3/mainimage/myTexture2dbtnlf.png using Guid(d201396696afa0048971836a14bd12a1) Importer(815301076,1909f56bfc062723c751e8b465ee728b) (PreviewImporter) -> (artifact id: 'bddce52873f9d20fb9d0186e81c9773d') in 0.0199896 seconds
Number of updated asset objects reloaded before import = 0Number of asset objects unloaded after import = 3

========================================================================
Received Import Request.
  Time since last request: 0.000021 seconds.
  path: Assets/Resources/res/x3/mainimage/btn1right.png
  artifactKey: Guid(f787c4a47082c6e409d313d0499ed0cf) Importer(815301076,1909f56bfc062723c751e8b465ee728b)
Start importing Assets/Resources/res/x3/mainimage/btn1right.png using Guid(f787c4a47082c6e409d313d0499ed0cf) Importer(815301076,1909f56bfc062723c751e8b465ee728b) (PreviewImporter) -> (artifact id: '090fa875350c2a12bc373b5f5e73526e') in 0.0180505 seconds
Number of updated asset objects reloaded before import = 0Number of asset objects unloaded after import = 3

========================================================================
Received Import Request.
  Time since last request: 0.000031 seconds.
  path: Assets/Resources/res/x3/mainimage/myTexture2dbtX.png
  artifactKey: Guid(300a14954fcc1674a8d04fd39467b786) Importer(815301076,1909f56bfc062723c751e8b465ee728b)
Start importing Assets/Resources/res/x3/mainimage/myTexture2dbtX.png using Guid(300a14954fcc1674a8d04fd39467b786) Importer(815301076,1909f56bfc062723c751e8b465ee728b) (PreviewImporter) -> (artifact id: 'e85573228b4598fb380d7fb8f3ba9213') in 0.0199667 seconds
Number of updated asset objects reloaded before import = 0Number of asset objects unloaded after import = 3

========================================================================
Received Import Request.
  Time since last request: 0.000019 seconds.
  path: Assets/Resources/res/x3/mainimage/myTexture2ddown.png
  artifactKey: Guid(059aece07d892224f8077f3f981cbd2b) Importer(815301076,1909f56bfc062723c751e8b465ee728b)
Start importing Assets/Resources/res/x3/mainimage/myTexture2ddown.png using Guid(059aece07d892224f8077f3f981cbd2b) Importer(815301076,1909f56bfc062723c751e8b465ee728b) (PreviewImporter) -> (artifact id: 'de5dbee262bdcbbe9877bb393ffbd84b') in 0.0182948 seconds
Number of updated asset objects reloaded before import = 0Number of asset objects unloaded after import = 3

========================================================================
Received Import Request.
  Time since last request: 0.000028 seconds.
  path: Assets/Resources/res/x3/mainimage/myTexture2danalog2.png
  artifactKey: Guid(b3ae4aa18973be54ab2d186806d13c92) Importer(815301076,1909f56bfc062723c751e8b465ee728b)
Start importing Assets/Resources/res/x3/mainimage/myTexture2danalog2.png using Guid(b3ae4aa18973be54ab2d186806d13c92) Importer(815301076,1909f56bfc062723c751e8b465ee728b) (PreviewImporter) -> (artifact id: 'c8652c5713a8e578caba89c4267a4969') in 0.0177532 seconds
Number of updated asset objects reloaded before import = 0Number of asset objects unloaded after import = 3

========================================================================
Received Import Request.
  Time since last request: 0.000024 seconds.
  path: Assets/Resources/res/x3/mainimage/myTexture2dchat.png
  artifactKey: Guid(5a11920891cefe44b8c583b93122adbc) Importer(815301076,1909f56bfc062723c751e8b465ee728b)
Start importing Assets/Resources/res/x3/mainimage/myTexture2dchat.png using Guid(5a11920891cefe44b8c583b93122adbc) Importer(815301076,1909f56bfc062723c751e8b465ee728b) (PreviewImporter) -> (artifact id: '6422114f98c13f1c73a786336bb1913a') in 0.0197086 seconds
Number of updated asset objects reloaded before import = 0Number of asset objects unloaded after import = 3

========================================================================
Received Import Request.
  Time since last request: 0.000188 seconds.
  path: Assets/Resources/res/x3/mainimage/myTexture2dbd3.png
  artifactKey: Guid(37d9f13e9dd3e2b408d19be2a5384506) Importer(815301076,1909f56bfc062723c751e8b465ee728b)
Start importing Assets/Resources/res/x3/mainimage/myTexture2dbd3.png using Guid(37d9f13e9dd3e2b408d19be2a5384506) Importer(815301076,1909f56bfc062723c751e8b465ee728b) (PreviewImporter) -> (artifact id: 'b34493f7126c1be35edc9dc1b9b9af00') in 0.0171067 seconds
Number of updated asset objects reloaded before import = 0Number of asset objects unloaded after import = 3

========================================================================
Received Import Request.
  Time since last request: 5.220688 seconds.
  path: Assets/Resources/res/x3/pc/chat2.png
  artifactKey: Guid(5c298e9069538754f844a273df72c903) Importer(815301076,1909f56bfc062723c751e8b465ee728b)
Start importing Assets/Resources/res/x3/pc/chat2.png using Guid(5c298e9069538754f844a273df72c903) Importer(815301076,1909f56bfc062723c751e8b465ee728b) (PreviewImporter) -> (artifact id: 'f19da9c5583370c0bc0c4604f20900b0') in 0.0224731 seconds
Number of updated asset objects reloaded before import = 0Number of asset objects unloaded after import = 3

========================================================================
Received Import Request.
  Time since last request: 0.628277 seconds.
  path: Assets/Resources/res/x3/radar/1.png
  artifactKey: Guid(fe2c2de5538d1664a9be2d4c327a89eb) Importer(815301076,1909f56bfc062723c751e8b465ee728b)
Start importing Assets/Resources/res/x3/radar/1.png using Guid(fe2c2de5538d1664a9be2d4c327a89eb) Importer(815301076,1909f56bfc062723c751e8b465ee728b) (PreviewImporter) -> (artifact id: '47bd282cc54432b4edcae267400a8720') in 0.0245165 seconds
Number of updated asset objects reloaded before import = 0Number of asset objects unloaded after import = 3

========================================================================
Received Import Request.
  Time since last request: 0.000026 seconds.
  path: Assets/Resources/res/x3/radar/4.png
  artifactKey: Guid(f86fdf178db840340a09d209a301493f) Importer(815301076,1909f56bfc062723c751e8b465ee728b)
Start importing Assets/Resources/res/x3/radar/4.png using Guid(f86fdf178db840340a09d209a301493f) Importer(815301076,1909f56bfc062723c751e8b465ee728b) (PreviewImporter) -> (artifact id: '46a15ac19535c9b4266b3103839066d3') in 0.0272091 seconds
Number of updated asset objects reloaded before import = 0Number of asset objects unloaded after import = 3

========================================================================
Received Import Request.
  Time since last request: 0.000035 seconds.
  path: Assets/Resources/res/x3/radar/14.png
  artifactKey: Guid(89612f8648a43384a9ceb27c1db722a7) Importer(815301076,1909f56bfc062723c751e8b465ee728b)
Start importing Assets/Resources/res/x3/radar/14.png using Guid(89612f8648a43384a9ceb27c1db722a7) Importer(815301076,1909f56bfc062723c751e8b465ee728b) (PreviewImporter) -> (artifact id: '2574c86942e5c5af18dbd54ee91e12dc') in 0.0256776 seconds
Number of updated asset objects reloaded before import = 0Number of asset objects unloaded after import = 3

========================================================================
Received Import Request.
  Time since last request: 0.000034 seconds.
  path: Assets/Resources/res/x3/radar/5.png
  artifactKey: Guid(e3b1a19d979d2364cb4990919b8d9fcf) Importer(815301076,1909f56bfc062723c751e8b465ee728b)
Start importing Assets/Resources/res/x3/radar/5.png using Guid(e3b1a19d979d2364cb4990919b8d9fcf) Importer(815301076,1909f56bfc062723c751e8b465ee728b) (PreviewImporter) -> (artifact id: 'd9ed309ded4b16858304a15b3ce8dbed') in 0.0212791 seconds
Number of updated asset objects reloaded before import = 0Number of asset objects unloaded after import = 3

========================================================================
Received Import Request.
  Time since last request: 0.000099 seconds.
  path: Assets/Resources/res/x3/radar/7.png
  artifactKey: Guid(a6872965ca6a49545ac5164fdd031a11) Importer(815301076,1909f56bfc062723c751e8b465ee728b)
Start importing Assets/Resources/res/x3/radar/7.png using Guid(a6872965ca6a49545ac5164fdd031a11) Importer(815301076,1909f56bfc062723c751e8b465ee728b) (PreviewImporter) -> (artifact id: '088192ebed2a0df8d0a388fad6cb9f31') in 0.0230125 seconds
Number of updated asset objects reloaded before import = 0Number of asset objects unloaded after import = 3

========================================================================
Received Import Request.
  Time since last request: 0.000083 seconds.
  path: Assets/Resources/res/x3/radar/8.png
  artifactKey: Guid(3623d31b4a6cc3a4894109ca3e9b76d5) Importer(815301076,1909f56bfc062723c751e8b465ee728b)
Start importing Assets/Resources/res/x3/radar/8.png using Guid(3623d31b4a6cc3a4894109ca3e9b76d5) Importer(815301076,1909f56bfc062723c751e8b465ee728b) (PreviewImporter) -> (artifact id: '98357e50b0e37610b2579037ad265249') in 0.0240644 seconds
Number of updated asset objects reloaded before import = 0Number of asset objects unloaded after import = 3

========================================================================
Received Import Request.
  Time since last request: 0.000022 seconds.
  path: Assets/Resources/res/x3/radar/13.png
  artifactKey: Guid(1655a3cf802b76949b6c6002eaecd930) Importer(815301076,1909f56bfc062723c751e8b465ee728b)
Start importing Assets/Resources/res/x3/radar/13.png using Guid(1655a3cf802b76949b6c6002eaecd930) Importer(815301076,1909f56bfc062723c751e8b465ee728b) (PreviewImporter) -> (artifact id: '0772c9ed3219c19e586d1f8d90fe5dd3') in 0.0229422 seconds
Number of updated asset objects reloaded before import = 0Number of asset objects unloaded after import = 3

========================================================================
Received Import Request.
  Time since last request: 0.000026 seconds.
  path: Assets/Resources/res/x3/radar/19.png
  artifactKey: Guid(8d03960e0467b6847a402d0a02f5c76c) Importer(815301076,1909f56bfc062723c751e8b465ee728b)
Start importing Assets/Resources/res/x3/radar/19.png using Guid(8d03960e0467b6847a402d0a02f5c76c) Importer(815301076,1909f56bfc062723c751e8b465ee728b) (PreviewImporter) -> (artifact id: '6a2df83fba79b4be8082be290dafe85b') in 0.0206268 seconds
Number of updated asset objects reloaded before import = 0Number of asset objects unloaded after import = 3

========================================================================
Received Import Request.
  Time since last request: 0.491850 seconds.
  path: Assets/Resources/res/x3/smallimage/Small1086.png
  artifactKey: Guid(1ea373a0b1eab214588f2c9bced12034) Importer(815301076,1909f56bfc062723c751e8b465ee728b)
Start importing Assets/Resources/res/x3/smallimage/Small1086.png using Guid(1ea373a0b1eab214588f2c9bced12034) Importer(815301076,1909f56bfc062723c751e8b465ee728b) (PreviewImporter) -> (artifact id: '33fa3bb004d9f34b3b70c17a3cb902b4') in 0.0241677 seconds
Number of updated asset objects reloaded before import = 0Number of asset objects unloaded after import = 3

========================================================================
Received Import Request.
  Time since last request: 1.367841 seconds.
  path: Assets/Resources/res/x4/redeye.png
  artifactKey: Guid(56aea13b4a5c38a4eb244b65e94f6001) Importer(815301076,1909f56bfc062723c751e8b465ee728b)
Start importing Assets/Resources/res/x4/redeye.png using Guid(56aea13b4a5c38a4eb244b65e94f6001) Importer(815301076,1909f56bfc062723c751e8b465ee728b) (PreviewImporter) -> (artifact id: 'f13c7c4d5f4cc4809ec8cfe87e8dfb53') in 0.0250105 seconds
Number of updated asset objects reloaded before import = 0Number of asset objects unloaded after import = 3

========================================================================
Received Import Request.
  Time since last request: 2.424307 seconds.
  path: Assets/Resources/res/x4/CharEffect/choco.png
  artifactKey: Guid(34dcbb4b1e0b82144a47fc5afd0f9e06) Importer(815301076,1909f56bfc062723c751e8b465ee728b)
Start importing Assets/Resources/res/x4/CharEffect/choco.png using Guid(34dcbb4b1e0b82144a47fc5afd0f9e06) Importer(815301076,1909f56bfc062723c751e8b465ee728b) (PreviewImporter) -> (artifact id: 'dd630cfc6513b8978219c587937e2a44') in 0.0247357 seconds
Number of updated asset objects reloaded before import = 0Number of asset objects unloaded after import = 3

========================================================================
Received Import Request.
  Time since last request: 0.000018 seconds.
  path: Assets/Resources/res/x4/CharEffect/teleport.png
  artifactKey: Guid(9dd8c011e5800384fbff38823f6625b2) Importer(815301076,1909f56bfc062723c751e8b465ee728b)
Start importing Assets/Resources/res/x4/CharEffect/teleport.png using Guid(9dd8c011e5800384fbff38823f6625b2) Importer(815301076,1909f56bfc062723c751e8b465ee728b) (PreviewImporter) -> (artifact id: 'e7e162e6a32e3365d8a915079e65cc46') in 0.0195493 seconds
Number of updated asset objects reloaded before import = 0Number of asset objects unloaded after import = 3

========================================================================
Received Import Request.
  Time since last request: 0.000025 seconds.
  path: Assets/Resources/res/x4/CharEffect/qckk.png
  artifactKey: Guid(4ad8034050a95ff40a2ca61654a13954) Importer(815301076,1909f56bfc062723c751e8b465ee728b)
Start importing Assets/Resources/res/x4/CharEffect/qckk.png using Guid(4ad8034050a95ff40a2ca61654a13954) Importer(815301076,1909f56bfc062723c751e8b465ee728b) (PreviewImporter) -> (artifact id: '212143788ae8114567d9bc026a70107f') in 0.0216095 seconds
Number of updated asset objects reloaded before import = 0Number of asset objects unloaded after import = 3

========================================================================
Received Import Request.
  Time since last request: 0.000019 seconds.
  path: Assets/Resources/res/x4/CharEffect/stone.png
  artifactKey: Guid(8bae485b3bb8a8e4bb4f7ff913da875d) Importer(815301076,1909f56bfc062723c751e8b465ee728b)
Start importing Assets/Resources/res/x4/CharEffect/stone.png using Guid(8bae485b3bb8a8e4bb4f7ff913da875d) Importer(815301076,1909f56bfc062723c751e8b465ee728b) (PreviewImporter) -> (artifact id: 'bec55110e267ff07fbb3b7e1638117e2') in 0.0200895 seconds
Number of updated asset objects reloaded before import = 0Number of asset objects unloaded after import = 3

========================================================================
Received Import Request.
  Time since last request: 0.000036 seconds.
  path: Assets/Resources/res/x4/CharEffect/mobme.png
  artifactKey: Guid(bc034299f53ac5d4fbc87d0bdb5f230c) Importer(815301076,1909f56bfc062723c751e8b465ee728b)
Start importing Assets/Resources/res/x4/CharEffect/mobme.png using Guid(bc034299f53ac5d4fbc87d0bdb5f230c) Importer(815301076,1909f56bfc062723c751e8b465ee728b) (PreviewImporter) -> (artifact id: '02fa9446730379b9483a00fe1890e7d3') in 0.0259876 seconds
Number of updated asset objects reloaded before import = 0Number of asset objects unloaded after import = 3

========================================================================
Received Import Request.
  Time since last request: 0.000023 seconds.
  path: Assets/Resources/res/x4/CharEffect/nrd5.png
  artifactKey: Guid(f1e76f61e43f9e244934e803ee33abbe) Importer(815301076,1909f56bfc062723c751e8b465ee728b)
Start importing Assets/Resources/res/x4/CharEffect/nrd5.png using Guid(f1e76f61e43f9e244934e803ee33abbe) Importer(815301076,1909f56bfc062723c751e8b465ee728b) (PreviewImporter) -> (artifact id: '6e62a14a67bc7e50a99f6010d76fcc80') in 0.0237132 seconds
Number of updated asset objects reloaded before import = 0Number of asset objects unloaded after import = 3

========================================================================
Received Import Request.
  Time since last request: 0.000024 seconds.
  path: Assets/Resources/res/x4/CharEffect/nrd7.png
  artifactKey: Guid(8a3fc10581b071442bb8ccfcfc7bec05) Importer(815301076,1909f56bfc062723c751e8b465ee728b)
Start importing Assets/Resources/res/x4/CharEffect/nrd7.png using Guid(8a3fc10581b071442bb8ccfcfc7bec05) Importer(815301076,1909f56bfc062723c751e8b465ee728b) (PreviewImporter) -> (artifact id: 'bec1d0b3b388fab72de0120671b131fa') in 0.021867 seconds
Number of updated asset objects reloaded before import = 0Number of asset objects unloaded after import = 3

========================================================================
Received Import Request.
  Time since last request: 0.617361 seconds.
  path: Assets/Resources/res/x4/bg/fog1.png
  artifactKey: Guid(72467364859d9a44f8e52b2b06380612) Importer(815301076,1909f56bfc062723c751e8b465ee728b)
Start importing Assets/Resources/res/x4/bg/fog1.png using Guid(72467364859d9a44f8e52b2b06380612) Importer(815301076,1909f56bfc062723c751e8b465ee728b) (PreviewImporter) -> (artifact id: '8cf5111220b399725a860cd67c25751c') in 0.0357513 seconds
Number of updated asset objects reloaded before import = 0Number of asset objects unloaded after import = 3

========================================================================
Received Import Request.
  Time since last request: 1.956797 seconds.
  path: Assets/Resources/res/x4/e/d01.png
  artifactKey: Guid(bf04646e016d8424aa898a6a5f100016) Importer(815301076,1909f56bfc062723c751e8b465ee728b)
Start importing Assets/Resources/res/x4/e/d01.png using Guid(bf04646e016d8424aa898a6a5f100016) Importer(815301076,1909f56bfc062723c751e8b465ee728b) (PreviewImporter) -> (artifact id: 'a0304f60d134aad0fa5d303363b71463') in 0.0192566 seconds
Number of updated asset objects reloaded before import = 0Number of asset objects unloaded after import = 3

========================================================================
Received Import Request.
  Time since last request: 0.000177 seconds.
  path: Assets/Resources/res/x4/e/e_6.png
  artifactKey: Guid(51b18a3fb61074946b001116496ebabf) Importer(815301076,1909f56bfc062723c751e8b465ee728b)
Start importing Assets/Resources/res/x4/e/e_6.png using Guid(51b18a3fb61074946b001116496ebabf) Importer(815301076,1909f56bfc062723c751e8b465ee728b) (PreviewImporter) -> (artifact id: '65fd98bbbe6bc0414aeb12ebec23a96b') in 0.0270118 seconds
Number of updated asset objects reloaded before import = 0Number of asset objects unloaded after import = 3

========================================================================
Received Import Request.
  Time since last request: 0.000023 seconds.
  path: Assets/Resources/res/x4/e/nut3.png
  artifactKey: Guid(0ee9c546f4cfc07418116b38308cc0d1) Importer(815301076,1909f56bfc062723c751e8b465ee728b)
Start importing Assets/Resources/res/x4/e/nut3.png using Guid(0ee9c546f4cfc07418116b38308cc0d1) Importer(815301076,1909f56bfc062723c751e8b465ee728b) (PreviewImporter) -> (artifact id: '4ccd75d0539aa20be46a6c95e2444e8f') in 0.0228061 seconds
Number of updated asset objects reloaded before import = 0Number of asset objects unloaded after import = 3

========================================================================
Received Import Request.
  Time since last request: 0.000054 seconds.
  path: Assets/Resources/res/x4/e/e_12.png
  artifactKey: Guid(ddb1049437680a84793623ba28c00f00) Importer(815301076,1909f56bfc062723c751e8b465ee728b)
Start importing Assets/Resources/res/x4/e/e_12.png using Guid(ddb1049437680a84793623ba28c00f00) Importer(815301076,1909f56bfc062723c751e8b465ee728b) (PreviewImporter) -> (artifact id: 'f1cb3db966b1668472ac5406c9f1fa13') in 0.0291886 seconds
Number of updated asset objects reloaded before import = 0Number of asset objects unloaded after import = 3

========================================================================
Received Import Request.
  Time since last request: 0.000027 seconds.
  path: Assets/Resources/res/x4/e/d04.png
  artifactKey: Guid(3c69ea807bd69cd4bb7a31f92b3c474c) Importer(815301076,1909f56bfc062723c751e8b465ee728b)
Start importing Assets/Resources/res/x4/e/d04.png using Guid(3c69ea807bd69cd4bb7a31f92b3c474c) Importer(815301076,1909f56bfc062723c751e8b465ee728b) (PreviewImporter) -> (artifact id: 'ae20abae2b8631c0ca3ee06a3ff046a7') in 0.025171 seconds
Number of updated asset objects reloaded before import = 0Number of asset objects unloaded after import = 3

========================================================================
Received Import Request.
  Time since last request: 0.000038 seconds.
  path: Assets/Resources/res/x4/e/d03.png
  artifactKey: Guid(0da50e81510766b40972fcbad69ffecd) Importer(815301076,1909f56bfc062723c751e8b465ee728b)
Start importing Assets/Resources/res/x4/e/d03.png using Guid(0da50e81510766b40972fcbad69ffecd) Importer(815301076,1909f56bfc062723c751e8b465ee728b) (PreviewImporter) -> (artifact id: 'aa51f3ea521df8eaa4a3b1b47b1c7bd9') in 0.024049 seconds
Number of updated asset objects reloaded before import = 0Number of asset objects unloaded after import = 3

========================================================================
Received Import Request.
  Time since last request: 0.000082 seconds.
  path: Assets/Resources/res/x4/e/e_28.png
  artifactKey: Guid(233e093d9dc48c944bae98f5c7d4e580) Importer(815301076,1909f56bfc062723c751e8b465ee728b)
Start importing Assets/Resources/res/x4/e/e_28.png using Guid(233e093d9dc48c944bae98f5c7d4e580) Importer(815301076,1909f56bfc062723c751e8b465ee728b) (PreviewImporter) -> (artifact id: '1435190b4237dda0e665b63a60173628') in 0.0328088 seconds
Number of updated asset objects reloaded before import = 0Number of asset objects unloaded after import = 3

========================================================================
Received Import Request.
  Time since last request: 0.000035 seconds.
  path: Assets/Resources/res/x4/e/e_14.png
  artifactKey: Guid(82ac8cf941e59fd49bd53b67e702bb1f) Importer(815301076,1909f56bfc062723c751e8b465ee728b)
Start importing Assets/Resources/res/x4/e/e_14.png using Guid(82ac8cf941e59fd49bd53b67e702bb1f) Importer(815301076,1909f56bfc062723c751e8b465ee728b) (PreviewImporter) -> (artifact id: '8f4441290ca6c30edc08a5ff2869cd5d') in 0.0296293 seconds
Number of updated asset objects reloaded before import = 0Number of asset objects unloaded after import = 3

========================================================================
Received Import Request.
  Time since last request: 0.000044 seconds.
  path: Assets/Resources/res/x4/e/d13.png
  artifactKey: Guid(c46c112f79045374897f9a0a78b7cd9b) Importer(815301076,1909f56bfc062723c751e8b465ee728b)
Start importing Assets/Resources/res/x4/e/d13.png using Guid(c46c112f79045374897f9a0a78b7cd9b) Importer(815301076,1909f56bfc062723c751e8b465ee728b) (PreviewImporter) -> (artifact id: 'a279a51f78beb29345475c6c5b8465ec') in 0.019833 seconds
Number of updated asset objects reloaded before import = 0Number of asset objects unloaded after import = 3

========================================================================
Received Import Request.
  Time since last request: 0.000023 seconds.
  path: Assets/Resources/res/x4/e/e_20.png
  artifactKey: Guid(53488aefb8f096f47b8e9dfdd877628c) Importer(815301076,1909f56bfc062723c751e8b465ee728b)
Start importing Assets/Resources/res/x4/e/e_20.png using Guid(53488aefb8f096f47b8e9dfdd877628c) Importer(815301076,1909f56bfc062723c751e8b465ee728b) (PreviewImporter) -> (artifact id: 'f8dd704ff10bfaea69424600cf421aab') in 0.0265664 seconds
Number of updated asset objects reloaded before import = 0Number of asset objects unloaded after import = 3

========================================================================
Received Import Request.
  Time since last request: 0.000025 seconds.
  path: Assets/Resources/res/x4/e/nut2.png
  artifactKey: Guid(08e5d12d32b249046ba005b24eadd46d) Importer(815301076,1909f56bfc062723c751e8b465ee728b)
Start importing Assets/Resources/res/x4/e/nut2.png using Guid(08e5d12d32b249046ba005b24eadd46d) Importer(815301076,1909f56bfc062723c751e8b465ee728b) (PreviewImporter) -> (artifact id: 'c8064db2124360ef10d7c71130133d26') in 0.0192722 seconds
Number of updated asset objects reloaded before import = 0Number of asset objects unloaded after import = 3

========================================================================
Received Import Request.
  Time since last request: 0.000051 seconds.
  path: Assets/Resources/res/x4/e/e_24.png
  artifactKey: Guid(a735b1dfaa99f114bbe10322bd569f4c) Importer(815301076,1909f56bfc062723c751e8b465ee728b)
Start importing Assets/Resources/res/x4/e/e_24.png using Guid(a735b1dfaa99f114bbe10322bd569f4c) Importer(815301076,1909f56bfc062723c751e8b465ee728b) (PreviewImporter) -> (artifact id: '7052db40191f07ec8f6a3e077611048a') in 0.0234844 seconds
Number of updated asset objects reloaded before import = 0Number of asset objects unloaded after import = 3

========================================================================
Received Import Request.
  Time since last request: 0.000046 seconds.
  path: Assets/Resources/res/x4/e/e_4.png
  artifactKey: Guid(f68297c6fbabf6d439c52e96d611f895) Importer(815301076,1909f56bfc062723c751e8b465ee728b)
Start importing Assets/Resources/res/x4/e/e_4.png using Guid(f68297c6fbabf6d439c52e96d611f895) Importer(815301076,1909f56bfc062723c751e8b465ee728b) (PreviewImporter) -> (artifact id: 'e9104508f2c28c338e0678410b027907') in 0.0235112 seconds
Number of updated asset objects reloaded before import = 0Number of asset objects unloaded after import = 3

========================================================================
Received Import Request.
  Time since last request: 1.125606 seconds.
  path: Assets/Resources/res/x4/mainimage/btn0left.png
  artifactKey: Guid(13e6c201d57a8a74ebff8ef78cae6e2c) Importer(815301076,1909f56bfc062723c751e8b465ee728b)
Start importing Assets/Resources/res/x4/mainimage/btn0left.png using Guid(13e6c201d57a8a74ebff8ef78cae6e2c) Importer(815301076,1909f56bfc062723c751e8b465ee728b) (PreviewImporter) -> (artifact id: 'b89162bbde2fd865bb0acdd25a08d74a') in 0.0168062 seconds
Number of updated asset objects reloaded before import = 0Number of asset objects unloaded after import = 3

========================================================================
Received Import Request.
  Time since last request: 0.000015 seconds.
  path: Assets/Resources/res/x4/mainimage/hole.png
  artifactKey: Guid(cebe01947bdc72d4fb1e6c802705665c) Importer(815301076,1909f56bfc062723c751e8b465ee728b)
Start importing Assets/Resources/res/x4/mainimage/hole.png using Guid(cebe01947bdc72d4fb1e6c802705665c) Importer(815301076,1909f56bfc062723c751e8b465ee728b) (PreviewImporter) -> (artifact id: 'd6d559f3e0c19830e62c4466e00d7c1d') in 0.0160661 seconds
Number of updated asset objects reloaded before import = 0Number of asset objects unloaded after import = 3

========================================================================
Received Import Request.
  Time since last request: 0.000021 seconds.
  path: Assets/Resources/res/x4/mainimage/btn1right.png
  artifactKey: Guid(a5576965c89feb24ea24b871e548bae0) Importer(815301076,1909f56bfc062723c751e8b465ee728b)
Start importing Assets/Resources/res/x4/mainimage/btn1right.png using Guid(a5576965c89feb24ea24b871e548bae0) Importer(815301076,1909f56bfc062723c751e8b465ee728b) (PreviewImporter) -> (artifact id: 'af7b85c49785c6f465de2ecd5601e623') in 0.0183148 seconds
Number of updated asset objects reloaded before import = 0Number of asset objects unloaded after import = 3

========================================================================
Received Import Request.
  Time since last request: 0.000017 seconds.
  path: Assets/Resources/res/x4/mainimage/myTexture2darrow2.png
  artifactKey: Guid(48a2654c3995d6740a5b834357aed591) Importer(815301076,1909f56bfc062723c751e8b465ee728b)
Start importing Assets/Resources/res/x4/mainimage/myTexture2darrow2.png using Guid(48a2654c3995d6740a5b834357aed591) Importer(815301076,1909f56bfc062723c751e8b465ee728b) (PreviewImporter) -> (artifact id: '5eb0e39b13fda74a0d3f6cd36f683eeb') in 0.019074 seconds
Number of updated asset objects reloaded before import = 0Number of asset objects unloaded after import = 3

========================================================================
Received Import Request.
  Time since last request: 0.000036 seconds.
  path: Assets/Resources/res/x4/mainimage/myTexture2dbtnl2.png
  artifactKey: Guid(bb3b8a070fdc79044b5ebc9604ea1e50) Importer(815301076,1909f56bfc062723c751e8b465ee728b)
Start importing Assets/Resources/res/x4/mainimage/myTexture2dbtnl2.png using Guid(bb3b8a070fdc79044b5ebc9604ea1e50) Importer(815301076,1909f56bfc062723c751e8b465ee728b) (PreviewImporter) -> (artifact id: '4f53bfa5dafa74318afe998dc9322941') in 0.019212 seconds
Number of updated asset objects reloaded before import = 0Number of asset objects unloaded after import = 3

========================================================================
Received Import Request.
  Time since last request: 0.000042 seconds.
  path: Assets/Resources/res/x4/mainimage/i_pve_bar_0.png
  artifactKey: Guid(39aa8dcb3c270be4194972607f76c2f9) Importer(815301076,1909f56bfc062723c751e8b465ee728b)
Start importing Assets/Resources/res/x4/mainimage/i_pve_bar_0.png using Guid(39aa8dcb3c270be4194972607f76c2f9) Importer(815301076,1909f56bfc062723c751e8b465ee728b) (PreviewImporter) -> (artifact id: '011bf3e582b89bfac302f609c21c06ab') in 0.0177215 seconds
Number of updated asset objects reloaded before import = 0Number of asset objects unloaded after import = 3

========================================================================
Received Import Request.
  Time since last request: 0.000019 seconds.
  path: Assets/Resources/res/x4/mainimage/myTexture2dbtnl.png
  artifactKey: Guid(4afe833e1ef42f144b68f79ab021841a) Importer(815301076,1909f56bfc062723c751e8b465ee728b)
Start importing Assets/Resources/res/x4/mainimage/myTexture2dbtnl.png using Guid(4afe833e1ef42f144b68f79ab021841a) Importer(815301076,1909f56bfc062723c751e8b465ee728b) (PreviewImporter) -> (artifact id: 'c2a3273369ecdef349c31ef3bcba98b5') in 0.0183647 seconds
Number of updated asset objects reloaded before import = 0Number of asset objects unloaded after import = 3

========================================================================
Received Import Request.
  Time since last request: 0.000018 seconds.
  path: Assets/Resources/res/x4/mainimage/logo1E.png
  artifactKey: Guid(a60b0898f74d1884eb2f6e84443e7cce) Importer(815301076,1909f56bfc062723c751e8b465ee728b)
Start importing Assets/Resources/res/x4/mainimage/logo1E.png using Guid(a60b0898f74d1884eb2f6e84443e7cce) Importer(815301076,1909f56bfc062723c751e8b465ee728b) (PreviewImporter) -> (artifact id: '6e750dfefe95af266cd5c40979b7cd02') in 0.0199165 seconds
Number of updated asset objects reloaded before import = 0Number of asset objects unloaded after import = 3

========================================================================
Received Import Request.
  Time since last request: 0.000021 seconds.
  path: Assets/Resources/res/x4/mainimage/i_hp.png
  artifactKey: Guid(0ce94b69311b86849ae71b00d42644b1) Importer(815301076,1909f56bfc062723c751e8b465ee728b)
Start importing Assets/Resources/res/x4/mainimage/i_hp.png using Guid(0ce94b69311b86849ae71b00d42644b1) Importer(815301076,1909f56bfc062723c751e8b465ee728b) (PreviewImporter) -> (artifact id: '0ac2c2e8a56aa1f58e14ab201c080809') in 0.0191302 seconds
Number of updated asset objects reloaded before import = 0Number of asset objects unloaded after import = 3

========================================================================
Received Import Request.
  Time since last request: 0.000029 seconds.
  path: Assets/Resources/res/x4/mainimage/myTexture2dbd2.png
  artifactKey: Guid(efcca1418fab705488baac43de64c776) Importer(815301076,1909f56bfc062723c751e8b465ee728b)
Start importing Assets/Resources/res/x4/mainimage/myTexture2dbd2.png using Guid(efcca1418fab705488baac43de64c776) Importer(815301076,1909f56bfc062723c751e8b465ee728b) (PreviewImporter) -> (artifact id: 'ca2014487702572c00b9430a94953c9e') in 0.0171718 seconds
Number of updated asset objects reloaded before import = 0Number of asset objects unloaded after import = 3

========================================================================
Received Import Request.
  Time since last request: 0.000025 seconds.
  path: Assets/Resources/res/x4/mainimage/myTexture2danalog2.png
  artifactKey: Guid(e556f112cffd77e4684abc27ca827978) Importer(815301076,1909f56bfc062723c751e8b465ee728b)
Start importing Assets/Resources/res/x4/mainimage/myTexture2danalog2.png using Guid(e556f112cffd77e4684abc27ca827978) Importer(815301076,1909f56bfc062723c751e8b465ee728b) (PreviewImporter) -> (artifact id: '2fed1ef9c793692a77cac3d349a84aff') in 0.0208821 seconds
Number of updated asset objects reloaded before import = 0Number of asset objects unloaded after import = 3

========================================================================
Received Import Request.
  Time since last request: 0.000030 seconds.
  path: Assets/Resources/res/x4/mainimage/myTexture2darrow3.png
  artifactKey: Guid(97bc6f0447476c1439add1604deffe18) Importer(815301076,1909f56bfc062723c751e8b465ee728b)
Start importing Assets/Resources/res/x4/mainimage/myTexture2darrow3.png using Guid(97bc6f0447476c1439add1604deffe18) Importer(815301076,1909f56bfc062723c751e8b465ee728b) (PreviewImporter) -> (artifact id: 'a76fe3e2968b6774000415ad7821edf0') in 0.0205967 seconds
Number of updated asset objects reloaded before import = 0Number of asset objects unloaded after import = 3

========================================================================
Received Import Request.
  Time since last request: 0.000029 seconds.
  path: Assets/Resources/res/x4/mainimage/i_khung.png
  artifactKey: Guid(56de7c82a721e544580e8f9b11e81590) Importer(815301076,1909f56bfc062723c751e8b465ee728b)
Start importing Assets/Resources/res/x4/mainimage/i_khung.png using Guid(56de7c82a721e544580e8f9b11e81590) Importer(815301076,1909f56bfc062723c751e8b465ee728b) (PreviewImporter) -> (artifact id: '00672eb3a6df9459c74fbf771a6c0d10') in 0.018873 seconds
Number of updated asset objects reloaded before import = 0Number of asset objects unloaded after import = 3

========================================================================
Received Import Request.
  Time since last request: 0.000032 seconds.
  path: Assets/Resources/res/x4/mainimage/i_charlife.png
  artifactKey: Guid(6d5cbfd51c0d55941b43bbcacc4fb500) Importer(815301076,1909f56bfc062723c751e8b465ee728b)
Start importing Assets/Resources/res/x4/mainimage/i_charlife.png using Guid(6d5cbfd51c0d55941b43bbcacc4fb500) Importer(815301076,1909f56bfc062723c751e8b465ee728b) (PreviewImporter) -> (artifact id: '9281fb442f4c23e0692c2eb9585653c4') in 0.0173247 seconds
Number of updated asset objects reloaded before import = 0Number of asset objects unloaded after import = 3

========================================================================
Received Import Request.
  Time since last request: 0.863356 seconds.
  path: Assets/Resources/res/x4/pc/chat2.png
  artifactKey: Guid(09d0845ca50c0b34599be16f571069ed) Importer(815301076,1909f56bfc062723c751e8b465ee728b)
Start importing Assets/Resources/res/x4/pc/chat2.png using Guid(09d0845ca50c0b34599be16f571069ed) Importer(815301076,1909f56bfc062723c751e8b465ee728b) (PreviewImporter) -> (artifact id: '3990b9c3e24a756b4cf41b2caf0ef16b') in 0.0233049 seconds
Number of updated asset objects reloaded before import = 0Number of asset objects unloaded after import = 3

========================================================================
Received Import Request.
  Time since last request: 1.150399 seconds.
  path: Assets/Resources/res/x4/radar/1.png
  artifactKey: Guid(c939a77693fd14b4da846ead9e40a5dc) Importer(815301076,1909f56bfc062723c751e8b465ee728b)
Start importing Assets/Resources/res/x4/radar/1.png using Guid(c939a77693fd14b4da846ead9e40a5dc) Importer(815301076,1909f56bfc062723c751e8b465ee728b) (PreviewImporter) -> (artifact id: '72fb45b672e7426b4136ba1bbd9dd59a') in 0.0260008 seconds
Number of updated asset objects reloaded before import = 0Number of asset objects unloaded after import = 3

========================================================================
Received Import Request.
  Time since last request: 0.000023 seconds.
  path: Assets/Resources/res/x4/radar/9.png
  artifactKey: Guid(f0b145372f2232442b5a9d3cdd4c6b6a) Importer(815301076,1909f56bfc062723c751e8b465ee728b)
Start importing Assets/Resources/res/x4/radar/9.png using Guid(f0b145372f2232442b5a9d3cdd4c6b6a) Importer(815301076,1909f56bfc062723c751e8b465ee728b) (PreviewImporter) -> (artifact id: '123f0ddcc5d02af40d3c7a65600a0b09') in 0.0248955 seconds
Number of updated asset objects reloaded before import = 0Number of asset objects unloaded after import = 3

========================================================================
Received Import Request.
  Time since last request: 0.000038 seconds.
  path: Assets/Resources/res/x4/radar/22.png
  artifactKey: Guid(6a9c64090795a4f4f84db88b3dc7fdac) Importer(815301076,1909f56bfc062723c751e8b465ee728b)
Start importing Assets/Resources/res/x4/radar/22.png using Guid(6a9c64090795a4f4f84db88b3dc7fdac) Importer(815301076,1909f56bfc062723c751e8b465ee728b) (PreviewImporter) -> (artifact id: '0df4eb04113dd127136a2ba3ac0ae63a') in 0.0199799 seconds
Number of updated asset objects reloaded before import = 0Number of asset objects unloaded after import = 3

========================================================================
Received Import Request.
  Time since last request: 0.000035 seconds.
  path: Assets/Resources/res/x4/radar/17.png
  artifactKey: Guid(893684fae99df3d4e841f9ae90724729) Importer(815301076,1909f56bfc062723c751e8b465ee728b)
Start importing Assets/Resources/res/x4/radar/17.png using Guid(893684fae99df3d4e841f9ae90724729) Importer(815301076,1909f56bfc062723c751e8b465ee728b) (PreviewImporter) -> (artifact id: 'f96025b283225f2663930785e8e712f9') in 0.0235934 seconds
Number of updated asset objects reloaded before import = 0Number of asset objects unloaded after import = 3

========================================================================
Received Import Request.
  Time since last request: 0.000022 seconds.
  path: Assets/Resources/res/x4/radar/6.png
  artifactKey: Guid(0228b4446e463af429ab08710bb32f5b) Importer(815301076,1909f56bfc062723c751e8b465ee728b)
Start importing Assets/Resources/res/x4/radar/6.png using Guid(0228b4446e463af429ab08710bb32f5b) Importer(815301076,1909f56bfc062723c751e8b465ee728b) (PreviewImporter) -> (artifact id: '11c29ed0ba4b5a340e58b23a3b747d26') in 0.0194366 seconds
Number of updated asset objects reloaded before import = 0Number of asset objects unloaded after import = 3

========================================================================
Received Import Request.
  Time since last request: 0.000083 seconds.
  path: Assets/Resources/res/x4/radar/7.png
  artifactKey: Guid(c8885c5ea97efaa4ab2213466f0aece5) Importer(815301076,1909f56bfc062723c751e8b465ee728b)
Start importing Assets/Resources/res/x4/radar/7.png using Guid(c8885c5ea97efaa4ab2213466f0aece5) Importer(815301076,1909f56bfc062723c751e8b465ee728b) (PreviewImporter) -> (artifact id: '182718e8437be6bc897e00adf043eba9') in 0.0206312 seconds
Number of updated asset objects reloaded before import = 0Number of asset objects unloaded after import = 3

========================================================================
Received Import Request.
  Time since last request: 0.000043 seconds.
  path: Assets/Resources/res/x4/radar/10.png
  artifactKey: Guid(3c8838c8715d2894a8444d84a48dfb04) Importer(815301076,1909f56bfc062723c751e8b465ee728b)
Start importing Assets/Resources/res/x4/radar/10.png using Guid(3c8838c8715d2894a8444d84a48dfb04) Importer(815301076,1909f56bfc062723c751e8b465ee728b) (PreviewImporter) -> (artifact id: '2cdf03ead03608bf61a8430b9fca019a') in 0.0215884 seconds
Number of updated asset objects reloaded before import = 0Number of asset objects unloaded after import = 3

========================================================================
Received Import Request.
  Time since last request: 0.000035 seconds.
  path: Assets/Resources/res/x4/radar/8.png
  artifactKey: Guid(cf4b5d8889c40a44dbd81ed317df3b8b) Importer(815301076,1909f56bfc062723c751e8b465ee728b)
Start importing Assets/Resources/res/x4/radar/8.png using Guid(cf4b5d8889c40a44dbd81ed317df3b8b) Importer(815301076,1909f56bfc062723c751e8b465ee728b) (PreviewImporter) -> (artifact id: '025c2bfc3193e667ad6955c01cc3162f') in 0.0217009 seconds
Number of updated asset objects reloaded before import = 0Number of asset objects unloaded after import = 3

========================================================================
Received Import Request.
  Time since last request: 0.624305 seconds.
  path: Assets/Resources/res/x4/smallimage/Small1086.png
  artifactKey: Guid(f37a71ba35650ff47a9eff33ea41b965) Importer(815301076,1909f56bfc062723c751e8b465ee728b)
Start importing Assets/Resources/res/x4/smallimage/Small1086.png using Guid(f37a71ba35650ff47a9eff33ea41b965) Importer(815301076,1909f56bfc062723c751e8b465ee728b) (PreviewImporter) -> (artifact id: 'ad7990b4cf5913dabc5babc0521eea2d') in 0.0222635 seconds
Number of updated asset objects reloaded before import = 0Number of asset objects unloaded after import = 3

========================================================================
Received Import Request.
  Time since last request: 13.848383 seconds.
  path: Assets/Resources/res/sound/1.wav
  artifactKey: Guid(d91987056df1d0c41a692fd34b3c6ace) Importer(815301076,1909f56bfc062723c751e8b465ee728b)
Start importing Assets/Resources/res/sound/1.wav using Guid(d91987056df1d0c41a692fd34b3c6ace) Importer(815301076,1909f56bfc062723c751e8b465ee728b) (PreviewImporter) -> (artifact id: 'b0c543e50a450f58dca6226e0ab70d0b') in 0.0201538 seconds
Number of updated asset objects reloaded before import = 0Number of asset objects unloaded after import = 2

========================================================================
Received Import Request.
  Time since last request: 0.000040 seconds.
  path: Assets/Resources/res/sound/32.wav
  artifactKey: Guid(c4007d633580938498333da0705a059e) Importer(815301076,1909f56bfc062723c751e8b465ee728b)
Start importing Assets/Resources/res/sound/32.wav using Guid(c4007d633580938498333da0705a059e) Importer(815301076,1909f56bfc062723c751e8b465ee728b) (PreviewImporter) -> (artifact id: '8607da412cd875f9fd5e243d1a3e70d8') in 0.0205445 seconds
Number of updated asset objects reloaded before import = 0Number of asset objects unloaded after import = 2

========================================================================
Received Import Request.
  Time since last request: 0.000029 seconds.
  path: Assets/Resources/res/sound/23.wav
  artifactKey: Guid(b2a474b3e4efa7d46a54d6cba663babb) Importer(815301076,1909f56bfc062723c751e8b465ee728b)
Start importing Assets/Resources/res/sound/23.wav using Guid(b2a474b3e4efa7d46a54d6cba663babb) Importer(815301076,1909f56bfc062723c751e8b465ee728b) (PreviewImporter) -> (artifact id: '88a1ff26f2b0b1abb559c442f9760a82') in 0.0284973 seconds
Number of updated asset objects reloaded before import = 0Number of asset objects unloaded after import = 2

========================================================================
Received Import Request.
  Time since last request: 0.000047 seconds.
  path: Assets/Resources/res/sound/20.wav
  artifactKey: Guid(e54ecf2b8d1604b47af821d5ad91b912) Importer(815301076,1909f56bfc062723c751e8b465ee728b)
Start importing Assets/Resources/res/sound/20.wav using Guid(e54ecf2b8d1604b47af821d5ad91b912) Importer(815301076,1909f56bfc062723c751e8b465ee728b) (PreviewImporter) -> (artifact id: '6d09926109d8ee2528975ca6cbbaba24') in 0.0221172 seconds
Number of updated asset objects reloaded before import = 0Number of asset objects unloaded after import = 2

========================================================================
Received Import Request.
  Time since last request: 0.000043 seconds.
  path: Assets/Resources/res/sound/3.wav
  artifactKey: Guid(e3ebb621f9f73a8478163667c0fd050f) Importer(815301076,1909f56bfc062723c751e8b465ee728b)
Start importing Assets/Resources/res/sound/3.wav using Guid(e3ebb621f9f73a8478163667c0fd050f) Importer(815301076,1909f56bfc062723c751e8b465ee728b) (PreviewImporter) -> (artifact id: '365a924fe9cb11199ddd80e547132739') in 0.0204399 seconds
Number of updated asset objects reloaded before import = 0Number of asset objects unloaded after import = 2

========================================================================
Received Import Request.
  Time since last request: 0.000037 seconds.
  path: Assets/Resources/res/sound/35.wav
  artifactKey: Guid(264597d661108524aa2195acced5c857) Importer(815301076,1909f56bfc062723c751e8b465ee728b)
Start importing Assets/Resources/res/sound/35.wav using Guid(264597d661108524aa2195acced5c857) Importer(815301076,1909f56bfc062723c751e8b465ee728b) (PreviewImporter) -> (artifact id: '60b9970d3a2af82be3b5b41eb4b12570') in 0.0201304 seconds
Number of updated asset objects reloaded before import = 0Number of asset objects unloaded after import = 2

========================================================================
Received Import Request.
  Time since last request: 0.000030 seconds.
  path: Assets/Resources/res/sound/4.wav
  artifactKey: Guid(b5bb8a39c0df86449ab6c5f578f77a69) Importer(815301076,1909f56bfc062723c751e8b465ee728b)
Start importing Assets/Resources/res/sound/4.wav using Guid(b5bb8a39c0df86449ab6c5f578f77a69) Importer(815301076,1909f56bfc062723c751e8b465ee728b) (PreviewImporter) -> (artifact id: '555e0f7cabb365fc05a3502f2df5bd0b') in 0.0187812 seconds
Number of updated asset objects reloaded before import = 0Number of asset objects unloaded after import = 2

========================================================================
Received Import Request.
  Time since last request: 0.000023 seconds.
  path: Assets/Resources/res/sound/7.wav
  artifactKey: Guid(7d8763242bf534c46bfd1703dded70c2) Importer(815301076,1909f56bfc062723c751e8b465ee728b)
Start importing Assets/Resources/res/sound/7.wav using Guid(7d8763242bf534c46bfd1703dded70c2) Importer(815301076,1909f56bfc062723c751e8b465ee728b) (PreviewImporter) -> (artifact id: 'e537da04c16a7953a0a460fa1040331e') in 0.0205249 seconds
Number of updated asset objects reloaded before import = 0Number of asset objects unloaded after import = 2

========================================================================
Received Import Request.
  Time since last request: 0.000034 seconds.
  path: Assets/Resources/res/sound/34.wav
  artifactKey: Guid(b8c4cb3b9e0f60540a821b261d4615dc) Importer(815301076,1909f56bfc062723c751e8b465ee728b)
Start importing Assets/Resources/res/sound/34.wav using Guid(b8c4cb3b9e0f60540a821b261d4615dc) Importer(815301076,1909f56bfc062723c751e8b465ee728b) (PreviewImporter) -> (artifact id: '8ae55ec2e58696bb193b00fa42af3870') in 0.0198376 seconds
Number of updated asset objects reloaded before import = 0Number of asset objects unloaded after import = 2

========================================================================
Received Import Request.
  Time since last request: 0.000033 seconds.
  path: Assets/Resources/res/sound/6.wav
  artifactKey: Guid(3ad616ed6e11fbc4b9219768ac4aa90a) Importer(815301076,1909f56bfc062723c751e8b465ee728b)
Start importing Assets/Resources/res/sound/6.wav using Guid(3ad616ed6e11fbc4b9219768ac4aa90a) Importer(815301076,1909f56bfc062723c751e8b465ee728b) (PreviewImporter) -> (artifact id: '57ab8c24024e5d261a7125b5a9f8eafa') in 0.0205993 seconds
Number of updated asset objects reloaded before import = 0Number of asset objects unloaded after import = 2

========================================================================
Received Import Request.
  Time since last request: 0.000068 seconds.
  path: Assets/Resources/res/sound/9.wav
  artifactKey: Guid(72b514078e9331542ba7ac2eb29a706a) Importer(815301076,1909f56bfc062723c751e8b465ee728b)
Start importing Assets/Resources/res/sound/9.wav using Guid(72b514078e9331542ba7ac2eb29a706a) Importer(815301076,1909f56bfc062723c751e8b465ee728b) (PreviewImporter) -> (artifact id: '8e12099f860eaac1ca4b67f06b57f3b0') in 0.0172523 seconds
Number of updated asset objects reloaded before import = 0Number of asset objects unloaded after import = 2

========================================================================
Received Import Request.
  Time since last request: 0.000024 seconds.
  path: Assets/Resources/res/sound/26.wav
  artifactKey: Guid(a6fa3207758ba6244b003a430e8be285) Importer(815301076,1909f56bfc062723c751e8b465ee728b)
Start importing Assets/Resources/res/sound/26.wav using Guid(a6fa3207758ba6244b003a430e8be285) Importer(815301076,1909f56bfc062723c751e8b465ee728b) (PreviewImporter) -> (artifact id: '07a752bee264e6c411538d482e654039') in 0.0196367 seconds
Number of updated asset objects reloaded before import = 0Number of asset objects unloaded after import = 2

========================================================================
Received Import Request.
  Time since last request: 0.000035 seconds.
  path: Assets/Resources/res/sound/36.wav
  artifactKey: Guid(949f058fd1af1b44e831d4b017e71c7a) Importer(815301076,1909f56bfc062723c751e8b465ee728b)
Start importing Assets/Resources/res/sound/36.wav using Guid(949f058fd1af1b44e831d4b017e71c7a) Importer(815301076,1909f56bfc062723c751e8b465ee728b) (PreviewImporter) -> (artifact id: '0f54d31d8b544f816adc65a2951b18b9') in 0.0191567 seconds
Number of updated asset objects reloaded before import = 0Number of asset objects unloaded after import = 2

========================================================================
Received Import Request.
  Time since last request: 61.438176 seconds.
  path: Assets/Resources/res/x2/bg/fog1.png
  artifactKey: Guid(0d2ea1b6f43c12f4dad2179f6b7c251b) Importer(815301076,1909f56bfc062723c751e8b465ee728b)
Start importing Assets/Resources/res/x2/bg/fog1.png using Guid(0d2ea1b6f43c12f4dad2179f6b7c251b) Importer(815301076,1909f56bfc062723c751e8b465ee728b) (PreviewImporter) -> (artifact id: '520962a9db645a22bef2f5d60fe46aa4') in 0.0272236 seconds
Number of updated asset objects reloaded before import = 0Number of asset objects unloaded after import = 3

========================================================================
Received Import Request.
  Time since last request: 0.000034 seconds.
  path: Assets/Resources/res/x2/bg/lacay6.png
  artifactKey: Guid(3d38ec2d56a65334f910dbc7052e62d3) Importer(815301076,1909f56bfc062723c751e8b465ee728b)
Start importing Assets/Resources/res/x2/bg/lacay6.png using Guid(3d38ec2d56a65334f910dbc7052e62d3) Importer(815301076,1909f56bfc062723c751e8b465ee728b) (PreviewImporter) -> (artifact id: 'ef4f8306bed2260516fed31811c43624') in 0.0239033 seconds
Number of updated asset objects reloaded before import = 0Number of asset objects unloaded after import = 3

========================================================================
Received Import Request.
  Time since last request: 0.468001 seconds.
  path: Assets/Resources/res/x2/CharEffect/choco.png
  artifactKey: Guid(333fc969e4e80a041aaf856ed5ed669b) Importer(815301076,1909f56bfc062723c751e8b465ee728b)
Start importing Assets/Resources/res/x2/CharEffect/choco.png using Guid(333fc969e4e80a041aaf856ed5ed669b) Importer(815301076,1909f56bfc062723c751e8b465ee728b) (PreviewImporter) -> (artifact id: '320aa993d905a1dcfd2f3f825a7c429b') in 0.0202501 seconds
Number of updated asset objects reloaded before import = 0Number of asset objects unloaded after import = 3

========================================================================
Received Import Request.
  Time since last request: 0.000023 seconds.
  path: Assets/Resources/res/x2/CharEffect/mobme.png
  artifactKey: Guid(44679f753a7daa64699fe83acc71d394) Importer(815301076,1909f56bfc062723c751e8b465ee728b)
Start importing Assets/Resources/res/x2/CharEffect/mobme.png using Guid(44679f753a7daa64699fe83acc71d394) Importer(815301076,1909f56bfc062723c751e8b465ee728b) (PreviewImporter) -> (artifact id: '201cc06bb45804644aa4bad7ca33e115') in 0.02711 seconds
Number of updated asset objects reloaded before import = 0Number of asset objects unloaded after import = 3

========================================================================
Received Import Request.
  Time since last request: 0.000037 seconds.
  path: Assets/Resources/res/x2/CharEffect/nrd2.png
  artifactKey: Guid(72e4fc8593031054fbf6c155b51dda14) Importer(815301076,1909f56bfc062723c751e8b465ee728b)
Start importing Assets/Resources/res/x2/CharEffect/nrd2.png using Guid(72e4fc8593031054fbf6c155b51dda14) Importer(815301076,1909f56bfc062723c751e8b465ee728b) (PreviewImporter) -> (artifact id: 'dc25ba2da7a4fc1f676dd106b9758ea2') in 0.0268681 seconds
Number of updated asset objects reloaded before import = 0Number of asset objects unloaded after import = 3

========================================================================
Received Import Request.
  Time since last request: 0.000027 seconds.
  path: Assets/Resources/res/x2/CharEffect/selfexplode.png
  artifactKey: Guid(5b39b2ccaf186af4883fca5a300ee3df) Importer(815301076,1909f56bfc062723c751e8b465ee728b)
Start importing Assets/Resources/res/x2/CharEffect/selfexplode.png using Guid(5b39b2ccaf186af4883fca5a300ee3df) Importer(815301076,1909f56bfc062723c751e8b465ee728b) (PreviewImporter) -> (artifact id: '479de4d4278935723b40687fc63817aa') in 0.0253003 seconds
Number of updated asset objects reloaded before import = 0Number of asset objects unloaded after import = 3

========================================================================
Received Import Request.
  Time since last request: 0.000030 seconds.
  path: Assets/Resources/res/x2/CharEffect/nrnm.png
  artifactKey: Guid(6d8fe67bae6277b489de1928d3f3091b) Importer(815301076,1909f56bfc062723c751e8b465ee728b)
Start importing Assets/Resources/res/x2/CharEffect/nrnm.png using Guid(6d8fe67bae6277b489de1928d3f3091b) Importer(815301076,1909f56bfc062723c751e8b465ee728b) (PreviewImporter) -> (artifact id: '23247b32d5e49dc5c2b9715d983fbc06') in 0.0216457 seconds
Number of updated asset objects reloaded before import = 0Number of asset objects unloaded after import = 3

========================================================================
Received Import Request.
  Time since last request: 0.000034 seconds.
  path: Assets/Resources/res/x2/CharEffect/nrd3.png
  artifactKey: Guid(fd2c384d2236a244b83ddeaeb7f769ce) Importer(815301076,1909f56bfc062723c751e8b465ee728b)
Start importing Assets/Resources/res/x2/CharEffect/nrd3.png using Guid(fd2c384d2236a244b83ddeaeb7f769ce) Importer(815301076,1909f56bfc062723c751e8b465ee728b) (PreviewImporter) -> (artifact id: '2f4fa62542a25f4a2badefcd7c2d4aca') in 0.0230941 seconds
Number of updated asset objects reloaded before import = 0Number of asset objects unloaded after import = 3

========================================================================
Received Import Request.
  Time since last request: 0.000020 seconds.
  path: Assets/Resources/res/x2/CharEffect/nrd1.png
  artifactKey: Guid(89c51f2b003dc564d801053e7e31836b) Importer(815301076,1909f56bfc062723c751e8b465ee728b)
Start importing Assets/Resources/res/x2/CharEffect/nrd1.png using Guid(89c51f2b003dc564d801053e7e31836b) Importer(815301076,1909f56bfc062723c751e8b465ee728b) (PreviewImporter) -> (artifact id: '8362d2c0ba52b9e6bbb7b1ac16b3f1db') in 0.0188463 seconds
Number of updated asset objects reloaded before import = 0Number of asset objects unloaded after import = 3

========================================================================
Received Import Request.
  Time since last request: 0.000019 seconds.
  path: Assets/Resources/res/x2/CharEffect/stone.png
  artifactKey: Guid(f1dfe549b6418de41a6a11e3fb4dab3c) Importer(815301076,1909f56bfc062723c751e8b465ee728b)
Start importing Assets/Resources/res/x2/CharEffect/stone.png using Guid(f1dfe549b6418de41a6a11e3fb4dab3c) Importer(815301076,1909f56bfc062723c751e8b465ee728b) (PreviewImporter) -> (artifact id: 'c9cc6546f4e51a680cb1541e14446456') in 0.0194088 seconds
Number of updated asset objects reloaded before import = 0Number of asset objects unloaded after import = 3

========================================================================
Received Import Request.
  Time since last request: 0.000025 seconds.
  path: Assets/Resources/res/x2/CharEffect/nrd4.png
  artifactKey: Guid(c1a09f9f17560b74191473ac6c85eec0) Importer(815301076,1909f56bfc062723c751e8b465ee728b)
Start importing Assets/Resources/res/x2/CharEffect/nrd4.png using Guid(c1a09f9f17560b74191473ac6c85eec0) Importer(815301076,1909f56bfc062723c751e8b465ee728b) (PreviewImporter) -> (artifact id: '10030f16de07667f6e4e1c697332e267') in 0.0196418 seconds
Number of updated asset objects reloaded before import = 0Number of asset objects unloaded after import = 3

========================================================================
Received Import Request.
  Time since last request: 0.000028 seconds.
  path: Assets/Resources/res/x2/CharEffect/monkey.png
  artifactKey: Guid(10db2eda7679327428221d8e02b8beda) Importer(815301076,1909f56bfc062723c751e8b465ee728b)
Start importing Assets/Resources/res/x2/CharEffect/monkey.png using Guid(10db2eda7679327428221d8e02b8beda) Importer(815301076,1909f56bfc062723c751e8b465ee728b) (PreviewImporter) -> (artifact id: 'f8b64f4e8ae743e17a5f4ec6b00d8c3e') in 0.0184285 seconds
Number of updated asset objects reloaded before import = 0Number of asset objects unloaded after import = 3

========================================================================
Received Import Request.
  Time since last request: 8.451761 seconds.
  path: Assets/Resources/res/x2/e/d00.png
  artifactKey: Guid(3f3c9481bfb6d934ab29f41950e720ec) Importer(815301076,1909f56bfc062723c751e8b465ee728b)
Start importing Assets/Resources/res/x2/e/d00.png using Guid(3f3c9481bfb6d934ab29f41950e720ec) Importer(815301076,1909f56bfc062723c751e8b465ee728b) (PreviewImporter) -> (artifact id: '3962e9ffb3dab370be15627549d268f6') in 0.0204966 seconds
Number of updated asset objects reloaded before import = 0Number of asset objects unloaded after import = 3

========================================================================
Received Import Request.
  Time since last request: 0.000036 seconds.
  path: Assets/Resources/res/x2/e/d14.png
  artifactKey: Guid(755ea47cadfc53142baf9e485ffd2f08) Importer(815301076,1909f56bfc062723c751e8b465ee728b)
Start importing Assets/Resources/res/x2/e/d14.png using Guid(755ea47cadfc53142baf9e485ffd2f08) Importer(815301076,1909f56bfc062723c751e8b465ee728b) (PreviewImporter) -> (artifact id: '7c1100965ad62f1acabc9144dbc2d10d') in 0.0226799 seconds
Number of updated asset objects reloaded before import = 0Number of asset objects unloaded after import = 3

========================================================================
Received Import Request.
  Time since last request: 0.000241 seconds.
  path: Assets/Resources/res/x2/e/e_20.png
  artifactKey: Guid(54f7f2df03d419e44b22b3e1f1fc20af) Importer(815301076,1909f56bfc062723c751e8b465ee728b)
Start importing Assets/Resources/res/x2/e/e_20.png using Guid(54f7f2df03d419e44b22b3e1f1fc20af) Importer(815301076,1909f56bfc062723c751e8b465ee728b) (PreviewImporter) -> (artifact id: 'c868309fa0b27c8bf4f4560af85747e8') in 0.0293257 seconds
Number of updated asset objects reloaded before import = 0Number of asset objects unloaded after import = 3

========================================================================
Received Import Request.
  Time since last request: 0.000028 seconds.
  path: Assets/Resources/res/x2/e/d10.png
  artifactKey: Guid(68e39eb1a8fef3e4f956761abf2b4147) Importer(815301076,1909f56bfc062723c751e8b465ee728b)
Start importing Assets/Resources/res/x2/e/d10.png using Guid(68e39eb1a8fef3e4f956761abf2b4147) Importer(815301076,1909f56bfc062723c751e8b465ee728b) (PreviewImporter) -> (artifact id: '97bcc4ba7ef544bfd8e3e2d5d1974d01') in 0.021462 seconds
Number of updated asset objects reloaded before import = 0Number of asset objects unloaded after import = 3

========================================================================
Received Import Request.
  Time since last request: 0.000024 seconds.
  path: Assets/Resources/res/x2/e/e_0.png
  artifactKey: Guid(218116908b26f29488265b92a2f81ee4) Importer(815301076,1909f56bfc062723c751e8b465ee728b)
Start importing Assets/Resources/res/x2/e/e_0.png using Guid(218116908b26f29488265b92a2f81ee4) Importer(815301076,1909f56bfc062723c751e8b465ee728b) (PreviewImporter) -> (artifact id: 'b50dbe6ffd2d5df42c49f4ca7c49c521') in 0.0230731 seconds
Number of updated asset objects reloaded before import = 0Number of asset objects unloaded after import = 3

========================================================================
Received Import Request.
  Time since last request: 0.000021 seconds.
  path: Assets/Resources/res/x2/e/e_1.png
  artifactKey: Guid(de7583e8f37447444985edbbcf841d9f) Importer(815301076,1909f56bfc062723c751e8b465ee728b)
Start importing Assets/Resources/res/x2/e/e_1.png using Guid(de7583e8f37447444985edbbcf841d9f) Importer(815301076,1909f56bfc062723c751e8b465ee728b) (PreviewImporter) -> (artifact id: 'cb826c512530a570b87c0bb39aaa2953') in 0.0222371 seconds
Number of updated asset objects reloaded before import = 0Number of asset objects unloaded after import = 3

========================================================================
Received Import Request.
  Time since last request: 0.000025 seconds.
  path: Assets/Resources/res/x2/e/e_23.png
  artifactKey: Guid(4baaef2491d1e5f429df1d1e2f198b50) Importer(815301076,1909f56bfc062723c751e8b465ee728b)
Start importing Assets/Resources/res/x2/e/e_23.png using Guid(4baaef2491d1e5f429df1d1e2f198b50) Importer(815301076,1909f56bfc062723c751e8b465ee728b) (PreviewImporter) -> (artifact id: 'a7e7fe22da4d2e6cd24ad94015fa84af') in 0.0257666 seconds
Number of updated asset objects reloaded before import = 0Number of asset objects unloaded after import = 3

========================================================================
Received Import Request.
  Time since last request: 0.000072 seconds.
  path: Assets/Resources/res/x2/e/e_26.png
  artifactKey: Guid(8f5f22a3b7539914586d7165da474714) Importer(815301076,1909f56bfc062723c751e8b465ee728b)
Start importing Assets/Resources/res/x2/e/e_26.png using Guid(8f5f22a3b7539914586d7165da474714) Importer(815301076,1909f56bfc062723c751e8b465ee728b) (PreviewImporter) -> (artifact id: 'ebf12dc00213742d3fb05b36a8586828') in 0.0221871 seconds
Number of updated asset objects reloaded before import = 0Number of asset objects unloaded after import = 3

========================================================================
Received Import Request.
  Time since last request: 0.000025 seconds.
  path: Assets/Resources/res/x2/e/e_27.png
  artifactKey: Guid(ff98e64f4bca37c4894aee97f064105d) Importer(815301076,1909f56bfc062723c751e8b465ee728b)
Start importing Assets/Resources/res/x2/e/e_27.png using Guid(ff98e64f4bca37c4894aee97f064105d) Importer(815301076,1909f56bfc062723c751e8b465ee728b) (PreviewImporter) -> (artifact id: 'aef681c1790b222365f25295888198a1') in 0.0229805 seconds
Number of updated asset objects reloaded before import = 0Number of asset objects unloaded after import = 3

========================================================================
Received Import Request.
  Time since last request: 0.000036 seconds.
  path: Assets/Resources/res/x2/e/e_12.png
  artifactKey: Guid(86af0e63c6bbb3b478d33523c7ff60ef) Importer(815301076,1909f56bfc062723c751e8b465ee728b)
Start importing Assets/Resources/res/x2/e/e_12.png using Guid(86af0e63c6bbb3b478d33523c7ff60ef) Importer(815301076,1909f56bfc062723c751e8b465ee728b) (PreviewImporter) -> (artifact id: 'a160c6288e12ecd47a47a66bdb383b81') in 0.0222476 seconds
Number of updated asset objects reloaded before import = 0Number of asset objects unloaded after import = 3

========================================================================
Received Import Request.
  Time since last request: 0.000022 seconds.
  path: Assets/Resources/res/x2/e/e_2.png
  artifactKey: Guid(00d9d5102fcff29499a87b5c7e592227) Importer(815301076,1909f56bfc062723c751e8b465ee728b)
Start importing Assets/Resources/res/x2/e/e_2.png using Guid(00d9d5102fcff29499a87b5c7e592227) Importer(815301076,1909f56bfc062723c751e8b465ee728b) (PreviewImporter) -> (artifact id: '781a045a4cc42b5c3f1bca6207720449') in 0.0229712 seconds
Number of updated asset objects reloaded before import = 0Number of asset objects unloaded after import = 3

========================================================================
Received Import Request.
  Time since last request: 0.000027 seconds.
  path: Assets/Resources/res/x2/e/e_18.png
  artifactKey: Guid(1b7b559723d5f624c9a981f7d61391a3) Importer(815301076,1909f56bfc062723c751e8b465ee728b)
Start importing Assets/Resources/res/x2/e/e_18.png using Guid(1b7b559723d5f624c9a981f7d61391a3) Importer(815301076,1909f56bfc062723c751e8b465ee728b) (PreviewImporter) -> (artifact id: '20641cb1fe4639de52cf786a12ef57c5') in 0.0201117 seconds
Number of updated asset objects reloaded before import = 0Number of asset objects unloaded after import = 3

========================================================================
Received Import Request.
  Time since last request: 0.000021 seconds.
  path: Assets/Resources/res/x2/e/e_7.png
  artifactKey: Guid(f076ec876c101c04d8d22ce3db4691ad) Importer(815301076,1909f56bfc062723c751e8b465ee728b)
Start importing Assets/Resources/res/x2/e/e_7.png using Guid(f076ec876c101c04d8d22ce3db4691ad) Importer(815301076,1909f56bfc062723c751e8b465ee728b) (PreviewImporter) -> (artifact id: 'b68da182e5a2b6a0af97ffd07233baf2') in 0.0210867 seconds
Number of updated asset objects reloaded before import = 0Number of asset objects unloaded after import = 3

========================================================================
Received Import Request.
  Time since last request: 0.000022 seconds.
  path: Assets/Resources/res/x2/e/e_21.png
  artifactKey: Guid(3470cd060f8ed5543a4c887cfbd0cd19) Importer(815301076,1909f56bfc062723c751e8b465ee728b)
Start importing Assets/Resources/res/x2/e/e_21.png using Guid(3470cd060f8ed5543a4c887cfbd0cd19) Importer(815301076,1909f56bfc062723c751e8b465ee728b) (PreviewImporter) -> (artifact id: '02220a52e4c8d4fdd50af0841163a364') in 0.0209648 seconds
Number of updated asset objects reloaded before import = 0Number of asset objects unloaded after import = 3

========================================================================
Received Import Request.
  Time since last request: 0.000022 seconds.
  path: Assets/Resources/res/x2/e/d02.png
  artifactKey: Guid(535fa39c227887f4b91a724efb34ab23) Importer(815301076,1909f56bfc062723c751e8b465ee728b)
Start importing Assets/Resources/res/x2/e/d02.png using Guid(535fa39c227887f4b91a724efb34ab23) Importer(815301076,1909f56bfc062723c751e8b465ee728b) (PreviewImporter) -> (artifact id: '25ff0c0654dce4699f03085167989aba') in 0.01853 seconds
Number of updated asset objects reloaded before import = 0Number of asset objects unloaded after import = 3

========================================================================
Received Import Request.
  Time since last request: 0.827167 seconds.
  path: Assets/Resources/res/x2/e/sp0.png
  artifactKey: Guid(b7d2aef1e02f40344881ba2096ce1524) Importer(815301076,1909f56bfc062723c751e8b465ee728b)
Start importing Assets/Resources/res/x2/e/sp0.png using Guid(b7d2aef1e02f40344881ba2096ce1524) Importer(815301076,1909f56bfc062723c751e8b465ee728b) (PreviewImporter) -> (artifact id: '9094157dff768772e97ab86c8a4950a5') in 0.0189296 seconds
Number of updated asset objects reloaded before import = 0Number of asset objects unloaded after import = 3

========================================================================
Received Import Request.
  Time since last request: 0.000025 seconds.
  path: Assets/Resources/res/x2/e/w0.png
  artifactKey: Guid(a75e4293fad70994786dfc5fab329c55) Importer(815301076,1909f56bfc062723c751e8b465ee728b)
Start importing Assets/Resources/res/x2/e/w0.png using Guid(a75e4293fad70994786dfc5fab329c55) Importer(815301076,1909f56bfc062723c751e8b465ee728b) (PreviewImporter) -> (artifact id: '759e138ba6476866d888c35c0cc4b1aa') in 0.0201876 seconds
Number of updated asset objects reloaded before import = 0Number of asset objects unloaded after import = 3

========================================================================
Received Import Request.
  Time since last request: 0.000019 seconds.
  path: Assets/Resources/res/x2/e/sp2.png
  artifactKey: Guid(32f96f338a63f5d43a3b6996b1a322fd) Importer(815301076,1909f56bfc062723c751e8b465ee728b)
Start importing Assets/Resources/res/x2/e/sp2.png using Guid(32f96f338a63f5d43a3b6996b1a322fd) Importer(815301076,1909f56bfc062723c751e8b465ee728b) (PreviewImporter) -> (artifact id: 'f1ead6f77a3a72d8d5ab050c4702e691') in 0.0202969 seconds
Number of updated asset objects reloaded before import = 0Number of asset objects unloaded after import = 3

========================================================================
Received Import Request.
  Time since last request: 15.152256 seconds.
  path: Assets/Resources/res/x2/effectdata/blue/1.png
  artifactKey: Guid(310ab9e9e0d7d404aa61ae70c0643862) Importer(815301076,1909f56bfc062723c751e8b465ee728b)
Start importing Assets/Resources/res/x2/effectdata/blue/1.png using Guid(310ab9e9e0d7d404aa61ae70c0643862) Importer(815301076,1909f56bfc062723c751e8b465ee728b) (PreviewImporter) -> (artifact id: '93e6f5e947c2fd7f7f0d26f3afa58a9f') in 0.0182452 seconds
Number of updated asset objects reloaded before import = 0Number of asset objects unloaded after import = 2

========================================================================
Received Import Request.
  Time since last request: 0.000020 seconds.
  path: Assets/Resources/res/x2/effectdata/blue/3.png
  artifactKey: Guid(d65affa31e26ac44785e76ff88645c74) Importer(815301076,1909f56bfc062723c751e8b465ee728b)
Start importing Assets/Resources/res/x2/effectdata/blue/3.png using Guid(d65affa31e26ac44785e76ff88645c74) Importer(815301076,1909f56bfc062723c751e8b465ee728b) (PreviewImporter) -> (artifact id: '67288bb279067376ce3b211950e267c2') in 0.0215748 seconds
Number of updated asset objects reloaded before import = 0Number of asset objects unloaded after import = 2

========================================================================
Received Import Request.
  Time since last request: 0.000027 seconds.
  path: Assets/Resources/res/x2/effectdata/blue/4.png
  artifactKey: Guid(99776df8a4dd8574e88efe6f4e62edb3) Importer(815301076,1909f56bfc062723c751e8b465ee728b)
Start importing Assets/Resources/res/x2/effectdata/blue/4.png using Guid(99776df8a4dd8574e88efe6f4e62edb3) Importer(815301076,1909f56bfc062723c751e8b465ee728b) (PreviewImporter) -> (artifact id: '20101178e7435871d30bbbd2976a2ab8') in 0.0172104 seconds
Number of updated asset objects reloaded before import = 0Number of asset objects unloaded after import = 2

========================================================================
Received Import Request.
  Time since last request: 143.788672 seconds.
  path: Assets/Resources/res/x1/bg/b120.png
  artifactKey: Guid(6ae8090fdff49584c85debb3e5a67809) Importer(815301076,1909f56bfc062723c751e8b465ee728b)
Start importing Assets/Resources/res/x1/bg/b120.png using Guid(6ae8090fdff49584c85debb3e5a67809) Importer(815301076,1909f56bfc062723c751e8b465ee728b) (PreviewImporter) -> (artifact id: '5c7d5b88a3208adbf85edbaa4573a70a') in 0.0190982 seconds
Number of updated asset objects reloaded before import = 0Number of asset objects unloaded after import = 3

========================================================================
Received Import Request.
  Time since last request: 0.000029 seconds.
  path: Assets/Resources/res/x1/bg/b141.png
  artifactKey: Guid(27ad62c23c37de649a76c6835023f3ba) Importer(815301076,1909f56bfc062723c751e8b465ee728b)
Start importing Assets/Resources/res/x1/bg/b141.png using Guid(27ad62c23c37de649a76c6835023f3ba) Importer(815301076,1909f56bfc062723c751e8b465ee728b) (PreviewImporter) -> (artifact id: '6deeb9732ee4d82530796a7dfab2a445') in 0.023241 seconds
Number of updated asset objects reloaded before import = 0Number of asset objects unloaded after import = 3

========================================================================
Received Import Request.
  Time since last request: 0.000025 seconds.
  path: Assets/Resources/res/x1/bg/sun12.png
  artifactKey: Guid(6d376e158f198474c9d0bb63579e1bb4) Importer(815301076,1909f56bfc062723c751e8b465ee728b)
Start importing Assets/Resources/res/x1/bg/sun12.png using Guid(6d376e158f198474c9d0bb63579e1bb4) Importer(815301076,1909f56bfc062723c751e8b465ee728b) (PreviewImporter) -> (artifact id: '86a725189be9917fdd8872813bbec68a') in 0.021902 seconds
Number of updated asset objects reloaded before import = 0Number of asset objects unloaded after import = 3

========================================================================
Received Import Request.
  Time since last request: 0.000042 seconds.
  path: Assets/Resources/res/x1/bg/lacay2.png
  artifactKey: Guid(f2c369c08e6657a49a9e84c96ceff07b) Importer(815301076,1909f56bfc062723c751e8b465ee728b)
Start importing Assets/Resources/res/x1/bg/lacay2.png using Guid(f2c369c08e6657a49a9e84c96ceff07b) Importer(815301076,1909f56bfc062723c751e8b465ee728b) (PreviewImporter) -> (artifact id: '2836d002227b6ba78d73dd1d32462b9f') in 0.0219835 seconds
Number of updated asset objects reloaded before import = 0Number of asset objects unloaded after import = 3

========================================================================
Received Import Request.
  Time since last request: 0.000035 seconds.
  path: Assets/Resources/res/x1/bg/sun14.png
  artifactKey: Guid(6fdb746b2aeae984ebc2cc29098020c6) Importer(815301076,1909f56bfc062723c751e8b465ee728b)
Start importing Assets/Resources/res/x1/bg/sun14.png using Guid(6fdb746b2aeae984ebc2cc29098020c6) Importer(815301076,1909f56bfc062723c751e8b465ee728b) (PreviewImporter) -> (artifact id: 'e0454013be456dc57ad6da5890657744') in 0.02415 seconds
Number of updated asset objects reloaded before import = 0Number of asset objects unloaded after import = 3

========================================================================
Received Import Request.
  Time since last request: 0.000022 seconds.
  path: Assets/Resources/res/x1/bg/mua1.png
  artifactKey: Guid(0dccd14011940c041a9fe30e94d00a6c) Importer(815301076,1909f56bfc062723c751e8b465ee728b)
Start importing Assets/Resources/res/x1/bg/mua1.png using Guid(0dccd14011940c041a9fe30e94d00a6c) Importer(815301076,1909f56bfc062723c751e8b465ee728b) (PreviewImporter) -> (artifact id: 'baa4134f6ef6ef1bb542b15c60364d07') in 0.023696 seconds
Number of updated asset objects reloaded before import = 0Number of asset objects unloaded after import = 3

========================================================================
Received Import Request.
  Time since last request: 0.000029 seconds.
  path: Assets/Resources/res/x1/bg/sun13.png
  artifactKey: Guid(b41a1448e38437841b8e6082ab876d05) Importer(815301076,1909f56bfc062723c751e8b465ee728b)
Start importing Assets/Resources/res/x1/bg/sun13.png using Guid(b41a1448e38437841b8e6082ab876d05) Importer(815301076,1909f56bfc062723c751e8b465ee728b) (PreviewImporter) -> (artifact id: '202a29b87a596efe634d9a19b9af4511') in 0.0205613 seconds
Number of updated asset objects reloaded before import = 0Number of asset objects unloaded after import = 3

========================================================================
Received Import Request.
  Time since last request: 0.000035 seconds.
  path: Assets/Resources/res/x1/bg/sun10.png
  artifactKey: Guid(92c44740548d4c5458287e4547d13eaa) Importer(815301076,1909f56bfc062723c751e8b465ee728b)
Start importing Assets/Resources/res/x1/bg/sun10.png using Guid(92c44740548d4c5458287e4547d13eaa) Importer(815301076,1909f56bfc062723c751e8b465ee728b) (PreviewImporter) -> (artifact id: 'c58ff5fcc2811aade1f1cb0895d1b1fc') in 0.0205594 seconds
Number of updated asset objects reloaded before import = 0Number of asset objects unloaded after import = 3

========================================================================
Received Import Request.
  Time since last request: 0.000030 seconds.
  path: Assets/Resources/res/x1/bg/cl1.png
  artifactKey: Guid(8c706cbd7ffae3542a0ab15990b2ffe4) Importer(815301076,1909f56bfc062723c751e8b465ee728b)
Start importing Assets/Resources/res/x1/bg/cl1.png using Guid(8c706cbd7ffae3542a0ab15990b2ffe4) Importer(815301076,1909f56bfc062723c751e8b465ee728b) (PreviewImporter) -> (artifact id: '442a522ad090a12d5b4d732c0a25335b') in 0.0216187 seconds
Number of updated asset objects reloaded before import = 0Number of asset objects unloaded after import = 3

========================================================================
Received Import Request.
  Time since last request: 0.000027 seconds.
  path: Assets/Resources/res/x1/bg/sun15.png
  artifactKey: Guid(3627ae28c65ea8c448daac71422316ac) Importer(815301076,1909f56bfc062723c751e8b465ee728b)
Start importing Assets/Resources/res/x1/bg/sun15.png using Guid(3627ae28c65ea8c448daac71422316ac) Importer(815301076,1909f56bfc062723c751e8b465ee728b) (PreviewImporter) -> (artifact id: 'fda1a51082bf8bc8ea554fb234e861ee') in 0.0203868 seconds
Number of updated asset objects reloaded before import = 0Number of asset objects unloaded after import = 3

========================================================================
Received Import Request.
  Time since last request: 0.000026 seconds.
  path: Assets/Resources/res/x1/bg/sun8.png
  artifactKey: Guid(abf4bd901cfd4e844803e1883fe83da1) Importer(815301076,1909f56bfc062723c751e8b465ee728b)
Start importing Assets/Resources/res/x1/bg/sun8.png using Guid(abf4bd901cfd4e844803e1883fe83da1) Importer(815301076,1909f56bfc062723c751e8b465ee728b) (PreviewImporter) -> (artifact id: 'a0ef40b5239201be768bc3ff89597b7c') in 0.0230251 seconds
Number of updated asset objects reloaded before import = 0Number of asset objects unloaded after import = 3

========================================================================
Received Import Request.
  Time since last request: 0.000044 seconds.
  path: Assets/Resources/res/x1/bg/b131.png
  artifactKey: Guid(c9085fcbf410f5441990153186bb1876) Importer(815301076,1909f56bfc062723c751e8b465ee728b)
Start importing Assets/Resources/res/x1/bg/b131.png using Guid(c9085fcbf410f5441990153186bb1876) Importer(815301076,1909f56bfc062723c751e8b465ee728b) (PreviewImporter) -> (artifact id: '10b57b0109feaeffae5600fa0046f4d9') in 0.0289273 seconds
Number of updated asset objects reloaded before import = 0Number of asset objects unloaded after import = 3

========================================================================
Received Import Request.
  Time since last request: 0.000045 seconds.
  path: Assets/Resources/res/x1/bg/mua.png
  artifactKey: Guid(7c6153ebab037244bb9743f753d1548e) Importer(815301076,1909f56bfc062723c751e8b465ee728b)
Start importing Assets/Resources/res/x1/bg/mua.png using Guid(7c6153ebab037244bb9743f753d1548e) Importer(815301076,1909f56bfc062723c751e8b465ee728b) (PreviewImporter) -> (artifact id: '6c034f30e51574353d860d9080def13d') in 0.0248077 seconds
Number of updated asset objects reloaded before import = 0Number of asset objects unloaded after import = 3

========================================================================
Received Import Request.
  Time since last request: 0.000039 seconds.
  path: Assets/Resources/res/x1/bg/sun3.png
  artifactKey: Guid(c50698d9871357040b97cdda1b0ce253) Importer(815301076,1909f56bfc062723c751e8b465ee728b)
Start importing Assets/Resources/res/x1/bg/sun3.png using Guid(c50698d9871357040b97cdda1b0ce253) Importer(815301076,1909f56bfc062723c751e8b465ee728b) (PreviewImporter) -> (artifact id: 'd4cfcc7bdaec36b709fa4ac4624958b0') in 0.0218882 seconds
Number of updated asset objects reloaded before import = 0Number of asset objects unloaded after import = 3

========================================================================
Received Import Request.
  Time since last request: 0.000029 seconds.
  path: Assets/Resources/res/x1/bg/cl0.png
  artifactKey: Guid(05f3be5648d9d6e4cbd06e5400bd14b5) Importer(815301076,1909f56bfc062723c751e8b465ee728b)
Start importing Assets/Resources/res/x1/bg/cl0.png using Guid(05f3be5648d9d6e4cbd06e5400bd14b5) Importer(815301076,1909f56bfc062723c751e8b465ee728b) (PreviewImporter) -> (artifact id: '5d8fb476bbb3fd797973a69b3f1021d0') in 0.0210761 seconds
Number of updated asset objects reloaded before import = 0Number of asset objects unloaded after import = 3

========================================================================
Received Import Request.
  Time since last request: 0.000024 seconds.
  path: Assets/Resources/res/x1/bg/ship.png
  artifactKey: Guid(b6fb4316b1d2d7941b42ef4a0a0ffa2e) Importer(815301076,1909f56bfc062723c751e8b465ee728b)
Start importing Assets/Resources/res/x1/bg/ship.png using Guid(b6fb4316b1d2d7941b42ef4a0a0ffa2e) Importer(815301076,1909f56bfc062723c751e8b465ee728b) (PreviewImporter) -> (artifact id: 'f46554e9ccea47e894280d1cb40103ba') in 0.020338 seconds
Number of updated asset objects reloaded before import = 0Number of asset objects unloaded after import = 3

========================================================================
Received Import Request.
  Time since last request: 0.000019 seconds.
  path: Assets/Resources/res/x1/bg/lacay6.png
  artifactKey: Guid(33a8521ed137c74409fb3a290235e13a) Importer(815301076,1909f56bfc062723c751e8b465ee728b)
Start importing Assets/Resources/res/x1/bg/lacay6.png using Guid(33a8521ed137c74409fb3a290235e13a) Importer(815301076,1909f56bfc062723c751e8b465ee728b) (PreviewImporter) -> (artifact id: '150889a1926ece32ca25ef5728ad246b') in 0.0181192 seconds
Number of updated asset objects reloaded before import = 0Number of asset objects unloaded after import = 2

========================================================================
Received Import Request.
  Time since last request: 0.000029 seconds.
  path: Assets/Resources/res/x1/bg/mua2.png
  artifactKey: Guid(700ab4bf947b4a64e9e07815d6525d49) Importer(815301076,1909f56bfc062723c751e8b465ee728b)
Start importing Assets/Resources/res/x1/bg/mua2.png using Guid(700ab4bf947b4a64e9e07815d6525d49) Importer(815301076,1909f56bfc062723c751e8b465ee728b) (PreviewImporter) -> (artifact id: 'c367c707b40a281fe735cb95688d35be') in 0.0215139 seconds
Number of updated asset objects reloaded before import = 0Number of asset objects unloaded after import = 3

========================================================================
Received Import Request.
  Time since last request: 0.000025 seconds.
  path: Assets/Resources/res/x1/bg/lacay4.png
  artifactKey: Guid(0b292f1ff5bb8e842b69adef6f59fa0c) Importer(815301076,1909f56bfc062723c751e8b465ee728b)
Start importing Assets/Resources/res/x1/bg/lacay4.png using Guid(0b292f1ff5bb8e842b69adef6f59fa0c) Importer(815301076,1909f56bfc062723c751e8b465ee728b) (PreviewImporter) -> (artifact id: 'a2e88b8e0b89a100e9bfdb556ad61081') in 0.0196634 seconds
Number of updated asset objects reloaded before import = 0Number of asset objects unloaded after import = 3

========================================================================
Received Import Request.
  Time since last request: 0.000032 seconds.
  path: Assets/Resources/res/x1/bg/kiem.png
  artifactKey: Guid(d273f5af68876ce46a396cdcbe576976) Importer(815301076,1909f56bfc062723c751e8b465ee728b)
Start importing Assets/Resources/res/x1/bg/kiem.png using Guid(d273f5af68876ce46a396cdcbe576976) Importer(815301076,1909f56bfc062723c751e8b465ee728b) (PreviewImporter) -> (artifact id: '51d0ac08cb8dc7645e969e0923a7ea1c') in 0.0208899 seconds
Number of updated asset objects reloaded before import = 0Number of asset objects unloaded after import = 3

========================================================================
Received Import Request.
  Time since last request: 0.000021 seconds.
  path: Assets/Resources/res/x1/bg/sun1.png
  artifactKey: Guid(6382809354830fe499229600d6e55dff) Importer(815301076,1909f56bfc062723c751e8b465ee728b)
Start importing Assets/Resources/res/x1/bg/sun1.png using Guid(6382809354830fe499229600d6e55dff) Importer(815301076,1909f56bfc062723c751e8b465ee728b) (PreviewImporter) -> (artifact id: 'c8358998956354947e389a16fec55bde') in 0.0215602 seconds
Number of updated asset objects reloaded before import = 0Number of asset objects unloaded after import = 3

========================================================================
Received Import Request.
  Time since last request: 0.000024 seconds.
  path: Assets/Resources/res/x1/bg/b140.png
  artifactKey: Guid(6d07ace4f79bba24883a3c50025cf382) Importer(815301076,1909f56bfc062723c751e8b465ee728b)
Start importing Assets/Resources/res/x1/bg/b140.png using Guid(6d07ace4f79bba24883a3c50025cf382) Importer(815301076,1909f56bfc062723c751e8b465ee728b) (PreviewImporter) -> (artifact id: '5c3c9993244143cc0b5e9fcde5fca8af') in 0.0191843 seconds
Number of updated asset objects reloaded before import = 0Number of asset objects unloaded after import = 3

========================================================================
Received Import Request.
  Time since last request: 0.000024 seconds.
  path: Assets/Resources/res/x1/bg/cham-tron2.png
  artifactKey: Guid(334188ab06990024c8c180b66caaf760) Importer(815301076,1909f56bfc062723c751e8b465ee728b)
Start importing Assets/Resources/res/x1/bg/cham-tron2.png using Guid(334188ab06990024c8c180b66caaf760) Importer(815301076,1909f56bfc062723c751e8b465ee728b) (PreviewImporter) -> (artifact id: 'f2322c8cc7d4f69f2308cac64e9e1835') in 0.0093995 seconds
Number of updated asset objects reloaded before import = 0Number of asset objects unloaded after import = 3

========================================================================
Received Import Request.
  Time since last request: 0.000049 seconds.
  path: Assets/Resources/res/x1/bg/sun11.png
  artifactKey: Guid(ddd1b3587848f7843924a58661e67c90) Importer(815301076,1909f56bfc062723c751e8b465ee728b)
Start importing Assets/Resources/res/x1/bg/sun11.png using Guid(ddd1b3587848f7843924a58661e67c90) Importer(815301076,1909f56bfc062723c751e8b465ee728b) (PreviewImporter) -> (artifact id: '02d6c1f1b75a0d5ada5f7942e333ec13') in 0.0172655 seconds
Number of updated asset objects reloaded before import = 0Number of asset objects unloaded after import = 3

========================================================================
Received Import Request.
  Time since last request: 4.374683 seconds.
  path: Assets/Resources/res/x1/CharEffect/hypnotize.png
  artifactKey: Guid(e6d1c72c4e2f55540abd12020d9b27d3) Importer(815301076,1909f56bfc062723c751e8b465ee728b)
Start importing Assets/Resources/res/x1/CharEffect/hypnotize.png using Guid(e6d1c72c4e2f55540abd12020d9b27d3) Importer(815301076,1909f56bfc062723c751e8b465ee728b) (PreviewImporter) -> (artifact id: '9f1d6fa312a5222e5b9dc91436c88e6a') in 0.0242789 seconds
Number of updated asset objects reloaded before import = 0Number of asset objects unloaded after import = 3

========================================================================
Received Import Request.
  Time since last request: 0.000032 seconds.
  path: Assets/Resources/res/x1/CharEffect/whistle.png
  artifactKey: Guid(831d50660cd704c4d83f1917bba898de) Importer(815301076,1909f56bfc062723c751e8b465ee728b)
Start importing Assets/Resources/res/x1/CharEffect/whistle.png using Guid(831d50660cd704c4d83f1917bba898de) Importer(815301076,1909f56bfc062723c751e8b465ee728b) (PreviewImporter) -> (artifact id: '80bdf982a1f86a917b24b4e88fc4cf25') in 0.0208962 seconds
Number of updated asset objects reloaded before import = 0Number of asset objects unloaded after import = 3

========================================================================
Received Import Request.
  Time since last request: 0.000062 seconds.
  path: Assets/Resources/res/x1/CharEffect/nrd6.png
  artifactKey: Guid(849a32b444378be428334f014b094531) Importer(815301076,1909f56bfc062723c751e8b465ee728b)
Start importing Assets/Resources/res/x1/CharEffect/nrd6.png using Guid(849a32b444378be428334f014b094531) Importer(815301076,1909f56bfc062723c751e8b465ee728b) (PreviewImporter) -> (artifact id: '503c3dbff152a89d6fa5d4415878b77d') in 0.0221993 seconds
Number of updated asset objects reloaded before import = 0Number of asset objects unloaded after import = 3

========================================================================
Received Import Request.
  Time since last request: 0.000021 seconds.
  path: Assets/Resources/res/x1/CharEffect/monkey.png
  artifactKey: Guid(7e429150eca40cd4e8eeef7ce0010ddc) Importer(815301076,1909f56bfc062723c751e8b465ee728b)
Start importing Assets/Resources/res/x1/CharEffect/monkey.png using Guid(7e429150eca40cd4e8eeef7ce0010ddc) Importer(815301076,1909f56bfc062723c751e8b465ee728b) (PreviewImporter) -> (artifact id: 'b5f42285c0b096c18f41402f8a2f6bff') in 0.0227471 seconds
Number of updated asset objects reloaded before import = 0Number of asset objects unloaded after import = 3

========================================================================
Received Import Request.
  Time since last request: 0.000032 seconds.
  path: Assets/Resources/res/x1/CharEffect/selfexplode.png
  artifactKey: Guid(8a64c7bf125d59549acb2482dcf6fba2) Importer(815301076,1909f56bfc062723c751e8b465ee728b)
Start importing Assets/Resources/res/x1/CharEffect/selfexplode.png using Guid(8a64c7bf125d59549acb2482dcf6fba2) Importer(815301076,1909f56bfc062723c751e8b465ee728b) (PreviewImporter) -> (artifact id: 'ed48f7512b32202ae4f568b3267e1b77') in 0.0225005 seconds
Number of updated asset objects reloaded before import = 0Number of asset objects unloaded after import = 3

========================================================================
Received Import Request.
  Time since last request: 0.000055 seconds.
  path: Assets/Resources/res/x1/CharEffect/nrd2.png
  artifactKey: Guid(aa1b5e2c7a0f74d4b96d464cc94bb465) Importer(815301076,1909f56bfc062723c751e8b465ee728b)
Start importing Assets/Resources/res/x1/CharEffect/nrd2.png using Guid(aa1b5e2c7a0f74d4b96d464cc94bb465) Importer(815301076,1909f56bfc062723c751e8b465ee728b) (PreviewImporter) -> (artifact id: 'bb725a627399522c8fe79cde8501edd3') in 0.0210051 seconds
Number of updated asset objects reloaded before import = 0Number of asset objects unloaded after import = 3

========================================================================
Received Import Request.
  Time since last request: 0.000041 seconds.
  path: Assets/Resources/res/x1/CharEffect/qckk.png
  artifactKey: Guid(1d475c8a97f813a42bcd01ab7477e328) Importer(815301076,1909f56bfc062723c751e8b465ee728b)
Start importing Assets/Resources/res/x1/CharEffect/qckk.png using Guid(1d475c8a97f813a42bcd01ab7477e328) Importer(815301076,1909f56bfc062723c751e8b465ee728b) (PreviewImporter) -> (artifact id: '51017a4f99010ca84f2f3958344f4b52') in 0.0185956 seconds
Number of updated asset objects reloaded before import = 0Number of asset objects unloaded after import = 3

========================================================================
Received Import Request.
  Time since last request: 0.000022 seconds.
  path: Assets/Resources/res/x1/CharEffect/tie.png
  artifactKey: Guid(a47a32d76a9689c4695c67687cd5aa53) Importer(815301076,1909f56bfc062723c751e8b465ee728b)
Start importing Assets/Resources/res/x1/CharEffect/tie.png using Guid(a47a32d76a9689c4695c67687cd5aa53) Importer(815301076,1909f56bfc062723c751e8b465ee728b) (PreviewImporter) -> (artifact id: 'ddc30ec77d908468d5b177f612a79e4f') in 0.019701 seconds
Number of updated asset objects reloaded before import = 0Number of asset objects unloaded after import = 3

========================================================================
Received Import Request.
  Time since last request: 4.557519 seconds.
  path: Assets/Resources/res/x1/e/d02.png
  artifactKey: Guid(ba7b70fe8c15e89488e95e952e415ac8) Importer(815301076,1909f56bfc062723c751e8b465ee728b)
Start importing Assets/Resources/res/x1/e/d02.png using Guid(ba7b70fe8c15e89488e95e952e415ac8) Importer(815301076,1909f56bfc062723c751e8b465ee728b) (PreviewImporter) -> (artifact id: 'f0fcca084aef5fd842cc5e729966ca73') in 0.019425 seconds
Number of updated asset objects reloaded before import = 0Number of asset objects unloaded after import = 3

========================================================================
Received Import Request.
  Time since last request: 0.000022 seconds.
  path: Assets/Resources/res/x1/e/e_10.png
  artifactKey: Guid(3aa9c42dc2da48a4382949e75fcc95d7) Importer(815301076,1909f56bfc062723c751e8b465ee728b)
Start importing Assets/Resources/res/x1/e/e_10.png using Guid(3aa9c42dc2da48a4382949e75fcc95d7) Importer(815301076,1909f56bfc062723c751e8b465ee728b) (PreviewImporter) -> (artifact id: 'd699f8f8accaf21a8a40848c2da8b817') in 0.0235396 seconds
Number of updated asset objects reloaded before import = 0Number of asset objects unloaded after import = 3

========================================================================
Received Import Request.
  Time since last request: 0.000108 seconds.
  path: Assets/Resources/res/x1/e/e_25.png
  artifactKey: Guid(b6a001a399725184fb8a649b2ee21111) Importer(815301076,1909f56bfc062723c751e8b465ee728b)
Start importing Assets/Resources/res/x1/e/e_25.png using Guid(b6a001a399725184fb8a649b2ee21111) Importer(815301076,1909f56bfc062723c751e8b465ee728b) (PreviewImporter) -> (artifact id: '2c64a6bd68e8758e5c3d9e5d0b17d3b6') in 0.0196279 seconds
Number of updated asset objects reloaded before import = 0Number of asset objects unloaded after import = 3

========================================================================
Received Import Request.
  Time since last request: 0.000043 seconds.
  path: Assets/Resources/res/x1/e/e_19.png
  artifactKey: Guid(1e05c025d8787074b970dcf43db1ccea) Importer(815301076,1909f56bfc062723c751e8b465ee728b)
Start importing Assets/Resources/res/x1/e/e_19.png using Guid(1e05c025d8787074b970dcf43db1ccea) Importer(815301076,1909f56bfc062723c751e8b465ee728b) (PreviewImporter) -> (artifact id: 'd39e96b6923c6653b76f7d65dc2469b6') in 0.0224063 seconds
Number of updated asset objects reloaded before import = 0Number of asset objects unloaded after import = 3

========================================================================
Received Import Request.
  Time since last request: 0.000030 seconds.
  path: Assets/Resources/res/x1/e/w0.png
  artifactKey: Guid(4f72643bc6ee7d443aa4af80ef9ddc05) Importer(815301076,1909f56bfc062723c751e8b465ee728b)
Start importing Assets/Resources/res/x1/e/w0.png using Guid(4f72643bc6ee7d443aa4af80ef9ddc05) Importer(815301076,1909f56bfc062723c751e8b465ee728b) (PreviewImporter) -> (artifact id: 'f9c4041d1f6b956b573414ac093a08e9') in 0.0204768 seconds
Number of updated asset objects reloaded before import = 0Number of asset objects unloaded after import = 3

========================================================================
Received Import Request.
  Time since last request: 0.000145 seconds.
  path: Assets/Resources/res/x1/e/d03.png
  artifactKey: Guid(b01bfd7fb1da8e34eba36562f433dca3) Importer(815301076,1909f56bfc062723c751e8b465ee728b)
Start importing Assets/Resources/res/x1/e/d03.png using Guid(b01bfd7fb1da8e34eba36562f433dca3) Importer(815301076,1909f56bfc062723c751e8b465ee728b) (PreviewImporter) -> (artifact id: 'db459f5bfe2c7a695fd8950f31838d81') in 0.0227616 seconds
Number of updated asset objects reloaded before import = 0Number of asset objects unloaded after import = 3

========================================================================
Received Import Request.
  Time since last request: 0.000067 seconds.
  path: Assets/Resources/res/x1/e/e_6.png
  artifactKey: Guid(6179048fe43e83646929b8ed5452b602) Importer(815301076,1909f56bfc062723c751e8b465ee728b)
Start importing Assets/Resources/res/x1/e/e_6.png using Guid(6179048fe43e83646929b8ed5452b602) Importer(815301076,1909f56bfc062723c751e8b465ee728b) (PreviewImporter) -> (artifact id: '712f287ddf561ed0c16562bdce1cacb5') in 0.0210509 seconds
Number of updated asset objects reloaded before import = 0Number of asset objects unloaded after import = 3

========================================================================
Received Import Request.
  Time since last request: 0.000020 seconds.
  path: Assets/Resources/res/x1/e/e_5.png
  artifactKey: Guid(f1c8cccfbd5776f4593fb68dcc96c00c) Importer(815301076,1909f56bfc062723c751e8b465ee728b)
Start importing Assets/Resources/res/x1/e/e_5.png using Guid(f1c8cccfbd5776f4593fb68dcc96c00c) Importer(815301076,1909f56bfc062723c751e8b465ee728b) (PreviewImporter) -> (artifact id: '470642c64692cd7861baa532b2edbb6f') in 0.0228264 seconds
Number of updated asset objects reloaded before import = 0Number of asset objects unloaded after import = 3

========================================================================
Received Import Request.
  Time since last request: 0.000028 seconds.
  path: Assets/Resources/res/x1/e/e_2.png
  artifactKey: Guid(7ceb709fe88447240a4413fad9dc6f2b) Importer(815301076,1909f56bfc062723c751e8b465ee728b)
Start importing Assets/Resources/res/x1/e/e_2.png using Guid(7ceb709fe88447240a4413fad9dc6f2b) Importer(815301076,1909f56bfc062723c751e8b465ee728b) (PreviewImporter) -> (artifact id: '9daeac8b3ffbc9f5e5df75e0b530ca46') in 0.0167787 seconds
Number of updated asset objects reloaded before import = 0Number of asset objects unloaded after import = 2

========================================================================
Received Import Request.
  Time since last request: 0.000024 seconds.
  path: Assets/Resources/res/x1/e/w1.png
  artifactKey: Guid(ef4c3b0e20c488c47a3f9d23fb4513e1) Importer(815301076,1909f56bfc062723c751e8b465ee728b)
Start importing Assets/Resources/res/x1/e/w1.png using Guid(ef4c3b0e20c488c47a3f9d23fb4513e1) Importer(815301076,1909f56bfc062723c751e8b465ee728b) (PreviewImporter) -> (artifact id: '44a5a865e045c22dc838a44b30532185') in 0.020745 seconds
Number of updated asset objects reloaded before import = 0Number of asset objects unloaded after import = 3

========================================================================
Received Import Request.
  Time since last request: 0.000026 seconds.
  path: Assets/Resources/res/x1/e/e_18.png
  artifactKey: Guid(b5cadfded38fc084785c80fc55e5c205) Importer(815301076,1909f56bfc062723c751e8b465ee728b)
Start importing Assets/Resources/res/x1/e/e_18.png using Guid(b5cadfded38fc084785c80fc55e5c205) Importer(815301076,1909f56bfc062723c751e8b465ee728b) (PreviewImporter) -> (artifact id: '77ae8f5e26e2f17d9c4e50825391d826') in 0.0161883 seconds
Number of updated asset objects reloaded before import = 0Number of asset objects unloaded after import = 2

========================================================================
Received Import Request.
  Time since last request: 0.000024 seconds.
  path: Assets/Resources/res/x1/e/e_17.png
  artifactKey: Guid(2b4d07349ccc8ec429035c6fe6bf40a7) Importer(815301076,1909f56bfc062723c751e8b465ee728b)
Start importing Assets/Resources/res/x1/e/e_17.png using Guid(2b4d07349ccc8ec429035c6fe6bf40a7) Importer(815301076,1909f56bfc062723c751e8b465ee728b) (PreviewImporter) -> (artifact id: 'd46f38deaa0ec0b06c6ef3c97760c49c') in 0.0203962 seconds
Number of updated asset objects reloaded before import = 0Number of asset objects unloaded after import = 3

========================================================================
Received Import Request.
  Time since last request: 0.000027 seconds.
  path: Assets/Resources/res/x1/e/d14.png
  artifactKey: Guid(9b00492025a78594eb96ef2e7df9ed7f) Importer(815301076,1909f56bfc062723c751e8b465ee728b)
Start importing Assets/Resources/res/x1/e/d14.png using Guid(9b00492025a78594eb96ef2e7df9ed7f) Importer(815301076,1909f56bfc062723c751e8b465ee728b) (PreviewImporter) -> (artifact id: '0de89ec72b3988baacf5c55f366df911') in 0.020339 seconds
Number of updated asset objects reloaded before import = 0Number of asset objects unloaded after import = 3

========================================================================
Received Import Request.
  Time since last request: 0.000032 seconds.
  path: Assets/Resources/res/x1/e/e_14.png
  artifactKey: Guid(e94ab56ac96d71c43b358f46e34b5cc8) Importer(815301076,1909f56bfc062723c751e8b465ee728b)
Start importing Assets/Resources/res/x1/e/e_14.png using Guid(e94ab56ac96d71c43b358f46e34b5cc8) Importer(815301076,1909f56bfc062723c751e8b465ee728b) (PreviewImporter) -> (artifact id: '894ba9244040c6a5a8eb41d8605520ba') in 0.0180431 seconds
Number of updated asset objects reloaded before import = 0Number of asset objects unloaded after import = 3

========================================================================
Received Import Request.
  Time since last request: 0.000028 seconds.
  path: Assets/Resources/res/x1/e/d12.png
  artifactKey: Guid(28316ba21a5956a40bd13e97051002c5) Importer(815301076,1909f56bfc062723c751e8b465ee728b)
Start importing Assets/Resources/res/x1/e/d12.png using Guid(28316ba21a5956a40bd13e97051002c5) Importer(815301076,1909f56bfc062723c751e8b465ee728b) (PreviewImporter) -> (artifact id: '1438c5f0d746bd6bef392d1d03fccc4c') in 0.0200671 seconds
Number of updated asset objects reloaded before import = 0Number of asset objects unloaded after import = 3

========================================================================
Received Import Request.
  Time since last request: 5.035957 seconds.
  path: Assets/Resources/res/x1/t/1/t_03.png
  artifactKey: Guid(3f4ca075034b36d479b7a2ba38b6d9f9) Importer(815301076,1909f56bfc062723c751e8b465ee728b)
Start importing Assets/Resources/res/x1/t/1/t_03.png using Guid(3f4ca075034b36d479b7a2ba38b6d9f9) Importer(815301076,1909f56bfc062723c751e8b465ee728b) (PreviewImporter) -> (artifact id: 'fbb3f58aaf176384f48ae6fcf021433a') in 0.0204989 seconds
Number of updated asset objects reloaded before import = 0Number of asset objects unloaded after import = 3

========================================================================
Received Import Request.
  Time since last request: 0.000212 seconds.
  path: Assets/Resources/res/x1/t/1/t_05.png
  artifactKey: Guid(9d913092f7411f64d80d54a4ba241406) Importer(815301076,1909f56bfc062723c751e8b465ee728b)
Start importing Assets/Resources/res/x1/t/1/t_05.png using Guid(9d913092f7411f64d80d54a4ba241406) Importer(815301076,1909f56bfc062723c751e8b465ee728b) (PreviewImporter) -> (artifact id: '7e435c64267234dfa55da7854247af17') in 0.0174791 seconds
Number of updated asset objects reloaded before import = 0Number of asset objects unloaded after import = 3

========================================================================
Received Import Request.
  Time since last request: 0.000035 seconds.
  path: Assets/Resources/res/x1/t/1/t_12.png
  artifactKey: Guid(8bad13bdd040176459cdea934c75d2f4) Importer(815301076,1909f56bfc062723c751e8b465ee728b)
Start importing Assets/Resources/res/x1/t/1/t_12.png using Guid(8bad13bdd040176459cdea934c75d2f4) Importer(815301076,1909f56bfc062723c751e8b465ee728b) (PreviewImporter) -> (artifact id: 'e55516e33f7f64330a59b7597096a871') in 0.0255725 seconds
Number of updated asset objects reloaded before import = 0Number of asset objects unloaded after import = 3

========================================================================
Received Import Request.
  Time since last request: 0.000032 seconds.
  path: Assets/Resources/res/x1/t/1/t_16.png
  artifactKey: Guid(0fb6fb25a452b424785125137d566ee0) Importer(815301076,1909f56bfc062723c751e8b465ee728b)
Start importing Assets/Resources/res/x1/t/1/t_16.png using Guid(0fb6fb25a452b424785125137d566ee0) Importer(815301076,1909f56bfc062723c751e8b465ee728b) (PreviewImporter) -> (artifact id: 'eeab5dc13648dbafa0a65aaa26dcd3c8') in 0.0210837 seconds
Number of updated asset objects reloaded before import = 0Number of asset objects unloaded after import = 3

========================================================================
Received Import Request.
  Time since last request: 0.000023 seconds.
  path: Assets/Resources/res/x1/t/1/t_15.png
  artifactKey: Guid(a549b9038bdf67c4cad5195bce7bf46e) Importer(815301076,1909f56bfc062723c751e8b465ee728b)
Start importing Assets/Resources/res/x1/t/1/t_15.png using Guid(a549b9038bdf67c4cad5195bce7bf46e) Importer(815301076,1909f56bfc062723c751e8b465ee728b) (PreviewImporter) -> (artifact id: '1817166039eba86dfdbf43a56bbcf4e5') in 0.0221913 seconds
Number of updated asset objects reloaded before import = 0Number of asset objects unloaded after import = 3

========================================================================
Received Import Request.
  Time since last request: 0.000020 seconds.
  path: Assets/Resources/res/x1/t/1/t_08.png
  artifactKey: Guid(5327e02258804594fb5f0d6eae1c741b) Importer(815301076,1909f56bfc062723c751e8b465ee728b)
Start importing Assets/Resources/res/x1/t/1/t_08.png using Guid(5327e02258804594fb5f0d6eae1c741b) Importer(815301076,1909f56bfc062723c751e8b465ee728b) (PreviewImporter) -> (artifact id: '0d613e293e093f50eb032485f187666a') in 0.0242463 seconds
Number of updated asset objects reloaded before import = 0Number of asset objects unloaded after import = 3

========================================================================
Received Import Request.
  Time since last request: 0.000020 seconds.
  path: Assets/Resources/res/x1/t/1/t_37.png
  artifactKey: Guid(87e14f394fe596e448ab74ee929d01c0) Importer(815301076,1909f56bfc062723c751e8b465ee728b)
Start importing Assets/Resources/res/x1/t/1/t_37.png using Guid(87e14f394fe596e448ab74ee929d01c0) Importer(815301076,1909f56bfc062723c751e8b465ee728b) (PreviewImporter) -> (artifact id: '724c199a284da1405b39f99954aa00f9') in 0.0216806 seconds
Number of updated asset objects reloaded before import = 0Number of asset objects unloaded after import = 3

========================================================================
Received Import Request.
  Time since last request: 0.000030 seconds.
  path: Assets/Resources/res/x1/t/1/t_24.png
  artifactKey: Guid(013b27a5660454c479431182c467c1a7) Importer(815301076,1909f56bfc062723c751e8b465ee728b)
Start importing Assets/Resources/res/x1/t/1/t_24.png using Guid(013b27a5660454c479431182c467c1a7) Importer(815301076,1909f56bfc062723c751e8b465ee728b) (PreviewImporter) -> (artifact id: '95dc442d821df2ad03ff3830fbabe44d') in 0.0221988 seconds
Number of updated asset objects reloaded before import = 0Number of asset objects unloaded after import = 3

========================================================================
Received Import Request.
  Time since last request: 0.000030 seconds.
  path: Assets/Resources/res/x1/t/1/t_29.png
  artifactKey: Guid(5b015ead8cb73d34bbde2cb3e4933f6f) Importer(815301076,1909f56bfc062723c751e8b465ee728b)
Start importing Assets/Resources/res/x1/t/1/t_29.png using Guid(5b015ead8cb73d34bbde2cb3e4933f6f) Importer(815301076,1909f56bfc062723c751e8b465ee728b) (PreviewImporter) -> (artifact id: '117298b5e5bb4a642877348186b4d1f4') in 0.0243356 seconds
Number of updated asset objects reloaded before import = 0Number of asset objects unloaded after import = 3

========================================================================
Received Import Request.
  Time since last request: 0.000055 seconds.
  path: Assets/Resources/res/x1/t/1/t_20.png
  artifactKey: Guid(25a12b8ccdb10a14e85ef3a6c7693249) Importer(815301076,1909f56bfc062723c751e8b465ee728b)
Start importing Assets/Resources/res/x1/t/1/t_20.png using Guid(25a12b8ccdb10a14e85ef3a6c7693249) Importer(815301076,1909f56bfc062723c751e8b465ee728b) (PreviewImporter) -> (artifact id: '7b8dc131e4e5e4c6e77a399fab1e907c') in 0.0243206 seconds
Number of updated asset objects reloaded before import = 0Number of asset objects unloaded after import = 3

========================================================================
Received Import Request.
  Time since last request: 0.000029 seconds.
  path: Assets/Resources/res/x1/t/1/t_40.png
  artifactKey: Guid(3adfbc73c08d2a64f9e312f09bfdef24) Importer(815301076,1909f56bfc062723c751e8b465ee728b)
Start importing Assets/Resources/res/x1/t/1/t_40.png using Guid(3adfbc73c08d2a64f9e312f09bfdef24) Importer(815301076,1909f56bfc062723c751e8b465ee728b) (PreviewImporter) -> (artifact id: '220d2c813f29a5f29bbf0943980ea160') in 0.0217092 seconds
Number of updated asset objects reloaded before import = 0Number of asset objects unloaded after import = 3

========================================================================
Received Import Request.
  Time since last request: 0.000026 seconds.
  path: Assets/Resources/res/x1/t/1/t_04.png
  artifactKey: Guid(a07c740dbc1a75d46805f1e1cd0f5e62) Importer(815301076,1909f56bfc062723c751e8b465ee728b)
Start importing Assets/Resources/res/x1/t/1/t_04.png using Guid(a07c740dbc1a75d46805f1e1cd0f5e62) Importer(815301076,1909f56bfc062723c751e8b465ee728b) (PreviewImporter) -> (artifact id: '27721ca78b4c9dea9030a9e2e9ad003a') in 0.0244079 seconds
Number of updated asset objects reloaded before import = 0Number of asset objects unloaded after import = 3

========================================================================
Received Import Request.
  Time since last request: 0.000049 seconds.
  path: Assets/Resources/res/x1/t/1/t_32.png
  artifactKey: Guid(f580f952c2cbe414ba197ffe86e1e6fa) Importer(815301076,1909f56bfc062723c751e8b465ee728b)
Start importing Assets/Resources/res/x1/t/1/t_32.png using Guid(f580f952c2cbe414ba197ffe86e1e6fa) Importer(815301076,1909f56bfc062723c751e8b465ee728b) (PreviewImporter) -> (artifact id: '8bdef6b8f5093f2d91cc66c6694c9746') in 0.0186327 seconds
Number of updated asset objects reloaded before import = 0Number of asset objects unloaded after import = 3

========================================================================
Received Import Request.
  Time since last request: 0.000028 seconds.
  path: Assets/Resources/res/x1/t/1/t_25.png
  artifactKey: Guid(e7957ed8103b5144fb9bacdfe6104603) Importer(815301076,1909f56bfc062723c751e8b465ee728b)
Start importing Assets/Resources/res/x1/t/1/t_25.png using Guid(e7957ed8103b5144fb9bacdfe6104603) Importer(815301076,1909f56bfc062723c751e8b465ee728b) (PreviewImporter) -> (artifact id: 'ae0c0d799827e4088580fd683e3e10cd') in 0.0173484 seconds
Number of updated asset objects reloaded before import = 0Number of asset objects unloaded after import = 3

========================================================================
Received Import Request.
  Time since last request: 2.975351 seconds.
  path: Assets/Resources/res/x1/t/2/t_03.png
  artifactKey: Guid(e7822323813b36041961f9eef8bb3108) Importer(815301076,1909f56bfc062723c751e8b465ee728b)
Start importing Assets/Resources/res/x1/t/2/t_03.png using Guid(e7822323813b36041961f9eef8bb3108) Importer(815301076,1909f56bfc062723c751e8b465ee728b) (PreviewImporter) -> (artifact id: '8ecbb08b7d68ef6b2f3bf59f3f9e4586') in 0.0155931 seconds
Number of updated asset objects reloaded before import = 0Number of asset objects unloaded after import = 3

========================================================================
Received Import Request.
  Time since last request: 0.000026 seconds.
  path: Assets/Resources/res/x1/t/2/t_30.png
  artifactKey: Guid(ac35129ff90c16b4dbdde9c96a3ef4f2) Importer(815301076,1909f56bfc062723c751e8b465ee728b)
Start importing Assets/Resources/res/x1/t/2/t_30.png using Guid(ac35129ff90c16b4dbdde9c96a3ef4f2) Importer(815301076,1909f56bfc062723c751e8b465ee728b) (PreviewImporter) -> (artifact id: '4a6fc9ed2c3d96000716c01b96333ba0') in 0.018289 seconds
Number of updated asset objects reloaded before import = 0Number of asset objects unloaded after import = 3

========================================================================
Received Import Request.
  Time since last request: 0.000036 seconds.
  path: Assets/Resources/res/x1/t/2/t_19.png
  artifactKey: Guid(cdbf1d7bab787594093fc2b2df0e6635) Importer(815301076,1909f56bfc062723c751e8b465ee728b)
Start importing Assets/Resources/res/x1/t/2/t_19.png using Guid(cdbf1d7bab787594093fc2b2df0e6635) Importer(815301076,1909f56bfc062723c751e8b465ee728b) (PreviewImporter) -> (artifact id: 'bcb5faf55c15b82ccb870b4e1418a373') in 0.0216343 seconds
Number of updated asset objects reloaded before import = 0Number of asset objects unloaded after import = 3

========================================================================
Received Import Request.
  Time since last request: 0.000020 seconds.
  path: Assets/Resources/res/x1/t/2/t_08.png
  artifactKey: Guid(808f7c6929c61b54b83be87c6c89c6fc) Importer(815301076,1909f56bfc062723c751e8b465ee728b)
Start importing Assets/Resources/res/x1/t/2/t_08.png using Guid(808f7c6929c61b54b83be87c6c89c6fc) Importer(815301076,1909f56bfc062723c751e8b465ee728b) (PreviewImporter) -> (artifact id: '51b198537887e386f9cde6a62216e839') in 0.0191895 seconds
Number of updated asset objects reloaded before import = 0Number of asset objects unloaded after import = 3

========================================================================
Received Import Request.
  Time since last request: 0.000032 seconds.
  path: Assets/Resources/res/x1/t/2/t_24.png
  artifactKey: Guid(6925c38a66076a7419f34d6422906f0e) Importer(815301076,1909f56bfc062723c751e8b465ee728b)
Start importing Assets/Resources/res/x1/t/2/t_24.png using Guid(6925c38a66076a7419f34d6422906f0e) Importer(815301076,1909f56bfc062723c751e8b465ee728b) (PreviewImporter) -> (artifact id: '97c48baf6f0585ef39085cc6db3eae52') in 0.0229466 seconds
Number of updated asset objects reloaded before import = 0Number of asset objects unloaded after import = 3

========================================================================
Received Import Request.
  Time since last request: 0.000023 seconds.
  path: Assets/Resources/res/x1/t/2/t_13.png
  artifactKey: Guid(ff47f0e498576ae43966c515890f87db) Importer(815301076,1909f56bfc062723c751e8b465ee728b)
Start importing Assets/Resources/res/x1/t/2/t_13.png using Guid(ff47f0e498576ae43966c515890f87db) Importer(815301076,1909f56bfc062723c751e8b465ee728b) (PreviewImporter) -> (artifact id: '9cac19602e7cad211d3d5440b3bedcc1') in 0.0209598 seconds
Number of updated asset objects reloaded before import = 0Number of asset objects unloaded after import = 3

========================================================================
Received Import Request.
  Time since last request: 0.000036 seconds.
  path: Assets/Resources/res/x1/t/2/t_14.png
  artifactKey: Guid(bf6ab84ed25bbdc4f82d739ff67453e1) Importer(815301076,1909f56bfc062723c751e8b465ee728b)
Start importing Assets/Resources/res/x1/t/2/t_14.png using Guid(bf6ab84ed25bbdc4f82d739ff67453e1) Importer(815301076,1909f56bfc062723c751e8b465ee728b) (PreviewImporter) -> (artifact id: 'ee38c01119b7c29322efaabe415825ab') in 0.0191497 seconds
Number of updated asset objects reloaded before import = 0Number of asset objects unloaded after import = 3

========================================================================
Received Import Request.
  Time since last request: 0.000087 seconds.
  path: Assets/Resources/res/x1/t/2/t_33.png
  artifactKey: Guid(8c70439f2c392b246829234eb1d6d903) Importer(815301076,1909f56bfc062723c751e8b465ee728b)
Start importing Assets/Resources/res/x1/t/2/t_33.png using Guid(8c70439f2c392b246829234eb1d6d903) Importer(815301076,1909f56bfc062723c751e8b465ee728b) (PreviewImporter) -> (artifact id: '3216512837f8611a094049ee485a8999') in 0.0186323 seconds
Number of updated asset objects reloaded before import = 0Number of asset objects unloaded after import = 3

========================================================================
Received Import Request.
  Time since last request: 0.000026 seconds.
  path: Assets/Resources/res/x1/t/2/t_05.png
  artifactKey: Guid(a8b2d6ef7feffe34485ef47e29024757) Importer(815301076,1909f56bfc062723c751e8b465ee728b)
Start importing Assets/Resources/res/x1/t/2/t_05.png using Guid(a8b2d6ef7feffe34485ef47e29024757) Importer(815301076,1909f56bfc062723c751e8b465ee728b) (PreviewImporter) -> (artifact id: 'dbe14f1f887fbf2b6262d431fa08fbaf') in 0.0215727 seconds
Number of updated asset objects reloaded before import = 0Number of asset objects unloaded after import = 3

========================================================================
Received Import Request.
  Time since last request: 0.000035 seconds.
  path: Assets/Resources/res/x1/t/2/t_07.png
  artifactKey: Guid(5241fda66c1837a4080cf0a7c0b51869) Importer(815301076,1909f56bfc062723c751e8b465ee728b)
Start importing Assets/Resources/res/x1/t/2/t_07.png using Guid(5241fda66c1837a4080cf0a7c0b51869) Importer(815301076,1909f56bfc062723c751e8b465ee728b) (PreviewImporter) -> (artifact id: 'd86e15359ad11b3ed06dab87abe1f31d') in 0.0189672 seconds
Number of updated asset objects reloaded before import = 0Number of asset objects unloaded after import = 3

========================================================================
Received Import Request.
  Time since last request: 0.000029 seconds.
  path: Assets/Resources/res/x1/t/2/t_06.png
  artifactKey: Guid(e729b521ad8f10f4d88be723145302c5) Importer(815301076,1909f56bfc062723c751e8b465ee728b)
Start importing Assets/Resources/res/x1/t/2/t_06.png using Guid(e729b521ad8f10f4d88be723145302c5) Importer(815301076,1909f56bfc062723c751e8b465ee728b) (PreviewImporter) -> (artifact id: '9e9617c3d5749378edfad55bafbad857') in 0.0200702 seconds
Number of updated asset objects reloaded before import = 0Number of asset objects unloaded after import = 3

========================================================================
Received Import Request.
  Time since last request: 1.224997 seconds.
  path: Assets/Resources/res/x1/t/3/t_03.png
  artifactKey: Guid(039d1d910d2a3894fa5d2a02eeb47ef1) Importer(815301076,1909f56bfc062723c751e8b465ee728b)
Start importing Assets/Resources/res/x1/t/3/t_03.png using Guid(039d1d910d2a3894fa5d2a02eeb47ef1) Importer(815301076,1909f56bfc062723c751e8b465ee728b) (PreviewImporter) -> (artifact id: 'd4374cfefcbba68c84d322b9ba13c0d7') in 0.0194207 seconds
Number of updated asset objects reloaded before import = 0Number of asset objects unloaded after import = 3

========================================================================
Received Import Request.
  Time since last request: 0.000017 seconds.
  path: Assets/Resources/res/x1/t/3/t_26.png
  artifactKey: Guid(36cdcfa7df2b00c4a961341eed5b620c) Importer(815301076,1909f56bfc062723c751e8b465ee728b)
Start importing Assets/Resources/res/x1/t/3/t_26.png using Guid(36cdcfa7df2b00c4a961341eed5b620c) Importer(815301076,1909f56bfc062723c751e8b465ee728b) (PreviewImporter) -> (artifact id: '7a49a20cf6a6e2fa7fc61866d98ca763') in 0.0149859 seconds
Number of updated asset objects reloaded before import = 0Number of asset objects unloaded after import = 3

========================================================================
Received Import Request.
  Time since last request: 0.000022 seconds.
  path: Assets/Resources/res/x1/t/3/t_36.png
  artifactKey: Guid(d6e86c4295890234e94fa059b734f66d) Importer(815301076,1909f56bfc062723c751e8b465ee728b)
Start importing Assets/Resources/res/x1/t/3/t_36.png using Guid(d6e86c4295890234e94fa059b734f66d) Importer(815301076,1909f56bfc062723c751e8b465ee728b) (PreviewImporter) -> (artifact id: '360540398e0e53a36fba21b0498cda33') in 0.0209235 seconds
Number of updated asset objects reloaded before import = 0Number of asset objects unloaded after import = 3

========================================================================
Received Import Request.
  Time since last request: 0.000021 seconds.
  path: Assets/Resources/res/x1/t/3/t_23.png
  artifactKey: Guid(33454b1a1697db144981051a32f0d4a4) Importer(815301076,1909f56bfc062723c751e8b465ee728b)
Start importing Assets/Resources/res/x1/t/3/t_23.png using Guid(33454b1a1697db144981051a32f0d4a4) Importer(815301076,1909f56bfc062723c751e8b465ee728b) (PreviewImporter) -> (artifact id: '968d7efc841fcc5a18813260f6effb29') in 0.0216652 seconds
Number of updated asset objects reloaded before import = 0Number of asset objects unloaded after import = 3

========================================================================
Received Import Request.
  Time since last request: 0.000026 seconds.
  path: Assets/Resources/res/x1/t/3/t_43.png
  artifactKey: Guid(7b8e58207c618694eb12fdd45a5104b5) Importer(815301076,1909f56bfc062723c751e8b465ee728b)
Start importing Assets/Resources/res/x1/t/3/t_43.png using Guid(7b8e58207c618694eb12fdd45a5104b5) Importer(815301076,1909f56bfc062723c751e8b465ee728b) (PreviewImporter) -> (artifact id: '031583ee4b631c80beca8d1c749a3d5f') in 0.0220041 seconds
Number of updated asset objects reloaded before import = 0Number of asset objects unloaded after import = 3

========================================================================
Received Import Request.
  Time since last request: 0.000036 seconds.
  path: Assets/Resources/res/x1/t/3/t_52.png
  artifactKey: Guid(9f4d7903b45f83f40b3c00270c291f3c) Importer(815301076,1909f56bfc062723c751e8b465ee728b)
Start importing Assets/Resources/res/x1/t/3/t_52.png using Guid(9f4d7903b45f83f40b3c00270c291f3c) Importer(815301076,1909f56bfc062723c751e8b465ee728b) (PreviewImporter) -> (artifact id: '192eace9b65e4308b86fd4d4259129f0') in 0.0197985 seconds
Number of updated asset objects reloaded before import = 0Number of asset objects unloaded after import = 3

========================================================================
Received Import Request.
  Time since last request: 0.000030 seconds.
  path: Assets/Resources/res/x1/t/3/t_14.png
  artifactKey: Guid(6aaa3530a0a28a249bb25fca575bc15b) Importer(815301076,1909f56bfc062723c751e8b465ee728b)
Start importing Assets/Resources/res/x1/t/3/t_14.png using Guid(6aaa3530a0a28a249bb25fca575bc15b) Importer(815301076,1909f56bfc062723c751e8b465ee728b) (PreviewImporter) -> (artifact id: 'd3b6886f1ae290ed7d69f5daab12a727') in 0.0205417 seconds
Number of updated asset objects reloaded before import = 0Number of asset objects unloaded after import = 3

========================================================================
Received Import Request.
  Time since last request: 0.000034 seconds.
  path: Assets/Resources/res/x1/t/3/t_53.png
  artifactKey: Guid(d6eb528bb6d12944c852b0143e52d5de) Importer(815301076,1909f56bfc062723c751e8b465ee728b)
Start importing Assets/Resources/res/x1/t/3/t_53.png using Guid(d6eb528bb6d12944c852b0143e52d5de) Importer(815301076,1909f56bfc062723c751e8b465ee728b) (PreviewImporter) -> (artifact id: '01f8d91444b2f6ebc17da0e7bf4968fa') in 0.0205779 seconds
Number of updated asset objects reloaded before import = 0Number of asset objects unloaded after import = 3

========================================================================
Received Import Request.
  Time since last request: 0.000022 seconds.
  path: Assets/Resources/res/x1/t/3/t_31.png
  artifactKey: Guid(fb0582cfea2baba478d337f90a87e1d4) Importer(815301076,1909f56bfc062723c751e8b465ee728b)
Start importing Assets/Resources/res/x1/t/3/t_31.png using Guid(fb0582cfea2baba478d337f90a87e1d4) Importer(815301076,1909f56bfc062723c751e8b465ee728b) (PreviewImporter) -> (artifact id: 'eedef0971a8e437022147610ca6d0091') in 0.0191315 seconds
Number of updated asset objects reloaded before import = 0Number of asset objects unloaded after import = 3

========================================================================
Received Import Request.
  Time since last request: 0.000020 seconds.
  path: Assets/Resources/res/x1/t/3/t_20.png
  artifactKey: Guid(11a6796b00dd37d439866cff2f659060) Importer(815301076,1909f56bfc062723c751e8b465ee728b)
Start importing Assets/Resources/res/x1/t/3/t_20.png using Guid(11a6796b00dd37d439866cff2f659060) Importer(815301076,1909f56bfc062723c751e8b465ee728b) (PreviewImporter) -> (artifact id: 'dbd1ae00d463d61ecba48c20de1255e0') in 0.0203537 seconds
Number of updated asset objects reloaded before import = 0Number of asset objects unloaded after import = 3

========================================================================
Received Import Request.
  Time since last request: 0.000029 seconds.
  path: Assets/Resources/res/x1/t/3/t_16.png
  artifactKey: Guid(c151c056cf591a74c8545a14c9ae0e0d) Importer(815301076,1909f56bfc062723c751e8b465ee728b)
Start importing Assets/Resources/res/x1/t/3/t_16.png using Guid(c151c056cf591a74c8545a14c9ae0e0d) Importer(815301076,1909f56bfc062723c751e8b465ee728b) (PreviewImporter) -> (artifact id: '8a5b00d69677fe6f46f11868bf5164c5') in 0.0220134 seconds
Number of updated asset objects reloaded before import = 0Number of asset objects unloaded after import = 3

========================================================================
Received Import Request.
  Time since last request: 0.000039 seconds.
  path: Assets/Resources/res/x1/t/3/t_49.png
  artifactKey: Guid(ae782458a23660942813e2b16f9dcf6e) Importer(815301076,1909f56bfc062723c751e8b465ee728b)
Start importing Assets/Resources/res/x1/t/3/t_49.png using Guid(ae782458a23660942813e2b16f9dcf6e) Importer(815301076,1909f56bfc062723c751e8b465ee728b) (PreviewImporter) -> (artifact id: 'eca70ac2a3e76c0333fd853ceaf39e0f') in 0.0197554 seconds
Number of updated asset objects reloaded before import = 0Number of asset objects unloaded after import = 3

========================================================================
Received Import Request.
  Time since last request: 0.000018 seconds.
  path: Assets/Resources/res/x1/t/3/t_41.png
  artifactKey: Guid(0547558290832d7438b840c19fd8ef55) Importer(815301076,1909f56bfc062723c751e8b465ee728b)
Start importing Assets/Resources/res/x1/t/3/t_41.png using Guid(0547558290832d7438b840c19fd8ef55) Importer(815301076,1909f56bfc062723c751e8b465ee728b) (PreviewImporter) -> (artifact id: 'd271437f797ecba83e4daa7cbc083682') in 0.0190695 seconds
Number of updated asset objects reloaded before import = 0Number of asset objects unloaded after import = 3

========================================================================
Received Import Request.
  Time since last request: 0.000032 seconds.
  path: Assets/Resources/res/x1/t/3/t_24.png
  artifactKey: Guid(31f1fa069d5e03f4fa2b79bed41559fb) Importer(815301076,1909f56bfc062723c751e8b465ee728b)
Start importing Assets/Resources/res/x1/t/3/t_24.png using Guid(31f1fa069d5e03f4fa2b79bed41559fb) Importer(815301076,1909f56bfc062723c751e8b465ee728b) (PreviewImporter) -> (artifact id: '0998d54f5af7fe530db766633d61af98') in 0.0192662 seconds
Number of updated asset objects reloaded before import = 0Number of asset objects unloaded after import = 3

========================================================================
Received Import Request.
  Time since last request: 0.000049 seconds.
  path: Assets/Resources/res/x1/t/3/t_12.png
  artifactKey: Guid(632ec6c5d30ef7742af19db63a022de2) Importer(815301076,1909f56bfc062723c751e8b465ee728b)
Start importing Assets/Resources/res/x1/t/3/t_12.png using Guid(632ec6c5d30ef7742af19db63a022de2) Importer(815301076,1909f56bfc062723c751e8b465ee728b) (PreviewImporter) -> (artifact id: 'a75564f9cd70a5ec6974150cc0eb1a32') in 0.0191379 seconds
Number of updated asset objects reloaded before import = 0Number of asset objects unloaded after import = 3

========================================================================
Received Import Request.
  Time since last request: 0.000034 seconds.
  path: Assets/Resources/res/x1/t/3/t_08.png
  artifactKey: Guid(2897695c0a8b85d439aa72d9ae922522) Importer(815301076,1909f56bfc062723c751e8b465ee728b)
Start importing Assets/Resources/res/x1/t/3/t_08.png using Guid(2897695c0a8b85d439aa72d9ae922522) Importer(815301076,1909f56bfc062723c751e8b465ee728b) (PreviewImporter) -> (artifact id: 'db2fc701718982ed609d2e75fc580beb') in 0.0193134 seconds
Number of updated asset objects reloaded before import = 0Number of asset objects unloaded after import = 3

========================================================================
Received Import Request.
  Time since last request: 0.000023 seconds.
  path: Assets/Resources/res/x1/t/3/t_34.png
  artifactKey: Guid(aaa0da1f68edbd34ead1bf9c00fae373) Importer(815301076,1909f56bfc062723c751e8b465ee728b)
Start importing Assets/Resources/res/x1/t/3/t_34.png using Guid(aaa0da1f68edbd34ead1bf9c00fae373) Importer(815301076,1909f56bfc062723c751e8b465ee728b) (PreviewImporter) -> (artifact id: '3963a097980e0b0f608dfe6b1c706208') in 0.0166775 seconds
Number of updated asset objects reloaded before import = 0Number of asset objects unloaded after import = 3

========================================================================
Received Import Request.
  Time since last request: 0.000031 seconds.
  path: Assets/Resources/res/x1/t/3/t_28.png
  artifactKey: Guid(dc54fb2638caab14083ea66e72bac0a5) Importer(815301076,1909f56bfc062723c751e8b465ee728b)
Start importing Assets/Resources/res/x1/t/3/t_28.png using Guid(dc54fb2638caab14083ea66e72bac0a5) Importer(815301076,1909f56bfc062723c751e8b465ee728b) (PreviewImporter) -> (artifact id: '543673d9f081a0240fb531aefc741311') in 0.0193423 seconds
Number of updated asset objects reloaded before import = 0Number of asset objects unloaded after import = 3

========================================================================
Received Import Request.
  Time since last request: 0.490482 seconds.
  path: Assets/Resources/res/x1/t/5/t_03.png
  artifactKey: Guid(663a831a2b4dbda45a977e85d1e90857) Importer(815301076,1909f56bfc062723c751e8b465ee728b)
Start importing Assets/Resources/res/x1/t/5/t_03.png using Guid(663a831a2b4dbda45a977e85d1e90857) Importer(815301076,1909f56bfc062723c751e8b465ee728b) (PreviewImporter) -> (artifact id: '5ee2edbd8200e57de003f34f0834ca7a') in 0.0170635 seconds
Number of updated asset objects reloaded before import = 0Number of asset objects unloaded after import = 3

========================================================================
Received Import Request.
  Time since last request: 0.000037 seconds.
  path: Assets/Resources/res/x1/t/5/t_29.png
  artifactKey: Guid(d6f54276381119044b0257a51ceb084d) Importer(815301076,1909f56bfc062723c751e8b465ee728b)
Start importing Assets/Resources/res/x1/t/5/t_29.png using Guid(d6f54276381119044b0257a51ceb084d) Importer(815301076,1909f56bfc062723c751e8b465ee728b) (PreviewImporter) -> (artifact id: '273a592741354d6e3b5dd1a6efe8a6f5') in 0.0175967 seconds
Number of updated asset objects reloaded before import = 0Number of asset objects unloaded after import = 3

========================================================================
Received Import Request.
  Time since last request: 0.000018 seconds.
  path: Assets/Resources/res/x1/t/5/t_04.png
  artifactKey: Guid(149a9774198bc3143ac39c0820cedfc2) Importer(815301076,1909f56bfc062723c751e8b465ee728b)
Start importing Assets/Resources/res/x1/t/5/t_04.png using Guid(149a9774198bc3143ac39c0820cedfc2) Importer(815301076,1909f56bfc062723c751e8b465ee728b) (PreviewImporter) -> (artifact id: '67b9faed78653859be5a6d83842b555c') in 0.0186078 seconds
Number of updated asset objects reloaded before import = 0Number of asset objects unloaded after import = 3

========================================================================
Received Import Request.
  Time since last request: 0.000028 seconds.
  path: Assets/Resources/res/x1/t/5/t_25.png
  artifactKey: Guid(2e2a77b7e2286d843bf3bde86d4a5840) Importer(815301076,1909f56bfc062723c751e8b465ee728b)
Start importing Assets/Resources/res/x1/t/5/t_25.png using Guid(2e2a77b7e2286d843bf3bde86d4a5840) Importer(815301076,1909f56bfc062723c751e8b465ee728b) (PreviewImporter) -> (artifact id: '7d60283bce522ac99030fcd3b0655f87') in 0.0177353 seconds
Number of updated asset objects reloaded before import = 0Number of asset objects unloaded after import = 3

========================================================================
Received Import Request.
  Time since last request: 0.000023 seconds.
  path: Assets/Resources/res/x1/t/5/t_33.png
  artifactKey: Guid(287250a7e23c4dc4683e32ce25918a21) Importer(815301076,1909f56bfc062723c751e8b465ee728b)
Start importing Assets/Resources/res/x1/t/5/t_33.png using Guid(287250a7e23c4dc4683e32ce25918a21) Importer(815301076,1909f56bfc062723c751e8b465ee728b) (PreviewImporter) -> (artifact id: 'aad4f5a1d5c633127033302f54a4195c') in 0.0186892 seconds
Number of updated asset objects reloaded before import = 0Number of asset objects unloaded after import = 3

========================================================================
Received Import Request.
  Time since last request: 0.000048 seconds.
  path: Assets/Resources/res/x1/t/5/t_19.png
  artifactKey: Guid(36988a9816a56744f9224a778ae1a7ac) Importer(815301076,1909f56bfc062723c751e8b465ee728b)
Start importing Assets/Resources/res/x1/t/5/t_19.png using Guid(36988a9816a56744f9224a778ae1a7ac) Importer(815301076,1909f56bfc062723c751e8b465ee728b) (PreviewImporter) -> (artifact id: '2e0bda4dba6d1ed35d09282f5306ad28') in 0.0178841 seconds
Number of updated asset objects reloaded before import = 0Number of asset objects unloaded after import = 3

========================================================================
Received Import Request.
  Time since last request: 0.000019 seconds.
  path: Assets/Resources/res/x1/t/5/t_24.png
  artifactKey: Guid(d25e3a6587d2eb74b8e67510659cc354) Importer(815301076,1909f56bfc062723c751e8b465ee728b)
Start importing Assets/Resources/res/x1/t/5/t_24.png using Guid(d25e3a6587d2eb74b8e67510659cc354) Importer(815301076,1909f56bfc062723c751e8b465ee728b) (PreviewImporter) -> (artifact id: 'c770d388ffe34c8bdd16521832312cb9') in 0.0169759 seconds
Number of updated asset objects reloaded before import = 0Number of asset objects unloaded after import = 3

========================================================================
Received Import Request.
  Time since last request: 0.000109 seconds.
  path: Assets/Resources/res/x1/t/5/t_23.png
  artifactKey: Guid(f94d7d095e8a60345a883f52864e9c5f) Importer(815301076,1909f56bfc062723c751e8b465ee728b)
Start importing Assets/Resources/res/x1/t/5/t_23.png using Guid(f94d7d095e8a60345a883f52864e9c5f) Importer(815301076,1909f56bfc062723c751e8b465ee728b) (PreviewImporter) -> (artifact id: '6310b6eaff4794fdd654165d8700d279') in 0.0212079 seconds
Number of updated asset objects reloaded before import = 0Number of asset objects unloaded after import = 3

========================================================================
Received Import Request.
  Time since last request: 0.000027 seconds.
  path: Assets/Resources/res/x1/t/5/t_36.png
  artifactKey: Guid(cf5625658b47f5a41a0c9a0069b4dc06) Importer(815301076,1909f56bfc062723c751e8b465ee728b)
Start importing Assets/Resources/res/x1/t/5/t_36.png using Guid(cf5625658b47f5a41a0c9a0069b4dc06) Importer(815301076,1909f56bfc062723c751e8b465ee728b) (PreviewImporter) -> (artifact id: 'b6443c85abdf72eeeeae4a310697822a') in 0.0202205 seconds
Number of updated asset objects reloaded before import = 0Number of asset objects unloaded after import = 3

========================================================================
Received Import Request.
  Time since last request: 0.000026 seconds.
  path: Assets/Resources/res/x1/t/5/t_17.png
  artifactKey: Guid(dffe8c36ef749cd4d9cfa47914c58d32) Importer(815301076,1909f56bfc062723c751e8b465ee728b)
Start importing Assets/Resources/res/x1/t/5/t_17.png using Guid(dffe8c36ef749cd4d9cfa47914c58d32) Importer(815301076,1909f56bfc062723c751e8b465ee728b) (PreviewImporter) -> (artifact id: 'a5b0a02dc8f45290f1a9e8e7f17af18c') in 0.0185232 seconds
Number of updated asset objects reloaded before import = 0Number of asset objects unloaded after import = 3

========================================================================
Received Import Request.
  Time since last request: 0.000061 seconds.
  path: Assets/Resources/res/x1/t/5/t_21.png
  artifactKey: Guid(22dfbcab2560a6643b639fdbc7e14583) Importer(815301076,1909f56bfc062723c751e8b465ee728b)
Start importing Assets/Resources/res/x1/t/5/t_21.png using Guid(22dfbcab2560a6643b639fdbc7e14583) Importer(815301076,1909f56bfc062723c751e8b465ee728b) (PreviewImporter) -> (artifact id: 'cca45219f018617051cf19a6d373ba66') in 0.0217505 seconds
Number of updated asset objects reloaded before import = 0Number of asset objects unloaded after import = 3

========================================================================
Received Import Request.
  Time since last request: 0.000018 seconds.
  path: Assets/Resources/res/x1/t/5/t_12.png
  artifactKey: Guid(46e7b4b903a608d49a769a8e851e9243) Importer(815301076,1909f56bfc062723c751e8b465ee728b)
Start importing Assets/Resources/res/x1/t/5/t_12.png using Guid(46e7b4b903a608d49a769a8e851e9243) Importer(815301076,1909f56bfc062723c751e8b465ee728b) (PreviewImporter) -> (artifact id: '16de852ef1cd7ac4d4f04e5ad2a9ad36') in 0.0179665 seconds
Number of updated asset objects reloaded before import = 0Number of asset objects unloaded after import = 3

========================================================================
Received Import Request.
  Time since last request: 0.000029 seconds.
  path: Assets/Resources/res/x1/t/5/t_20.png
  artifactKey: Guid(3ce327c105b464a4e9ca58355bfe25b9) Importer(815301076,1909f56bfc062723c751e8b465ee728b)
Start importing Assets/Resources/res/x1/t/5/t_20.png using Guid(3ce327c105b464a4e9ca58355bfe25b9) Importer(815301076,1909f56bfc062723c751e8b465ee728b) (PreviewImporter) -> (artifact id: '7726b4903359315f0e79c3712ef1dfba') in 0.0170769 seconds
Number of updated asset objects reloaded before import = 0Number of asset objects unloaded after import = 3

========================================================================
Received Import Request.
  Time since last request: 0.196917 seconds.
  path: Assets/Resources/res/x1/t/6/t_03.png
  artifactKey: Guid(d02b56fcf547af74db469a845ee9f0ca) Importer(815301076,1909f56bfc062723c751e8b465ee728b)
Start importing Assets/Resources/res/x1/t/6/t_03.png using Guid(d02b56fcf547af74db469a845ee9f0ca) Importer(815301076,1909f56bfc062723c751e8b465ee728b) (PreviewImporter) -> (artifact id: 'baf46e9320dfcf7bbe37f31a1d2e67cb') in 0.0148532 seconds
Number of updated asset objects reloaded before import = 0Number of asset objects unloaded after import = 3

========================================================================
Received Import Request.
  Time since last request: 0.000017 seconds.
  path: Assets/Resources/res/x1/t/6/t_06.png
  artifactKey: Guid(b779bb7a471e1ab44aaa93c5560b3d1c) Importer(815301076,1909f56bfc062723c751e8b465ee728b)
Start importing Assets/Resources/res/x1/t/6/t_06.png using Guid(b779bb7a471e1ab44aaa93c5560b3d1c) Importer(815301076,1909f56bfc062723c751e8b465ee728b) (PreviewImporter) -> (artifact id: '9a9f536e92ffeda75505867a48d1e924') in 0.0177919 seconds
Number of updated asset objects reloaded before import = 0Number of asset objects unloaded after import = 3

========================================================================
Received Import Request.
  Time since last request: 0.000046 seconds.
  path: Assets/Resources/res/x1/t/6/t_29.png
  artifactKey: Guid(190761841a80a844b8cb6a8cfd802016) Importer(815301076,1909f56bfc062723c751e8b465ee728b)
Start importing Assets/Resources/res/x1/t/6/t_29.png using Guid(190761841a80a844b8cb6a8cfd802016) Importer(815301076,1909f56bfc062723c751e8b465ee728b) (PreviewImporter) -> (artifact id: '490ea928d896277394f8c52d7b7258fb') in 0.0177753 seconds
Number of updated asset objects reloaded before import = 0Number of asset objects unloaded after import = 3

========================================================================
Received Import Request.
  Time since last request: 0.000037 seconds.
  path: Assets/Resources/res/x1/t/6/t_22.png
  artifactKey: Guid(9f28c04a3acb2d44fa7f51023d7e84c6) Importer(815301076,1909f56bfc062723c751e8b465ee728b)
Start importing Assets/Resources/res/x1/t/6/t_22.png using Guid(9f28c04a3acb2d44fa7f51023d7e84c6) Importer(815301076,1909f56bfc062723c751e8b465ee728b) (PreviewImporter) -> (artifact id: '5fd40d4f5b0fbd841f8320da431962dc') in 0.0193852 seconds
Number of updated asset objects reloaded before import = 0Number of asset objects unloaded after import = 3

========================================================================
Received Import Request.
  Time since last request: 0.000023 seconds.
  path: Assets/Resources/res/x1/t/6/t_04.png
  artifactKey: Guid(41d419501b09ae34e88f864c91e8cab2) Importer(815301076,1909f56bfc062723c751e8b465ee728b)
Start importing Assets/Resources/res/x1/t/6/t_04.png using Guid(41d419501b09ae34e88f864c91e8cab2) Importer(815301076,1909f56bfc062723c751e8b465ee728b) (PreviewImporter) -> (artifact id: '0feace813f4458b3a785c3f0bd323bf7') in 0.0183441 seconds
Number of updated asset objects reloaded before import = 0Number of asset objects unloaded after import = 3

========================================================================
Received Import Request.
  Time since last request: 0.000035 seconds.
  path: Assets/Resources/res/x1/t/6/t_23.png
  artifactKey: Guid(a031291feca383e478370dfa862bc8b7) Importer(815301076,1909f56bfc062723c751e8b465ee728b)
Start importing Assets/Resources/res/x1/t/6/t_23.png using Guid(a031291feca383e478370dfa862bc8b7) Importer(815301076,1909f56bfc062723c751e8b465ee728b) (PreviewImporter) -> (artifact id: '2c1af5dd20e5b8f285ee19e3fd827555') in 0.0196974 seconds
Number of updated asset objects reloaded before import = 0Number of asset objects unloaded after import = 3

========================================================================
Received Import Request.
  Time since last request: 0.000043 seconds.
  path: Assets/Resources/res/x1/t/6/t_15.png
  artifactKey: Guid(830a3dc09d1eb7646bf526a449577e9e) Importer(815301076,1909f56bfc062723c751e8b465ee728b)
Start importing Assets/Resources/res/x1/t/6/t_15.png using Guid(830a3dc09d1eb7646bf526a449577e9e) Importer(815301076,1909f56bfc062723c751e8b465ee728b) (PreviewImporter) -> (artifact id: 'fa191babee55c5dcb62744481feb773c') in 0.0185202 seconds
Number of updated asset objects reloaded before import = 0Number of asset objects unloaded after import = 3

========================================================================
Received Import Request.
  Time since last request: 0.000026 seconds.
  path: Assets/Resources/res/x1/t/6/t_17.png
  artifactKey: Guid(ebd1b2d3ce164224388f1f7620d4a33b) Importer(815301076,1909f56bfc062723c751e8b465ee728b)
Start importing Assets/Resources/res/x1/t/6/t_17.png using Guid(ebd1b2d3ce164224388f1f7620d4a33b) Importer(815301076,1909f56bfc062723c751e8b465ee728b) (PreviewImporter) -> (artifact id: '124af915e9496b06609ac9deef076b37') in 0.02005 seconds
Number of updated asset objects reloaded before import = 0Number of asset objects unloaded after import = 3

========================================================================
Received Import Request.
  Time since last request: 0.000039 seconds.
  path: Assets/Resources/res/x1/t/6/t_33.png
  artifactKey: Guid(8ae87327d91a4274e92c71964b604e85) Importer(815301076,1909f56bfc062723c751e8b465ee728b)
Start importing Assets/Resources/res/x1/t/6/t_33.png using Guid(8ae87327d91a4274e92c71964b604e85) Importer(815301076,1909f56bfc062723c751e8b465ee728b) (PreviewImporter) -> (artifact id: '81f5257e4f9175a80ceea07a4a3eb0cf') in 0.0098879 seconds
Number of updated asset objects reloaded before import = 0Number of asset objects unloaded after import = 3

========================================================================
Received Import Request.
  Time since last request: 0.000023 seconds.
  path: Assets/Resources/res/x1/t/6/t_13.png
  artifactKey: Guid(5799aeb9de692be468b1a9b6470628c8) Importer(815301076,1909f56bfc062723c751e8b465ee728b)
Start importing Assets/Resources/res/x1/t/6/t_13.png using Guid(5799aeb9de692be468b1a9b6470628c8) Importer(815301076,1909f56bfc062723c751e8b465ee728b) (PreviewImporter) -> (artifact id: 'b5626da717cefc7e0e3ddef171c525c1') in 0.0207197 seconds
Number of updated asset objects reloaded before import = 0Number of asset objects unloaded after import = 3

========================================================================
Received Import Request.
  Time since last request: 0.000027 seconds.
  path: Assets/Resources/res/x1/t/6/t_05.png
  artifactKey: Guid(902378126d0cfb4488b659b32b7a95ae) Importer(815301076,1909f56bfc062723c751e8b465ee728b)
Start importing Assets/Resources/res/x1/t/6/t_05.png using Guid(902378126d0cfb4488b659b32b7a95ae) Importer(815301076,1909f56bfc062723c751e8b465ee728b) (PreviewImporter) -> (artifact id: '594a2ae8e54f603e4f919e78a1241a72') in 0.0206368 seconds
Number of updated asset objects reloaded before import = 0Number of asset objects unloaded after import = 3

========================================================================
Received Import Request.
  Time since last request: 0.456407 seconds.
  path: Assets/Resources/res/x1/t/8/t_03.png
  artifactKey: Guid(3bf0ab5c35819f84397069c87735c6d2) Importer(815301076,1909f56bfc062723c751e8b465ee728b)
Start importing Assets/Resources/res/x1/t/8/t_03.png using Guid(3bf0ab5c35819f84397069c87735c6d2) Importer(815301076,1909f56bfc062723c751e8b465ee728b) (PreviewImporter) -> (artifact id: '6a350b6b09ad22ede674d1d84a7fa4e9') in 0.0178094 seconds
Number of updated asset objects reloaded before import = 0Number of asset objects unloaded after import = 3

========================================================================
Received Import Request.
  Time since last request: 0.000032 seconds.
  path: Assets/Resources/res/x1/t/8/t_21.png
  artifactKey: Guid(508ab125f5dcb9d4a91a48ceb0d08f98) Importer(815301076,1909f56bfc062723c751e8b465ee728b)
Start importing Assets/Resources/res/x1/t/8/t_21.png using Guid(508ab125f5dcb9d4a91a48ceb0d08f98) Importer(815301076,1909f56bfc062723c751e8b465ee728b) (PreviewImporter) -> (artifact id: '2a56329dc9b3c3a8241001e6a0ff9c94') in 0.0169462 seconds
Number of updated asset objects reloaded before import = 0Number of asset objects unloaded after import = 3

========================================================================
Received Import Request.
  Time since last request: 0.000017 seconds.
  path: Assets/Resources/res/x1/t/8/t_33.png
  artifactKey: Guid(341ad9ad686d4fe45adeb2d2b6e4a0b8) Importer(815301076,1909f56bfc062723c751e8b465ee728b)
Start importing Assets/Resources/res/x1/t/8/t_33.png using Guid(341ad9ad686d4fe45adeb2d2b6e4a0b8) Importer(815301076,1909f56bfc062723c751e8b465ee728b) (PreviewImporter) -> (artifact id: '15f0baebd9431a2e552d5f65eebd33c1') in 0.0176233 seconds
Number of updated asset objects reloaded before import = 0Number of asset objects unloaded after import = 3

========================================================================
Received Import Request.
  Time since last request: 0.000019 seconds.
  path: Assets/Resources/res/x1/t/8/t_04.png
  artifactKey: Guid(90324f14fa11bbd4ca67de50490241c7) Importer(815301076,1909f56bfc062723c751e8b465ee728b)
Start importing Assets/Resources/res/x1/t/8/t_04.png using Guid(90324f14fa11bbd4ca67de50490241c7) Importer(815301076,1909f56bfc062723c751e8b465ee728b) (PreviewImporter) -> (artifact id: '31b3dcf05f650c8ce99ad76793740d5f') in 0.0179676 seconds
Number of updated asset objects reloaded before import = 0Number of asset objects unloaded after import = 3

========================================================================
Received Import Request.
  Time since last request: 0.000059 seconds.
  path: Assets/Resources/res/x1/t/8/t_19.png
  artifactKey: Guid(754e25aa35d8b6941a20b445dff675f9) Importer(815301076,1909f56bfc062723c751e8b465ee728b)
Start importing Assets/Resources/res/x1/t/8/t_19.png using Guid(754e25aa35d8b6941a20b445dff675f9) Importer(815301076,1909f56bfc062723c751e8b465ee728b) (PreviewImporter) -> (artifact id: '07a36d4ad874d03918ae6e140cb76095') in 0.0173986 seconds
Number of updated asset objects reloaded before import = 0Number of asset objects unloaded after import = 3

========================================================================
Received Import Request.
  Time since last request: 0.000041 seconds.
  path: Assets/Resources/res/x1/t/8/t_25.png
  artifactKey: Guid(c4ae1f63d7f19fb4b833cf0e11e3e756) Importer(815301076,1909f56bfc062723c751e8b465ee728b)
Start importing Assets/Resources/res/x1/t/8/t_25.png using Guid(c4ae1f63d7f19fb4b833cf0e11e3e756) Importer(815301076,1909f56bfc062723c751e8b465ee728b) (PreviewImporter) -> (artifact id: '4bc3ef8d6266f52fca3cb2377fb939d8') in 0.01719 seconds
Number of updated asset objects reloaded before import = 0Number of asset objects unloaded after import = 3

========================================================================
Received Import Request.
  Time since last request: 0.000021 seconds.
  path: Assets/Resources/res/x1/t/8/t_13.png
  artifactKey: Guid(d9545e7a251d504478893e9e88fe6bf0) Importer(815301076,1909f56bfc062723c751e8b465ee728b)
Start importing Assets/Resources/res/x1/t/8/t_13.png using Guid(d9545e7a251d504478893e9e88fe6bf0) Importer(815301076,1909f56bfc062723c751e8b465ee728b) (PreviewImporter) -> (artifact id: '4988952122d3941f3b5eaec10fa773ac') in 0.0176734 seconds
Number of updated asset objects reloaded before import = 0Number of asset objects unloaded after import = 3

========================================================================
Received Import Request.
  Time since last request: 0.000019 seconds.
  path: Assets/Resources/res/x1/t/8/t_14.png
  artifactKey: Guid(80297e3e56ec0c448b81654fc6b7f6d9) Importer(815301076,1909f56bfc062723c751e8b465ee728b)
Start importing Assets/Resources/res/x1/t/8/t_14.png using Guid(80297e3e56ec0c448b81654fc6b7f6d9) Importer(815301076,1909f56bfc062723c751e8b465ee728b) (PreviewImporter) -> (artifact id: '6354a256cc9f8b7264aad44c56e101e1') in 0.0196337 seconds
Number of updated asset objects reloaded before import = 0Number of asset objects unloaded after import = 3

========================================================================
Received Import Request.
  Time since last request: 0.000028 seconds.
  path: Assets/Resources/res/x1/t/8/t_31.png
  artifactKey: Guid(f50833b457b43ef41a47cfc86f6562d6) Importer(815301076,1909f56bfc062723c751e8b465ee728b)
Start importing Assets/Resources/res/x1/t/8/t_31.png using Guid(f50833b457b43ef41a47cfc86f6562d6) Importer(815301076,1909f56bfc062723c751e8b465ee728b) (PreviewImporter) -> (artifact id: 'e16f2bad289318a8767f14a5ef558494') in 0.0215248 seconds
Number of updated asset objects reloaded before import = 0Number of asset objects unloaded after import = 3

========================================================================
Received Import Request.
  Time since last request: 0.000031 seconds.
  path: Assets/Resources/res/x1/t/8/t_22.png
  artifactKey: Guid(9837aaba176bdf44f8d818ab4c401839) Importer(815301076,1909f56bfc062723c751e8b465ee728b)
Start importing Assets/Resources/res/x1/t/8/t_22.png using Guid(9837aaba176bdf44f8d818ab4c401839) Importer(815301076,1909f56bfc062723c751e8b465ee728b) (PreviewImporter) -> (artifact id: '127dcc3d8b60559fb5380ae9612ed5b6') in 0.0197889 seconds
Number of updated asset objects reloaded before import = 0Number of asset objects unloaded after import = 3

========================================================================
Received Import Request.
  Time since last request: 0.000061 seconds.
  path: Assets/Resources/res/x1/t/8/t_10.png
  artifactKey: Guid(4b9c6386c9666f5429a4ced1dbac3074) Importer(815301076,1909f56bfc062723c751e8b465ee728b)
Start importing Assets/Resources/res/x1/t/8/t_10.png using Guid(4b9c6386c9666f5429a4ced1dbac3074) Importer(815301076,1909f56bfc062723c751e8b465ee728b) (PreviewImporter) -> (artifact id: 'a72a94771443b3e040540162ccf54f5a') in 0.0208422 seconds
Number of updated asset objects reloaded before import = 0Number of asset objects unloaded after import = 3

========================================================================
Received Import Request.
  Time since last request: 0.000022 seconds.
  path: Assets/Resources/res/x1/t/8/t_06.png
  artifactKey: Guid(85940e86d7bb653458a67c57a23bf4f3) Importer(815301076,1909f56bfc062723c751e8b465ee728b)
Start importing Assets/Resources/res/x1/t/8/t_06.png using Guid(85940e86d7bb653458a67c57a23bf4f3) Importer(815301076,1909f56bfc062723c751e8b465ee728b) (PreviewImporter) -> (artifact id: '7a2d1b5079dcc32f5233eb0ca8f7f3af') in 0.0188518 seconds
Number of updated asset objects reloaded before import = 0Number of asset objects unloaded after import = 3

========================================================================
Received Import Request.
  Time since last request: 0.000028 seconds.
  path: Assets/Resources/res/x1/t/8/t_26.png
  artifactKey: Guid(0dd6c5658ab485c46b94b827024bb59c) Importer(815301076,1909f56bfc062723c751e8b465ee728b)
Start importing Assets/Resources/res/x1/t/8/t_26.png using Guid(0dd6c5658ab485c46b94b827024bb59c) Importer(815301076,1909f56bfc062723c751e8b465ee728b) (PreviewImporter) -> (artifact id: '241e6eeff619d8a8c081d15c54b4da14') in 0.0205112 seconds
Number of updated asset objects reloaded before import = 0Number of asset objects unloaded after import = 3

========================================================================
Received Import Request.
  Time since last request: 0.000035 seconds.
  path: Assets/Resources/res/x1/t/8/t_32.png
  artifactKey: Guid(760d9d5da1ba96843b55ca996c482146) Importer(815301076,1909f56bfc062723c751e8b465ee728b)
Start importing Assets/Resources/res/x1/t/8/t_32.png using Guid(760d9d5da1ba96843b55ca996c482146) Importer(815301076,1909f56bfc062723c751e8b465ee728b) (PreviewImporter) -> (artifact id: '41d4479c978621ca5769a08cd721f670') in 0.0192972 seconds
Number of updated asset objects reloaded before import = 0Number of asset objects unloaded after import = 3

========================================================================
Received Import Request.
  Time since last request: 0.605476 seconds.
  path: Assets/Resources/res/x1/t/10/t_03.png
  artifactKey: Guid(2483b7c5e5e036c45aeb1d63ddf86130) Importer(815301076,1909f56bfc062723c751e8b465ee728b)
Start importing Assets/Resources/res/x1/t/10/t_03.png using Guid(2483b7c5e5e036c45aeb1d63ddf86130) Importer(815301076,1909f56bfc062723c751e8b465ee728b) (PreviewImporter) -> (artifact id: '39713e1e801e474e57be880b2d93eff5') in 0.0146838 seconds
Number of updated asset objects reloaded before import = 0Number of asset objects unloaded after import = 3

========================================================================
Received Import Request.
  Time since last request: 0.000073 seconds.
  path: Assets/Resources/res/x1/t/10/t_26.png
  artifactKey: Guid(ea9f57d0c479da240aeb23d6a9a5e8f7) Importer(815301076,1909f56bfc062723c751e8b465ee728b)
Start importing Assets/Resources/res/x1/t/10/t_26.png using Guid(ea9f57d0c479da240aeb23d6a9a5e8f7) Importer(815301076,1909f56bfc062723c751e8b465ee728b) (PreviewImporter) -> (artifact id: 'd5b8d2a83b4e11186f2c292814bc9311') in 0.0174077 seconds
Number of updated asset objects reloaded before import = 0Number of asset objects unloaded after import = 3

========================================================================
Received Import Request.
  Time since last request: 0.000028 seconds.
  path: Assets/Resources/res/x1/t/10/t_28.png
  artifactKey: Guid(50be3f3d0759eae4faa122159b0d49f0) Importer(815301076,1909f56bfc062723c751e8b465ee728b)
Start importing Assets/Resources/res/x1/t/10/t_28.png using Guid(50be3f3d0759eae4faa122159b0d49f0) Importer(815301076,1909f56bfc062723c751e8b465ee728b) (PreviewImporter) -> (artifact id: '940125baf1b2185ca48095b120166be9') in 0.0089213 seconds
Number of updated asset objects reloaded before import = 0Number of asset objects unloaded after import = 3

========================================================================
Received Import Request.
  Time since last request: 0.000021 seconds.
  path: Assets/Resources/res/x1/t/10/t_05.png
  artifactKey: Guid(dc205cfcaf598c74189754111b8a4a7f) Importer(815301076,1909f56bfc062723c751e8b465ee728b)
Start importing Assets/Resources/res/x1/t/10/t_05.png using Guid(dc205cfcaf598c74189754111b8a4a7f) Importer(815301076,1909f56bfc062723c751e8b465ee728b) (PreviewImporter) -> (artifact id: '9d82dba28d4fbd49ddbc2d039ce3b23a') in 0.0191451 seconds
Number of updated asset objects reloaded before import = 0Number of asset objects unloaded after import = 3

========================================================================
Received Import Request.
  Time since last request: 0.000020 seconds.
  path: Assets/Resources/res/x1/t/10/t_08.png
  artifactKey: Guid(38ade9df39ac066498e891feb1701cae) Importer(815301076,1909f56bfc062723c751e8b465ee728b)
Start importing Assets/Resources/res/x1/t/10/t_08.png using Guid(38ade9df39ac066498e891feb1701cae) Importer(815301076,1909f56bfc062723c751e8b465ee728b) (PreviewImporter) -> (artifact id: '8bdc433f7e714c71b080f7e16dcbbc42') in 0.0193207 seconds
Number of updated asset objects reloaded before import = 0Number of asset objects unloaded after import = 3

========================================================================
Received Import Request.
  Time since last request: 0.000024 seconds.
  path: Assets/Resources/res/x1/t/10/t_23.png
  artifactKey: Guid(d929075288138364a865ad66accf1af9) Importer(815301076,1909f56bfc062723c751e8b465ee728b)
Start importing Assets/Resources/res/x1/t/10/t_23.png using Guid(d929075288138364a865ad66accf1af9) Importer(815301076,1909f56bfc062723c751e8b465ee728b) (PreviewImporter) -> (artifact id: 'dc90b0dd9c2a23a2af7411746a1dfbf8') in 0.0197256 seconds
Number of updated asset objects reloaded before import = 0Number of asset objects unloaded after import = 3

========================================================================
Received Import Request.
  Time since last request: 0.000017 seconds.
  path: Assets/Resources/res/x1/t/10/t_06.png
  artifactKey: Guid(8ca0e478ca31ca74d893e75b51bface8) Importer(815301076,1909f56bfc062723c751e8b465ee728b)
Start importing Assets/Resources/res/x1/t/10/t_06.png using Guid(8ca0e478ca31ca74d893e75b51bface8) Importer(815301076,1909f56bfc062723c751e8b465ee728b) (PreviewImporter) -> (artifact id: '8342186f5ba5498f436c6d05e37d926c') in 0.0192422 seconds
Number of updated asset objects reloaded before import = 0Number of asset objects unloaded after import = 3

========================================================================
Received Import Request.
  Time since last request: 0.000019 seconds.
  path: Assets/Resources/res/x1/t/10/t_15.png
  artifactKey: Guid(3c18e7dcf99308840b3d20f219c94bd3) Importer(815301076,1909f56bfc062723c751e8b465ee728b)
Start importing Assets/Resources/res/x1/t/10/t_15.png using Guid(3c18e7dcf99308840b3d20f219c94bd3) Importer(815301076,1909f56bfc062723c751e8b465ee728b) (PreviewImporter) -> (artifact id: '979b38c586c593080f788309278dee53') in 0.022885 seconds
Number of updated asset objects reloaded before import = 0Number of asset objects unloaded after import = 3

========================================================================
Received Import Request.
  Time since last request: 0.000023 seconds.
  path: Assets/Resources/res/x1/t/10/t_29.png
  artifactKey: Guid(c1d1c77f28c2c0944afedabb08beafe9) Importer(815301076,1909f56bfc062723c751e8b465ee728b)
Start importing Assets/Resources/res/x1/t/10/t_29.png using Guid(c1d1c77f28c2c0944afedabb08beafe9) Importer(815301076,1909f56bfc062723c751e8b465ee728b) (PreviewImporter) -> (artifact id: '9f08ef2451433f0ec039adf15c714bf7') in 0.02048 seconds
Number of updated asset objects reloaded before import = 0Number of asset objects unloaded after import = 3

========================================================================
Received Import Request.
  Time since last request: 0.000023 seconds.
  path: Assets/Resources/res/x1/t/10/t_11.png
  artifactKey: Guid(d4770a0428122c246905f44f2fd67abf) Importer(815301076,1909f56bfc062723c751e8b465ee728b)
Start importing Assets/Resources/res/x1/t/10/t_11.png using Guid(d4770a0428122c246905f44f2fd67abf) Importer(815301076,1909f56bfc062723c751e8b465ee728b) (PreviewImporter) -> (artifact id: 'f635eb20ce4f8af3c9264a1435d2cfe2') in 0.0187337 seconds
Number of updated asset objects reloaded before import = 0Number of asset objects unloaded after import = 3

========================================================================
Received Import Request.
  Time since last request: 1.383971 seconds.
  path: Assets/Resources/res/x1/t/11/t_03.png
  artifactKey: Guid(60f159c409bb4f74dbcf66bb8cf66fa9) Importer(815301076,1909f56bfc062723c751e8b465ee728b)
Start importing Assets/Resources/res/x1/t/11/t_03.png using Guid(60f159c409bb4f74dbcf66bb8cf66fa9) Importer(815301076,1909f56bfc062723c751e8b465ee728b) (PreviewImporter) -> (artifact id: 'd037dacb65e8c48337cc3d9ec05e705f') in 0.0178965 seconds
Number of updated asset objects reloaded before import = 0Number of asset objects unloaded after import = 3

========================================================================
Received Import Request.
  Time since last request: 0.000021 seconds.
  path: Assets/Resources/res/x1/t/11/t_12.png
  artifactKey: Guid(5b6df9969ed81aa4789ad905d21cf321) Importer(815301076,1909f56bfc062723c751e8b465ee728b)
Start importing Assets/Resources/res/x1/t/11/t_12.png using Guid(5b6df9969ed81aa4789ad905d21cf321) Importer(815301076,1909f56bfc062723c751e8b465ee728b) (PreviewImporter) -> (artifact id: '95e2c06b44d71da81f4850ad17ea9ad9') in 0.0203009 seconds
Number of updated asset objects reloaded before import = 0Number of asset objects unloaded after import = 3

========================================================================
Received Import Request.
  Time since last request: 0.000038 seconds.
  path: Assets/Resources/res/x1/t/11/t_18.png
  artifactKey: Guid(5e64b4836577d984f8c9a6c8a874e17c) Importer(815301076,1909f56bfc062723c751e8b465ee728b)
Start importing Assets/Resources/res/x1/t/11/t_18.png using Guid(5e64b4836577d984f8c9a6c8a874e17c) Importer(815301076,1909f56bfc062723c751e8b465ee728b) (PreviewImporter) -> (artifact id: '003cc1fc99eaaafe6873ac43c0ac2d3b') in 0.0193446 seconds
Number of updated asset objects reloaded before import = 0Number of asset objects unloaded after import = 3

========================================================================
Received Import Request.
  Time since last request: 0.000028 seconds.
  path: Assets/Resources/res/x1/t/11/t_06.png
  artifactKey: Guid(7e4bc359639171e4aa55fa2fec3ff6ab) Importer(815301076,1909f56bfc062723c751e8b465ee728b)
Start importing Assets/Resources/res/x1/t/11/t_06.png using Guid(7e4bc359639171e4aa55fa2fec3ff6ab) Importer(815301076,1909f56bfc062723c751e8b465ee728b) (PreviewImporter) -> (artifact id: 'fbe2f6637be15e9e5baccc8d1bd18325') in 0.020808 seconds
Number of updated asset objects reloaded before import = 0Number of asset objects unloaded after import = 3

========================================================================
Received Import Request.
  Time since last request: 0.000045 seconds.
  path: Assets/Resources/res/x1/t/11/t_15.png
  artifactKey: Guid(f14ce1073dbb2b7419af86858b217de3) Importer(815301076,1909f56bfc062723c751e8b465ee728b)
Start importing Assets/Resources/res/x1/t/11/t_15.png using Guid(f14ce1073dbb2b7419af86858b217de3) Importer(815301076,1909f56bfc062723c751e8b465ee728b) (PreviewImporter) -> (artifact id: 'fe065bbee113b093d05c28b811e4115d') in 0.0204886 seconds
Number of updated asset objects reloaded before import = 0Number of asset objects unloaded after import = 3

========================================================================
Received Import Request.
  Time since last request: 0.000019 seconds.
  path: Assets/Resources/res/x1/t/11/t_05.png
  artifactKey: Guid(f00786ecaf82d0140b6ed302d4351fc4) Importer(815301076,1909f56bfc062723c751e8b465ee728b)
Start importing Assets/Resources/res/x1/t/11/t_05.png using Guid(f00786ecaf82d0140b6ed302d4351fc4) Importer(815301076,1909f56bfc062723c751e8b465ee728b) (PreviewImporter) -> (artifact id: 'caf212881d9365c22460d463a506ef9b') in 0.0196266 seconds
Number of updated asset objects reloaded before import = 0Number of asset objects unloaded after import = 3

========================================================================
Received Import Request.
  Time since last request: 0.000021 seconds.
  path: Assets/Resources/res/x1/t/11/t_14.png
  artifactKey: Guid(7afdff5bce15d944697ffe7bc031b4e5) Importer(815301076,1909f56bfc062723c751e8b465ee728b)
Start importing Assets/Resources/res/x1/t/11/t_14.png using Guid(7afdff5bce15d944697ffe7bc031b4e5) Importer(815301076,1909f56bfc062723c751e8b465ee728b) (PreviewImporter) -> (artifact id: 'c5531bb459af9dd1ae09343f4fbdb10e') in 0.0208206 seconds
Number of updated asset objects reloaded before import = 0Number of asset objects unloaded after import = 3

========================================================================
Received Import Request.
  Time since last request: 0.000027 seconds.
  path: Assets/Resources/res/x1/t/11/t_11.png
  artifactKey: Guid(ccc218f317c030445944e5db8c9f8f98) Importer(815301076,1909f56bfc062723c751e8b465ee728b)
Start importing Assets/Resources/res/x1/t/11/t_11.png using Guid(ccc218f317c030445944e5db8c9f8f98) Importer(815301076,1909f56bfc062723c751e8b465ee728b) (PreviewImporter) -> (artifact id: '0dfc90d00afa0f94c0ff84eab03333f5') in 0.0182066 seconds
Number of updated asset objects reloaded before import = 0Number of asset objects unloaded after import = 3

========================================================================
Received Import Request.
  Time since last request: 0.235029 seconds.
  path: Assets/Resources/res/x1/t/12/t_03.png
  artifactKey: Guid(58dfc3fa5a93e5448b637f5142ac48ea) Importer(815301076,1909f56bfc062723c751e8b465ee728b)
Start importing Assets/Resources/res/x1/t/12/t_03.png using Guid(58dfc3fa5a93e5448b637f5142ac48ea) Importer(815301076,1909f56bfc062723c751e8b465ee728b) (PreviewImporter) -> (artifact id: '2d72e8f0f652864c9d941f07b80b4694') in 0.0150277 seconds
Number of updated asset objects reloaded before import = 0Number of asset objects unloaded after import = 3

========================================================================
Received Import Request.
  Time since last request: 0.000063 seconds.
  path: Assets/Resources/res/x1/t/12/t_21.png
  artifactKey: Guid(ae21112f687cb6946a3668cf0fe0fb23) Importer(815301076,1909f56bfc062723c751e8b465ee728b)
Start importing Assets/Resources/res/x1/t/12/t_21.png using Guid(ae21112f687cb6946a3668cf0fe0fb23) Importer(815301076,1909f56bfc062723c751e8b465ee728b) (PreviewImporter) -> (artifact id: 'a2eb99153e6c0e7e6c052591ec6af081') in 0.0206931 seconds
Number of updated asset objects reloaded before import = 0Number of asset objects unloaded after import = 3

========================================================================
Received Import Request.
  Time since last request: 0.000022 seconds.
  path: Assets/Resources/res/x1/t/12/t_25.png
  artifactKey: Guid(517fde2ec681837449c0203301bc3b6f) Importer(815301076,1909f56bfc062723c751e8b465ee728b)
Start importing Assets/Resources/res/x1/t/12/t_25.png using Guid(517fde2ec681837449c0203301bc3b6f) Importer(815301076,1909f56bfc062723c751e8b465ee728b) (PreviewImporter) -> (artifact id: '3e181925d16ea6c56d64bf46bc66eb48') in 0.0186522 seconds
Number of updated asset objects reloaded before import = 0Number of asset objects unloaded after import = 3

========================================================================
Received Import Request.
  Time since last request: 0.000032 seconds.
  path: Assets/Resources/res/x1/t/12/t_05.png
  artifactKey: Guid(30e09a0af3fc6c34fbc78e9ed8947124) Importer(815301076,1909f56bfc062723c751e8b465ee728b)
Start importing Assets/Resources/res/x1/t/12/t_05.png using Guid(30e09a0af3fc6c34fbc78e9ed8947124) Importer(815301076,1909f56bfc062723c751e8b465ee728b) (PreviewImporter) -> (artifact id: '673db10b65716dd89d57af0b84cd1062') in 0.0203392 seconds
Number of updated asset objects reloaded before import = 0Number of asset objects unloaded after import = 3

========================================================================
Received Import Request.
  Time since last request: 0.000107 seconds.
  path: Assets/Resources/res/x1/t/12/t_27.png
  artifactKey: Guid(bb55eb06a5299644ea9d82125bc0111a) Importer(815301076,1909f56bfc062723c751e8b465ee728b)
Start importing Assets/Resources/res/x1/t/12/t_27.png using Guid(bb55eb06a5299644ea9d82125bc0111a) Importer(815301076,1909f56bfc062723c751e8b465ee728b) (PreviewImporter) -> (artifact id: '9bfa37f4ac609ef4de2ffa2a862e1a90') in 0.0200457 seconds
Number of updated asset objects reloaded before import = 0Number of asset objects unloaded after import = 3

========================================================================
Received Import Request.
  Time since last request: 0.000018 seconds.
  path: Assets/Resources/res/x1/t/12/t_15.png
  artifactKey: Guid(29eacb4014e5ef64a9cfb22abd1ae788) Importer(815301076,1909f56bfc062723c751e8b465ee728b)
Start importing Assets/Resources/res/x1/t/12/t_15.png using Guid(29eacb4014e5ef64a9cfb22abd1ae788) Importer(815301076,1909f56bfc062723c751e8b465ee728b) (PreviewImporter) -> (artifact id: '20db1b5aae48585252c4746f06415bb1') in 0.0194696 seconds
Number of updated asset objects reloaded before import = 0Number of asset objects unloaded after import = 3

========================================================================
Received Import Request.
  Time since last request: 0.000022 seconds.
  path: Assets/Resources/res/x1/t/12/t_24.png
  artifactKey: Guid(85af94a2a1da6c944b1208e72310b4f2) Importer(815301076,1909f56bfc062723c751e8b465ee728b)
Start importing Assets/Resources/res/x1/t/12/t_24.png using Guid(85af94a2a1da6c944b1208e72310b4f2) Importer(815301076,1909f56bfc062723c751e8b465ee728b) (PreviewImporter) -> (artifact id: '507cdb0467a2031752e1f29f4cec2d94') in 0.02208 seconds
Number of updated asset objects reloaded before import = 0Number of asset objects unloaded after import = 3

========================================================================
Received Import Request.
  Time since last request: 0.000025 seconds.
  path: Assets/Resources/res/x1/t/12/t_26.png
  artifactKey: Guid(1c7e5d6fb287c8449a7a8fe5aaab1978) Importer(815301076,1909f56bfc062723c751e8b465ee728b)
Start importing Assets/Resources/res/x1/t/12/t_26.png using Guid(1c7e5d6fb287c8449a7a8fe5aaab1978) Importer(815301076,1909f56bfc062723c751e8b465ee728b) (PreviewImporter) -> (artifact id: '53b51b401b6e74c38ddccafdacea217b') in 0.0199819 seconds
Number of updated asset objects reloaded before import = 0Number of asset objects unloaded after import = 3

========================================================================
Received Import Request.
  Time since last request: 0.000019 seconds.
  path: Assets/Resources/res/x1/t/12/t_17.png
  artifactKey: Guid(7acc10706c65745428f6af5f0592ff4b) Importer(815301076,1909f56bfc062723c751e8b465ee728b)
Start importing Assets/Resources/res/x1/t/12/t_17.png using Guid(7acc10706c65745428f6af5f0592ff4b) Importer(815301076,1909f56bfc062723c751e8b465ee728b) (PreviewImporter) -> (artifact id: '60b7b8bc97e35a7863dc8333fdb19e9b') in 0.0184752 seconds
Number of updated asset objects reloaded before import = 0Number of asset objects unloaded after import = 3

========================================================================
Received Import Request.
  Time since last request: 0.000027 seconds.
  path: Assets/Resources/res/x1/t/12/t_23.png
  artifactKey: Guid(b7b0d20e5b50ef24d892f6c33fe69349) Importer(815301076,1909f56bfc062723c751e8b465ee728b)
Start importing Assets/Resources/res/x1/t/12/t_23.png using Guid(b7b0d20e5b50ef24d892f6c33fe69349) Importer(815301076,1909f56bfc062723c751e8b465ee728b) (PreviewImporter) -> (artifact id: '21404652fec7dac0d073d0ae0424a3d6') in 0.0202579 seconds
Number of updated asset objects reloaded before import = 0Number of asset objects unloaded after import = 3

========================================================================
Received Import Request.
  Time since last request: 0.000018 seconds.
  path: Assets/Resources/res/x1/t/12/t_30.png
  artifactKey: Guid(9ddfb62d7c3998b4d89bc36f230a589f) Importer(815301076,1909f56bfc062723c751e8b465ee728b)
Start importing Assets/Resources/res/x1/t/12/t_30.png using Guid(9ddfb62d7c3998b4d89bc36f230a589f) Importer(815301076,1909f56bfc062723c751e8b465ee728b) (PreviewImporter) -> (artifact id: '82385834d22ac9946bbf08e8f49c9832') in 0.0203707 seconds
Number of updated asset objects reloaded before import = 0Number of asset objects unloaded after import = 3

========================================================================
Received Import Request.
  Time since last request: 0.000022 seconds.
  path: Assets/Resources/res/x1/t/12/t_35.png
  artifactKey: Guid(a1bfa58c3dfbfb741b8855af509cdef7) Importer(815301076,1909f56bfc062723c751e8b465ee728b)
Start importing Assets/Resources/res/x1/t/12/t_35.png using Guid(a1bfa58c3dfbfb741b8855af509cdef7) Importer(815301076,1909f56bfc062723c751e8b465ee728b) (PreviewImporter) -> (artifact id: 'fe4ce3782d4ecf38da9bed07151fa9ef') in 0.009951 seconds
Number of updated asset objects reloaded before import = 0Number of asset objects unloaded after import = 3

========================================================================
Received Import Request.
  Time since last request: 0.207123 seconds.
  path: Assets/Resources/res/x1/t/14/t_03.png
  artifactKey: Guid(0ff7b73b5f7942344ab5acdc9cbf0325) Importer(815301076,1909f56bfc062723c751e8b465ee728b)
Start importing Assets/Resources/res/x1/t/14/t_03.png using Guid(0ff7b73b5f7942344ab5acdc9cbf0325) Importer(815301076,1909f56bfc062723c751e8b465ee728b) (PreviewImporter) -> (artifact id: '0096510b55d7de6a6ac4daeb254de3e3') in 0.0204888 seconds
Number of updated asset objects reloaded before import = 0Number of asset objects unloaded after import = 3

========================================================================
Received Import Request.
  Time since last request: 0.000027 seconds.
  path: Assets/Resources/res/x1/t/14/t_05.png
  artifactKey: Guid(b465d4d41d461ef46a7af8684c9425b0) Importer(815301076,1909f56bfc062723c751e8b465ee728b)
Start importing Assets/Resources/res/x1/t/14/t_05.png using Guid(b465d4d41d461ef46a7af8684c9425b0) Importer(815301076,1909f56bfc062723c751e8b465ee728b) (PreviewImporter) -> (artifact id: 'b4fab5247adac495a8e7cc2df2151e28') in 0.0219878 seconds
Number of updated asset objects reloaded before import = 0Number of asset objects unloaded after import = 3

========================================================================
Received Import Request.
  Time since last request: 0.662640 seconds.
  path: Assets/Resources/res/x1/t/15/t_03.png
  artifactKey: Guid(a8daa60b953306342a57ace71b3a117a) Importer(815301076,1909f56bfc062723c751e8b465ee728b)
Start importing Assets/Resources/res/x1/t/15/t_03.png using Guid(a8daa60b953306342a57ace71b3a117a) Importer(815301076,1909f56bfc062723c751e8b465ee728b) (PreviewImporter) -> (artifact id: '902cc7bcfcc6acd031d6d20fc5e1adee') in 0.0226331 seconds
Number of updated asset objects reloaded before import = 0Number of asset objects unloaded after import = 3

========================================================================
Received Import Request.
  Time since last request: 0.000095 seconds.
  path: Assets/Resources/res/x1/t/15/t_05.png
  artifactKey: Guid(0c020a784d51aa84c922f823f5c0e45e) Importer(815301076,1909f56bfc062723c751e8b465ee728b)
Start importing Assets/Resources/res/x1/t/15/t_05.png using Guid(0c020a784d51aa84c922f823f5c0e45e) Importer(815301076,1909f56bfc062723c751e8b465ee728b) (PreviewImporter) -> (artifact id: 'dd4770665f1c5cf26f3b4b98c3518250') in 0.0220292 seconds
Number of updated asset objects reloaded before import = 0Number of asset objects unloaded after import = 3

========================================================================
Received Import Request.
  Time since last request: 0.000041 seconds.
  path: Assets/Resources/res/x1/t/15/t_09.png
  artifactKey: Guid(75442821396c9bc4c8d4aa8c7c31b7a6) Importer(815301076,1909f56bfc062723c751e8b465ee728b)
Start importing Assets/Resources/res/x1/t/15/t_09.png using Guid(75442821396c9bc4c8d4aa8c7c31b7a6) Importer(815301076,1909f56bfc062723c751e8b465ee728b) (PreviewImporter) -> (artifact id: 'e88cfee0747bcf7e6b2e4e613c4384da') in 0.0386905 seconds
Number of updated asset objects reloaded before import = 0Number of asset objects unloaded after import = 3

========================================================================
Received Import Request.
  Time since last request: 0.541543 seconds.
  path: Assets/Resources/res/x1/t/17/t_03.png
  artifactKey: Guid(5e3c0241e9030154aacc883064fc66ff) Importer(815301076,1909f56bfc062723c751e8b465ee728b)
Start importing Assets/Resources/res/x1/t/17/t_03.png using Guid(5e3c0241e9030154aacc883064fc66ff) Importer(815301076,1909f56bfc062723c751e8b465ee728b) (PreviewImporter) -> (artifact id: 'b4357ff7898d333df78de504f6bee578') in 0.0167726 seconds
Number of updated asset objects reloaded before import = 0Number of asset objects unloaded after import = 3

========================================================================
Received Import Request.
  Time since last request: 0.000022 seconds.
  path: Assets/Resources/res/x1/t/17/t_23.png
  artifactKey: Guid(f648028d198759e4fbae1af05e7c188d) Importer(815301076,1909f56bfc062723c751e8b465ee728b)
Start importing Assets/Resources/res/x1/t/17/t_23.png using Guid(f648028d198759e4fbae1af05e7c188d) Importer(815301076,1909f56bfc062723c751e8b465ee728b) (PreviewImporter) -> (artifact id: '93c2c59e32b1fbb17317f04b81602d7a') in 0.0118846 seconds
Number of updated asset objects reloaded before import = 0Number of asset objects unloaded after import = 3

========================================================================
Received Import Request.
  Time since last request: 0.000022 seconds.
  path: Assets/Resources/res/x1/t/17/t_05.png
  artifactKey: Guid(ef3dd99c137276543a362bb822791634) Importer(815301076,1909f56bfc062723c751e8b465ee728b)
Start importing Assets/Resources/res/x1/t/17/t_05.png using Guid(ef3dd99c137276543a362bb822791634) Importer(815301076,1909f56bfc062723c751e8b465ee728b) (PreviewImporter) -> (artifact id: 'be3609feb223f68422378acf8ddb562d') in 0.0172616 seconds
Number of updated asset objects reloaded before import = 0Number of asset objects unloaded after import = 3

========================================================================
Received Import Request.
  Time since last request: 0.000041 seconds.
  path: Assets/Resources/res/x1/t/17/t_12.png
  artifactKey: Guid(60abbf5d075832b44ba3c8537cae947a) Importer(815301076,1909f56bfc062723c751e8b465ee728b)
Start importing Assets/Resources/res/x1/t/17/t_12.png using Guid(60abbf5d075832b44ba3c8537cae947a) Importer(815301076,1909f56bfc062723c751e8b465ee728b) (PreviewImporter) -> (artifact id: 'c08e8019bc22c4a607e915d55eddb44e') in 0.0203412 seconds
Number of updated asset objects reloaded before import = 0Number of asset objects unloaded after import = 3

========================================================================
Received Import Request.
  Time since last request: 0.000024 seconds.
  path: Assets/Resources/res/x1/t/17/t_29.png
  artifactKey: Guid(6c894cfd5e96984438e7ee02a7117882) Importer(815301076,1909f56bfc062723c751e8b465ee728b)
Start importing Assets/Resources/res/x1/t/17/t_29.png using Guid(6c894cfd5e96984438e7ee02a7117882) Importer(815301076,1909f56bfc062723c751e8b465ee728b) (PreviewImporter) -> (artifact id: '475b71d2f266699f11c89c3c3b2d7eec') in 0.021075 seconds
Number of updated asset objects reloaded before import = 0Number of asset objects unloaded after import = 3

========================================================================
Received Import Request.
  Time since last request: 0.000037 seconds.
  path: Assets/Resources/res/x1/t/17/t_33.png
  artifactKey: Guid(4d992851a3e1a954088ddc87185345b0) Importer(815301076,1909f56bfc062723c751e8b465ee728b)
Start importing Assets/Resources/res/x1/t/17/t_33.png using Guid(4d992851a3e1a954088ddc87185345b0) Importer(815301076,1909f56bfc062723c751e8b465ee728b) (PreviewImporter) -> (artifact id: '3a2c0994157fb9a1c4399d8861004a11') in 0.0196989 seconds
Number of updated asset objects reloaded before import = 0Number of asset objects unloaded after import = 3

========================================================================
Received Import Request.
  Time since last request: 0.000023 seconds.
  path: Assets/Resources/res/x1/t/17/t_36.png
  artifactKey: Guid(7d314120e898f2641b9a9d0d47d9fb5f) Importer(815301076,1909f56bfc062723c751e8b465ee728b)
Start importing Assets/Resources/res/x1/t/17/t_36.png using Guid(7d314120e898f2641b9a9d0d47d9fb5f) Importer(815301076,1909f56bfc062723c751e8b465ee728b) (PreviewImporter) -> (artifact id: '87e0474718d658dc39d2b898d1bcfc9f') in 0.0088197 seconds
Number of updated asset objects reloaded before import = 0Number of asset objects unloaded after import = 3

========================================================================
Received Import Request.
  Time since last request: 0.000025 seconds.
  path: Assets/Resources/res/x1/t/17/t_09.png
  artifactKey: Guid(a8a9d66426a66cb4a9ea11d277acb16d) Importer(815301076,1909f56bfc062723c751e8b465ee728b)
Start importing Assets/Resources/res/x1/t/17/t_09.png using Guid(a8a9d66426a66cb4a9ea11d277acb16d) Importer(815301076,1909f56bfc062723c751e8b465ee728b) (PreviewImporter) -> (artifact id: 'aa1670d8fd8e4494e7d9665d609e80c4') in 0.0213868 seconds
Number of updated asset objects reloaded before import = 0Number of asset objects unloaded after import = 3

========================================================================
Received Import Request.
  Time since last request: 0.000031 seconds.
  path: Assets/Resources/res/x1/t/17/t_35.png
  artifactKey: Guid(56c342fa252ba474cabb8c0f8b26a129) Importer(815301076,1909f56bfc062723c751e8b465ee728b)
Start importing Assets/Resources/res/x1/t/17/t_35.png using Guid(56c342fa252ba474cabb8c0f8b26a129) Importer(815301076,1909f56bfc062723c751e8b465ee728b) (PreviewImporter) -> (artifact id: '37d5c1634f770bcfeb5a0f63fb44e733') in 0.0103419 seconds
Number of updated asset objects reloaded before import = 0Number of asset objects unloaded after import = 3

========================================================================
Received Import Request.
  Time since last request: 0.000021 seconds.
  path: Assets/Resources/res/x1/t/17/t_04.png
  artifactKey: Guid(435cd543f7624a743a892ff937f60ef0) Importer(815301076,1909f56bfc062723c751e8b465ee728b)
Start importing Assets/Resources/res/x1/t/17/t_04.png using Guid(435cd543f7624a743a892ff937f60ef0) Importer(815301076,1909f56bfc062723c751e8b465ee728b) (PreviewImporter) -> (artifact id: 'fdd2ebb02e596aec4bf85f5c00cf7445') in 0.0212333 seconds
Number of updated asset objects reloaded before import = 0Number of asset objects unloaded after import = 3

========================================================================
Received Import Request.
  Time since last request: 0.000023 seconds.
  path: Assets/Resources/res/x1/t/17/t_13.png
  artifactKey: Guid(9ecc6efc3307d3f42a89a72f6d2a5f1f) Importer(815301076,1909f56bfc062723c751e8b465ee728b)
Start importing Assets/Resources/res/x1/t/17/t_13.png using Guid(9ecc6efc3307d3f42a89a72f6d2a5f1f) Importer(815301076,1909f56bfc062723c751e8b465ee728b) (PreviewImporter) -> (artifact id: '7197b79c2187a9bda4a51ee6071c996f') in 0.0208701 seconds
Number of updated asset objects reloaded before import = 0Number of asset objects unloaded after import = 3

========================================================================
Received Import Request.
  Time since last request: 0.000035 seconds.
  path: Assets/Resources/res/x1/t/17/t_21.png
  artifactKey: Guid(1c7f4709980bed54e91854db954dac25) Importer(815301076,1909f56bfc062723c751e8b465ee728b)
Start importing Assets/Resources/res/x1/t/17/t_21.png using Guid(1c7f4709980bed54e91854db954dac25) Importer(815301076,1909f56bfc062723c751e8b465ee728b) (PreviewImporter) -> (artifact id: '5f825a1a4586f07a36716e48d8006b2a') in 0.018439 seconds
Number of updated asset objects reloaded before import = 0Number of asset objects unloaded after import = 3

========================================================================
Received Import Request.
  Time since last request: 0.000022 seconds.
  path: Assets/Resources/res/x1/t/17/t_20.png
  artifactKey: Guid(b3bfc50f925973741970880fc3bfa75d) Importer(815301076,1909f56bfc062723c751e8b465ee728b)
Start importing Assets/Resources/res/x1/t/17/t_20.png using Guid(b3bfc50f925973741970880fc3bfa75d) Importer(815301076,1909f56bfc062723c751e8b465ee728b) (PreviewImporter) -> (artifact id: '0fce90e9d9ac3da2f34e6566f844232c') in 0.0225986 seconds
Number of updated asset objects reloaded before import = 0Number of asset objects unloaded after import = 3

========================================================================
Received Import Request.
  Time since last request: 1.159725 seconds.
  path: Assets/Resources/res/x1/t/18/t_03.png
  artifactKey: Guid(8f9670c8b4c62234a9f21e076ad6a5ba) Importer(815301076,1909f56bfc062723c751e8b465ee728b)
Start importing Assets/Resources/res/x1/t/18/t_03.png using Guid(8f9670c8b4c62234a9f21e076ad6a5ba) Importer(815301076,1909f56bfc062723c751e8b465ee728b) (PreviewImporter) -> (artifact id: '998c116f1638c3f0d993a3f9e6dbcad3') in 0.0165001 seconds
Number of updated asset objects reloaded before import = 0Number of asset objects unloaded after import = 3

========================================================================
Received Import Request.
  Time since last request: 0.000018 seconds.
  path: Assets/Resources/res/x1/t/18/t_17.png
  artifactKey: Guid(3e92a6d4850fa5744bd265ff148db270) Importer(815301076,1909f56bfc062723c751e8b465ee728b)
Start importing Assets/Resources/res/x1/t/18/t_17.png using Guid(3e92a6d4850fa5744bd265ff148db270) Importer(815301076,1909f56bfc062723c751e8b465ee728b) (PreviewImporter) -> (artifact id: '785962bfa712948e16848806f79885d0') in 0.019697 seconds
Number of updated asset objects reloaded before import = 0Number of asset objects unloaded after import = 3

========================================================================
Received Import Request.
  Time since last request: 0.000031 seconds.
  path: Assets/Resources/res/x1/t/18/t_18.png
  artifactKey: Guid(a0886b11375d184468a462ce04e6b84c) Importer(815301076,1909f56bfc062723c751e8b465ee728b)
Start importing Assets/Resources/res/x1/t/18/t_18.png using Guid(a0886b11375d184468a462ce04e6b84c) Importer(815301076,1909f56bfc062723c751e8b465ee728b) (PreviewImporter) -> (artifact id: '29586d15b23d295675e6a14f1e3fe012') in 0.019919 seconds
Number of updated asset objects reloaded before import = 0Number of asset objects unloaded after import = 3

========================================================================
Received Import Request.
  Time since last request: 0.000030 seconds.
  path: Assets/Resources/res/x1/t/18/t_07.png
  artifactKey: Guid(5dc1b52b6e8f61a4aa4992519659226f) Importer(815301076,1909f56bfc062723c751e8b465ee728b)
Start importing Assets/Resources/res/x1/t/18/t_07.png using Guid(5dc1b52b6e8f61a4aa4992519659226f) Importer(815301076,1909f56bfc062723c751e8b465ee728b) (PreviewImporter) -> (artifact id: 'c537a0f139eb7cc3316d796237cb1142') in 0.0211099 seconds
Number of updated asset objects reloaded before import = 0Number of asset objects unloaded after import = 3

========================================================================
Received Import Request.
  Time since last request: 0.000043 seconds.
  path: Assets/Resources/res/x1/t/18/t_22.png
  artifactKey: Guid(2d5769f68d14d7e48a3e89d71f702335) Importer(815301076,1909f56bfc062723c751e8b465ee728b)
Start importing Assets/Resources/res/x1/t/18/t_22.png using Guid(2d5769f68d14d7e48a3e89d71f702335) Importer(815301076,1909f56bfc062723c751e8b465ee728b) (PreviewImporter) -> (artifact id: 'f01b87d229b6b98ade54e49d0a9c42ba') in 0.0221711 seconds
Number of updated asset objects reloaded before import = 0Number of asset objects unloaded after import = 3

========================================================================
Received Import Request.
  Time since last request: 0.000027 seconds.
  path: Assets/Resources/res/x1/t/18/t_19.png
  artifactKey: Guid(642b20f872742314bad0f4e33a309995) Importer(815301076,1909f56bfc062723c751e8b465ee728b)
Start importing Assets/Resources/res/x1/t/18/t_19.png using Guid(642b20f872742314bad0f4e33a309995) Importer(815301076,1909f56bfc062723c751e8b465ee728b) (PreviewImporter) -> (artifact id: '8a7f3bed18101a539c9271c10e536fbf') in 0.0213629 seconds
Number of updated asset objects reloaded before import = 0Number of asset objects unloaded after import = 3

========================================================================
Received Import Request.
  Time since last request: 0.000024 seconds.
  path: Assets/Resources/res/x1/t/18/t_23.png
  artifactKey: Guid(17cad8517449d6b4b9cdf0880b86aea5) Importer(815301076,1909f56bfc062723c751e8b465ee728b)
Start importing Assets/Resources/res/x1/t/18/t_23.png using Guid(17cad8517449d6b4b9cdf0880b86aea5) Importer(815301076,1909f56bfc062723c751e8b465ee728b) (PreviewImporter) -> (artifact id: '12f30e91ecd495393fc9a94a14247bb9') in 0.010266 seconds
Number of updated asset objects reloaded before import = 0Number of asset objects unloaded after import = 3

========================================================================
Received Import Request.
  Time since last request: 0.000025 seconds.
  path: Assets/Resources/res/x1/t/18/t_14.png
  artifactKey: Guid(e8c04a02f0743e94bab8271d2223665b) Importer(815301076,1909f56bfc062723c751e8b465ee728b)
Start importing Assets/Resources/res/x1/t/18/t_14.png using Guid(e8c04a02f0743e94bab8271d2223665b) Importer(815301076,1909f56bfc062723c751e8b465ee728b) (PreviewImporter) -> (artifact id: 'b695a0cb7b2eb41a51960aad4beb5af8') in 0.025106 seconds
Number of updated asset objects reloaded before import = 0Number of asset objects unloaded after import = 3

========================================================================
Received Import Request.
  Time since last request: 0.331100 seconds.
  path: Assets/Resources/res/x1/t/19/t_03.png
  artifactKey: Guid(2e0556e7df3f272479681799f8755082) Importer(815301076,1909f56bfc062723c751e8b465ee728b)
Start importing Assets/Resources/res/x1/t/19/t_03.png using Guid(2e0556e7df3f272479681799f8755082) Importer(815301076,1909f56bfc062723c751e8b465ee728b) (PreviewImporter) -> (artifact id: '2bccfeee74550713fb063c90406fc3e4') in 0.0140264 seconds
Number of updated asset objects reloaded before import = 0Number of asset objects unloaded after import = 3

========================================================================
Received Import Request.
  Time since last request: 0.000018 seconds.
  path: Assets/Resources/res/x1/t/19/t_16.png
  artifactKey: Guid(4773007ba44df57438622f17fb891db9) Importer(815301076,1909f56bfc062723c751e8b465ee728b)
Start importing Assets/Resources/res/x1/t/19/t_16.png using Guid(4773007ba44df57438622f17fb891db9) Importer(815301076,1909f56bfc062723c751e8b465ee728b) (PreviewImporter) -> (artifact id: '1a08c610cd17a0456c7f0a7fddb8992e') in 0.0194333 seconds
Number of updated asset objects reloaded before import = 0Number of asset objects unloaded after import = 3

========================================================================
Received Import Request.
  Time since last request: 0.000020 seconds.
  path: Assets/Resources/res/x1/t/19/t_07.png
  artifactKey: Guid(49b8a845423fb1848adb1db419fa5596) Importer(815301076,1909f56bfc062723c751e8b465ee728b)
Start importing Assets/Resources/res/x1/t/19/t_07.png using Guid(49b8a845423fb1848adb1db419fa5596) Importer(815301076,1909f56bfc062723c751e8b465ee728b) (PreviewImporter) -> (artifact id: 'e71a24f8681a31c577308c70bafd2802') in 0.0180214 seconds
Number of updated asset objects reloaded before import = 0Number of asset objects unloaded after import = 3

========================================================================
Received Import Request.
  Time since last request: 0.000040 seconds.
  path: Assets/Resources/res/x1/t/19/t_20.png
  artifactKey: Guid(12e6edcbab67ae5439feb4a9a543dc6f) Importer(815301076,1909f56bfc062723c751e8b465ee728b)
Start importing Assets/Resources/res/x1/t/19/t_20.png using Guid(12e6edcbab67ae5439feb4a9a543dc6f) Importer(815301076,1909f56bfc062723c751e8b465ee728b) (PreviewImporter) -> (artifact id: 'aad4d16e8ce3e3db945b24257bf49406') in 0.0191389 seconds
Number of updated asset objects reloaded before import = 0Number of asset objects unloaded after import = 3

========================================================================
Received Import Request.
  Time since last request: 0.000021 seconds.
  path: Assets/Resources/res/x1/t/19/t_21.png
  artifactKey: Guid(cd2750fcef44c574e9ca6744d71efd96) Importer(815301076,1909f56bfc062723c751e8b465ee728b)
Start importing Assets/Resources/res/x1/t/19/t_21.png using Guid(cd2750fcef44c574e9ca6744d71efd96) Importer(815301076,1909f56bfc062723c751e8b465ee728b) (PreviewImporter) -> (artifact id: '53fdfe43555e8d42a61f775cbf9bf098') in 0.01865 seconds
Number of updated asset objects reloaded before import = 0Number of asset objects unloaded after import = 3

========================================================================
Received Import Request.
  Time since last request: 0.000027 seconds.
  path: Assets/Resources/res/x1/t/19/t_05.png
  artifactKey: Guid(5518d065616a4da45a898eeff512e463) Importer(815301076,1909f56bfc062723c751e8b465ee728b)
Start importing Assets/Resources/res/x1/t/19/t_05.png using Guid(5518d065616a4da45a898eeff512e463) Importer(815301076,1909f56bfc062723c751e8b465ee728b) (PreviewImporter) -> (artifact id: 'e0b0b1c67260403ed325a47743b00185') in 0.0193801 seconds
Number of updated asset objects reloaded before import = 0Number of asset objects unloaded after import = 3

========================================================================
Received Import Request.
  Time since last request: 0.000019 seconds.
  path: Assets/Resources/res/x1/t/19/t_22.png
  artifactKey: Guid(a5dc0d9c008d4dd46b1b7e74649eac46) Importer(815301076,1909f56bfc062723c751e8b465ee728b)
Start importing Assets/Resources/res/x1/t/19/t_22.png using Guid(a5dc0d9c008d4dd46b1b7e74649eac46) Importer(815301076,1909f56bfc062723c751e8b465ee728b) (PreviewImporter) -> (artifact id: 'a13c0c394ee20bd9d83658cf0a440404') in 0.0190922 seconds
Number of updated asset objects reloaded before import = 0Number of asset objects unloaded after import = 3

========================================================================
Received Import Request.
  Time since last request: 0.000090 seconds.
  path: Assets/Resources/res/x1/t/19/t_08.png
  artifactKey: Guid(e43e81228a8f4564a86c4d69d82bece1) Importer(815301076,1909f56bfc062723c751e8b465ee728b)
Start importing Assets/Resources/res/x1/t/19/t_08.png using Guid(e43e81228a8f4564a86c4d69d82bece1) Importer(815301076,1909f56bfc062723c751e8b465ee728b) (PreviewImporter) -> (artifact id: 'e32a47731d905fea79e309cb72c95e2e') in 0.0205203 seconds
Number of updated asset objects reloaded before import = 0Number of asset objects unloaded after import = 3

========================================================================
Received Import Request.
  Time since last request: 0.000027 seconds.
  path: Assets/Resources/res/x1/t/19/t_04.png
  artifactKey: Guid(988a6e9cf1c980440a0d1723f51d2fc1) Importer(815301076,1909f56bfc062723c751e8b465ee728b)
Start importing Assets/Resources/res/x1/t/19/t_04.png using Guid(988a6e9cf1c980440a0d1723f51d2fc1) Importer(815301076,1909f56bfc062723c751e8b465ee728b) (PreviewImporter) -> (artifact id: '5f41ff02f135cedb6bc7c42e1aa58329') in 0.021713 seconds
Number of updated asset objects reloaded before import = 0Number of asset objects unloaded after import = 3

========================================================================
Received Import Request.
  Time since last request: 0.314872 seconds.
  path: Assets/Resources/res/x1/t/20/t_03.png
  artifactKey: Guid(b2d19afb13dee7c4794845355ed22987) Importer(815301076,1909f56bfc062723c751e8b465ee728b)
Start importing Assets/Resources/res/x1/t/20/t_03.png using Guid(b2d19afb13dee7c4794845355ed22987) Importer(815301076,1909f56bfc062723c751e8b465ee728b) (PreviewImporter) -> (artifact id: 'a132abf3012b2090a5dce037c07a634a') in 0.0151906 seconds
Number of updated asset objects reloaded before import = 0Number of asset objects unloaded after import = 3

========================================================================
Received Import Request.
  Time since last request: 0.000021 seconds.
  path: Assets/Resources/res/x1/t/20/t_05.png
  artifactKey: Guid(a43e8a7fe0d26ce4789a21451d7c456d) Importer(815301076,1909f56bfc062723c751e8b465ee728b)
Start importing Assets/Resources/res/x1/t/20/t_05.png using Guid(a43e8a7fe0d26ce4789a21451d7c456d) Importer(815301076,1909f56bfc062723c751e8b465ee728b) (PreviewImporter) -> (artifact id: 'ba36d3b8017a65c82e6b44b1691280c0') in 0.0184292 seconds
Number of updated asset objects reloaded before import = 0Number of asset objects unloaded after import = 3

========================================================================
Received Import Request.
  Time since last request: 0.000072 seconds.
  path: Assets/Resources/res/x1/t/20/t_28.png
  artifactKey: Guid(46d5e77efcc73b742b50bb9d7d78554d) Importer(815301076,1909f56bfc062723c751e8b465ee728b)
Start importing Assets/Resources/res/x1/t/20/t_28.png using Guid(46d5e77efcc73b742b50bb9d7d78554d) Importer(815301076,1909f56bfc062723c751e8b465ee728b) (PreviewImporter) -> (artifact id: 'c38b0594455d09ed88240a8f4d7a127b') in 0.0186021 seconds
Number of updated asset objects reloaded before import = 0Number of asset objects unloaded after import = 3

========================================================================
Received Import Request.
  Time since last request: 0.000027 seconds.
  path: Assets/Resources/res/x1/t/20/t_10.png
  artifactKey: Guid(97571868c23a55b47a6d82e398dfb228) Importer(815301076,1909f56bfc062723c751e8b465ee728b)
Start importing Assets/Resources/res/x1/t/20/t_10.png using Guid(97571868c23a55b47a6d82e398dfb228) Importer(815301076,1909f56bfc062723c751e8b465ee728b) (PreviewImporter) -> (artifact id: 'a011f4c09a9880c031ce8c1b5e8a20da') in 0.0183717 seconds
Number of updated asset objects reloaded before import = 0Number of asset objects unloaded after import = 3

========================================================================
Received Import Request.
  Time since last request: 0.000030 seconds.
  path: Assets/Resources/res/x1/t/20/t_33.png
  artifactKey: Guid(3d4dbcca7a7d94840a3a9c6c91973bde) Importer(815301076,1909f56bfc062723c751e8b465ee728b)
Start importing Assets/Resources/res/x1/t/20/t_33.png using Guid(3d4dbcca7a7d94840a3a9c6c91973bde) Importer(815301076,1909f56bfc062723c751e8b465ee728b) (PreviewImporter) -> (artifact id: 'c0aa3967d9a528f18cf080344aef1af3') in 0.0181586 seconds
Number of updated asset objects reloaded before import = 0Number of asset objects unloaded after import = 3

========================================================================
Received Import Request.
  Time since last request: 0.000034 seconds.
  path: Assets/Resources/res/x1/t/20/t_37.png
  artifactKey: Guid(30b10201822f0fd4e9bc897884cf541b) Importer(815301076,1909f56bfc062723c751e8b465ee728b)
Start importing Assets/Resources/res/x1/t/20/t_37.png using Guid(30b10201822f0fd4e9bc897884cf541b) Importer(815301076,1909f56bfc062723c751e8b465ee728b) (PreviewImporter) -> (artifact id: 'd1d6641beb5689605dd80297a45d7fa2') in 0.0105929 seconds
Number of updated asset objects reloaded before import = 0Number of asset objects unloaded after import = 3

========================================================================
Received Import Request.
  Time since last request: 0.000049 seconds.
  path: Assets/Resources/res/x1/t/20/t_17.png
  artifactKey: Guid(8f114993f9d286d40a1fa9797c53dc35) Importer(815301076,1909f56bfc062723c751e8b465ee728b)
Start importing Assets/Resources/res/x1/t/20/t_17.png using Guid(8f114993f9d286d40a1fa9797c53dc35) Importer(815301076,1909f56bfc062723c751e8b465ee728b) (PreviewImporter) -> (artifact id: '9852e4fe3e51baf0fb9ae0de0d5deb74') in 0.019049 seconds
Number of updated asset objects reloaded before import = 0Number of asset objects unloaded after import = 3

========================================================================
Received Import Request.
  Time since last request: 0.000037 seconds.
  path: Assets/Resources/res/x1/t/20/t_26.png
  artifactKey: Guid(f6e9c7fc6ec284b46be9e29f2313b002) Importer(815301076,1909f56bfc062723c751e8b465ee728b)
Start importing Assets/Resources/res/x1/t/20/t_26.png using Guid(f6e9c7fc6ec284b46be9e29f2313b002) Importer(815301076,1909f56bfc062723c751e8b465ee728b) (PreviewImporter) -> (artifact id: 'cb83c4a24f6fa63a70b9a00a0cad702a') in 0.0186779 seconds
Number of updated asset objects reloaded before import = 0Number of asset objects unloaded after import = 3

========================================================================
Received Import Request.
  Time since last request: 0.000021 seconds.
  path: Assets/Resources/res/x1/t/20/t_04.png
  artifactKey: Guid(f1a1c6e917af14d4ca6cfd6e07f877d8) Importer(815301076,1909f56bfc062723c751e8b465ee728b)
Start importing Assets/Resources/res/x1/t/20/t_04.png using Guid(f1a1c6e917af14d4ca6cfd6e07f877d8) Importer(815301076,1909f56bfc062723c751e8b465ee728b) (PreviewImporter) -> (artifact id: 'afda320d6b1395bc43a4e8a8a231dad9') in 0.0225703 seconds
Number of updated asset objects reloaded before import = 0Number of asset objects unloaded after import = 3

========================================================================
Received Import Request.
  Time since last request: 0.000022 seconds.
  path: Assets/Resources/res/x1/t/20/t_24.png
  artifactKey: Guid(a5af92b50a934ea409b18716f49ea8a9) Importer(815301076,1909f56bfc062723c751e8b465ee728b)
Start importing Assets/Resources/res/x1/t/20/t_24.png using Guid(a5af92b50a934ea409b18716f49ea8a9) Importer(815301076,1909f56bfc062723c751e8b465ee728b) (PreviewImporter) -> (artifact id: 'd6fb6a5f252dded32209bbae78b0f38f') in 0.0210819 seconds
Number of updated asset objects reloaded before import = 0Number of asset objects unloaded after import = 3

========================================================================
Received Import Request.
  Time since last request: 0.000029 seconds.
  path: Assets/Resources/res/x1/t/20/t_32.png
  artifactKey: Guid(1fb873b8238375e4eb928180dbd1edde) Importer(815301076,1909f56bfc062723c751e8b465ee728b)
Start importing Assets/Resources/res/x1/t/20/t_32.png using Guid(1fb873b8238375e4eb928180dbd1edde) Importer(815301076,1909f56bfc062723c751e8b465ee728b) (PreviewImporter) -> (artifact id: 'f810c2dff4a1c373af4e9ffc0e2b24c3') in 0.0207069 seconds
Number of updated asset objects reloaded before import = 0Number of asset objects unloaded after import = 3

========================================================================
Received Import Request.
  Time since last request: 0.000028 seconds.
  path: Assets/Resources/res/x1/t/20/t_19.png
  artifactKey: Guid(fd5b6012e135f9c44b5151aff3fadf83) Importer(815301076,1909f56bfc062723c751e8b465ee728b)
Start importing Assets/Resources/res/x1/t/20/t_19.png using Guid(fd5b6012e135f9c44b5151aff3fadf83) Importer(815301076,1909f56bfc062723c751e8b465ee728b) (PreviewImporter) -> (artifact id: '2e70ce7f5bbbb816cf2d0356eec53085') in 0.0200251 seconds
Number of updated asset objects reloaded before import = 0Number of asset objects unloaded after import = 3

========================================================================
Received Import Request.
  Time since last request: 0.000019 seconds.
  path: Assets/Resources/res/x1/t/20/t_22.png
  artifactKey: Guid(92436b3d2c3908c488e5cbbd48c658f4) Importer(815301076,1909f56bfc062723c751e8b465ee728b)
Start importing Assets/Resources/res/x1/t/20/t_22.png using Guid(92436b3d2c3908c488e5cbbd48c658f4) Importer(815301076,1909f56bfc062723c751e8b465ee728b) (PreviewImporter) -> (artifact id: '6d512da7f1c13523d57b9afde509b5c7') in 0.0175677 seconds
Number of updated asset objects reloaded before import = 0Number of asset objects unloaded after import = 3

========================================================================
Received Import Request.
  Time since last request: 0.946611 seconds.
  path: Assets/Resources/res/x1/t/21/t_03.png
  artifactKey: Guid(747722da7fbc1214f8862f7f42cdad83) Importer(815301076,1909f56bfc062723c751e8b465ee728b)
Start importing Assets/Resources/res/x1/t/21/t_03.png using Guid(747722da7fbc1214f8862f7f42cdad83) Importer(815301076,1909f56bfc062723c751e8b465ee728b) (PreviewImporter) -> (artifact id: 'd2346aab969de9c09d4d86c7f26475f0') in 0.017225 seconds
Number of updated asset objects reloaded before import = 0Number of asset objects unloaded after import = 3

========================================================================
Received Import Request.
  Time since last request: 0.000027 seconds.
  path: Assets/Resources/res/x1/t/21/t_07.png
  artifactKey: Guid(5d9b6b4aa91d0f1479c86f762b635c15) Importer(815301076,1909f56bfc062723c751e8b465ee728b)
Start importing Assets/Resources/res/x1/t/21/t_07.png using Guid(5d9b6b4aa91d0f1479c86f762b635c15) Importer(815301076,1909f56bfc062723c751e8b465ee728b) (PreviewImporter) -> (artifact id: '84942081b9e17f4766ef3a16a20c08b8') in 0.0219199 seconds
Number of updated asset objects reloaded before import = 0Number of asset objects unloaded after import = 3

========================================================================
Received Import Request.
  Time since last request: 0.000024 seconds.
  path: Assets/Resources/res/x1/t/21/t_14.png
  artifactKey: Guid(428434b634de70d45b2c46786c7187ab) Importer(815301076,1909f56bfc062723c751e8b465ee728b)
Start importing Assets/Resources/res/x1/t/21/t_14.png using Guid(428434b634de70d45b2c46786c7187ab) Importer(815301076,1909f56bfc062723c751e8b465ee728b) (PreviewImporter) -> (artifact id: 'ac381b10837e6dfeb12d49299bbe544e') in 0.0247704 seconds
Number of updated asset objects reloaded before import = 0Number of asset objects unloaded after import = 3

========================================================================
Received Import Request.
  Time since last request: 0.000029 seconds.
  path: Assets/Resources/res/x1/t/21/t_12.png
  artifactKey: Guid(dcfa505f57347964e8c8c74c4868eae5) Importer(815301076,1909f56bfc062723c751e8b465ee728b)
Start importing Assets/Resources/res/x1/t/21/t_12.png using Guid(dcfa505f57347964e8c8c74c4868eae5) Importer(815301076,1909f56bfc062723c751e8b465ee728b) (PreviewImporter) -> (artifact id: '31ac80303de5e8b4a3ba37558f12d4c7') in 0.0262511 seconds
Number of updated asset objects reloaded before import = 0Number of asset objects unloaded after import = 3

========================================================================
Received Import Request.
  Time since last request: 0.000037 seconds.
  path: Assets/Resources/res/x1/t/21/t_11.png
  artifactKey: Guid(5e762b6e5b6e6ac44a52d1070ef9d918) Importer(815301076,1909f56bfc062723c751e8b465ee728b)
Start importing Assets/Resources/res/x1/t/21/t_11.png using Guid(5e762b6e5b6e6ac44a52d1070ef9d918) Importer(815301076,1909f56bfc062723c751e8b465ee728b) (PreviewImporter) -> (artifact id: '2ef694f9f51c13c45a356ceda13d9da7') in 0.020767 seconds
Number of updated asset objects reloaded before import = 0Number of asset objects unloaded after import = 3

========================================================================
Received Import Request.
  Time since last request: 0.299929 seconds.
  path: Assets/Resources/res/x1/t/22/t_03.png
  artifactKey: Guid(37e7c0a5efebd2d48a0d434287ec6c99) Importer(815301076,1909f56bfc062723c751e8b465ee728b)
Start importing Assets/Resources/res/x1/t/22/t_03.png using Guid(37e7c0a5efebd2d48a0d434287ec6c99) Importer(815301076,1909f56bfc062723c751e8b465ee728b) (PreviewImporter) -> (artifact id: 'd501a2ff99cfd34e7bc82ed8bad77c18') in 0.0160964 seconds
Number of updated asset objects reloaded before import = 0Number of asset objects unloaded after import = 3

========================================================================
Received Import Request.
  Time since last request: 0.000019 seconds.
  path: Assets/Resources/res/x1/t/22/t_12.png
  artifactKey: Guid(e3960fd80a915b346b993a71b34de7f8) Importer(815301076,1909f56bfc062723c751e8b465ee728b)
Start importing Assets/Resources/res/x1/t/22/t_12.png using Guid(e3960fd80a915b346b993a71b34de7f8) Importer(815301076,1909f56bfc062723c751e8b465ee728b) (PreviewImporter) -> (artifact id: '8ac6be74b571619382c37bd6807b474b') in 0.020114 seconds
Number of updated asset objects reloaded before import = 0Number of asset objects unloaded after import = 3

========================================================================
Received Import Request.
  Time since last request: 0.000020 seconds.
  path: Assets/Resources/res/x1/t/22/t_05.png
  artifactKey: Guid(a2b61bc4d4e1cec4a9bc861930095314) Importer(815301076,1909f56bfc062723c751e8b465ee728b)
Start importing Assets/Resources/res/x1/t/22/t_05.png using Guid(a2b61bc4d4e1cec4a9bc861930095314) Importer(815301076,1909f56bfc062723c751e8b465ee728b) (PreviewImporter) -> (artifact id: 'a74b71eaa9f5b142e1bb2e47143e7acf') in 0.0220512 seconds
Number of updated asset objects reloaded before import = 0Number of asset objects unloaded after import = 3

========================================================================
Received Import Request.
  Time since last request: 0.000022 seconds.
  path: Assets/Resources/res/x1/t/22/t_10.png
  artifactKey: Guid(4607cfbc52273bc4990e70dd98b7ef86) Importer(815301076,1909f56bfc062723c751e8b465ee728b)
Start importing Assets/Resources/res/x1/t/22/t_10.png using Guid(4607cfbc52273bc4990e70dd98b7ef86) Importer(815301076,1909f56bfc062723c751e8b465ee728b) (PreviewImporter) -> (artifact id: 'deeef05e030afee9e49eb2f2a1d3ed18') in 0.0197122 seconds
Number of updated asset objects reloaded before import = 0Number of asset objects unloaded after import = 3

========================================================================
Received Import Request.
  Time since last request: 0.000020 seconds.
  path: Assets/Resources/res/x1/t/22/t_17.png
  artifactKey: Guid(759ce6f672b11604588aa1a06501dc6f) Importer(815301076,1909f56bfc062723c751e8b465ee728b)
Start importing Assets/Resources/res/x1/t/22/t_17.png using Guid(759ce6f672b11604588aa1a06501dc6f) Importer(815301076,1909f56bfc062723c751e8b465ee728b) (PreviewImporter) -> (artifact id: '501559006fc21ef067ae9081c24052c1') in 0.0095319 seconds
Number of updated asset objects reloaded before import = 0Number of asset objects unloaded after import = 3

========================================================================
Received Import Request.
  Time since last request: 0.000021 seconds.
  path: Assets/Resources/res/x1/t/22/t_08.png
  artifactKey: Guid(852bd1adc191ceb45a3496b9927708e3) Importer(815301076,1909f56bfc062723c751e8b465ee728b)
Start importing Assets/Resources/res/x1/t/22/t_08.png using Guid(852bd1adc191ceb45a3496b9927708e3) Importer(815301076,1909f56bfc062723c751e8b465ee728b) (PreviewImporter) -> (artifact id: '7044b5fc8373f848d67102cf037e4fe8') in 0.0198081 seconds
Number of updated asset objects reloaded before import = 0Number of asset objects unloaded after import = 3

========================================================================
Received Import Request.
  Time since last request: 0.395761 seconds.
  path: Assets/Resources/res/x1/t/23/t_03.png
  artifactKey: Guid(73ddfb925f79a2548908d251427c24f9) Importer(815301076,1909f56bfc062723c751e8b465ee728b)
Start importing Assets/Resources/res/x1/t/23/t_03.png using Guid(73ddfb925f79a2548908d251427c24f9) Importer(815301076,1909f56bfc062723c751e8b465ee728b) (PreviewImporter) -> (artifact id: 'b3ee2cced0c0aa2d60c11be30d7aa305') in 0.0145914 seconds
Number of updated asset objects reloaded before import = 0Number of asset objects unloaded after import = 3

========================================================================
Received Import Request.
  Time since last request: 0.000052 seconds.
  path: Assets/Resources/res/x1/t/23/t_07.png
  artifactKey: Guid(6c6d782a7b70109409b351371a4c471e) Importer(815301076,1909f56bfc062723c751e8b465ee728b)
Start importing Assets/Resources/res/x1/t/23/t_07.png using Guid(6c6d782a7b70109409b351371a4c471e) Importer(815301076,1909f56bfc062723c751e8b465ee728b) (PreviewImporter) -> (artifact id: '9d808c02b241c3743e7b21cb6ae2dd5c') in 0.0190926 seconds
Number of updated asset objects reloaded before import = 0Number of asset objects unloaded after import = 3

========================================================================
Received Import Request.
  Time since last request: 0.000127 seconds.
  path: Assets/Resources/res/x1/t/23/t_15.png
  artifactKey: Guid(f35c282633126d648a8a12788d22592a) Importer(815301076,1909f56bfc062723c751e8b465ee728b)
Start importing Assets/Resources/res/x1/t/23/t_15.png using Guid(f35c282633126d648a8a12788d22592a) Importer(815301076,1909f56bfc062723c751e8b465ee728b) (PreviewImporter) -> (artifact id: 'bf37f73fd6714f568638a5f41f660393') in 0.0211095 seconds
Number of updated asset objects reloaded before import = 0Number of asset objects unloaded after import = 3

========================================================================
Received Import Request.
  Time since last request: 0.000140 seconds.
  path: Assets/Resources/res/x1/t/23/t_21.png
  artifactKey: Guid(8fc93722289964f4b9e61d204050cfd9) Importer(815301076,1909f56bfc062723c751e8b465ee728b)
Start importing Assets/Resources/res/x1/t/23/t_21.png using Guid(8fc93722289964f4b9e61d204050cfd9) Importer(815301076,1909f56bfc062723c751e8b465ee728b) (PreviewImporter) -> (artifact id: '83255844a123c1a68d353b09b42dddbc') in 0.0188508 seconds
Number of updated asset objects reloaded before import = 0Number of asset objects unloaded after import = 3

========================================================================
Received Import Request.
  Time since last request: 0.000041 seconds.
  path: Assets/Resources/res/x1/t/23/t_10.png
  artifactKey: Guid(432701fe37e4d0f46b715752d0f48bb7) Importer(815301076,1909f56bfc062723c751e8b465ee728b)
Start importing Assets/Resources/res/x1/t/23/t_10.png using Guid(432701fe37e4d0f46b715752d0f48bb7) Importer(815301076,1909f56bfc062723c751e8b465ee728b) (PreviewImporter) -> (artifact id: 'eb92c3834bb9cb65ca4cf14687bb055c') in 0.0113493 seconds
Number of updated asset objects reloaded before import = 0Number of asset objects unloaded after import = 3

========================================================================
Received Import Request.
  Time since last request: 0.000023 seconds.
  path: Assets/Resources/res/x1/t/23/t_04.png
  artifactKey: Guid(ef2d6c2858a2c1d4ea386ad3764e9c6d) Importer(815301076,1909f56bfc062723c751e8b465ee728b)
Start importing Assets/Resources/res/x1/t/23/t_04.png using Guid(ef2d6c2858a2c1d4ea386ad3764e9c6d) Importer(815301076,1909f56bfc062723c751e8b465ee728b) (PreviewImporter) -> (artifact id: '690e5128300e551d6143b9a859061124') in 0.0248534 seconds
Number of updated asset objects reloaded before import = 0Number of asset objects unloaded after import = 3

========================================================================
Received Import Request.
  Time since last request: 0.000038 seconds.
  path: Assets/Resources/res/x1/t/23/t_20.png
  artifactKey: Guid(b5068ba3c4397fd40bce2c3d6213d8ab) Importer(815301076,1909f56bfc062723c751e8b465ee728b)
Start importing Assets/Resources/res/x1/t/23/t_20.png using Guid(b5068ba3c4397fd40bce2c3d6213d8ab) Importer(815301076,1909f56bfc062723c751e8b465ee728b) (PreviewImporter) -> (artifact id: '2de5e009daca03486f69f3cfbef47343') in 0.0112618 seconds
Number of updated asset objects reloaded before import = 0Number of asset objects unloaded after import = 3

========================================================================
Received Import Request.
  Time since last request: 0.000021 seconds.
  path: Assets/Resources/res/x1/t/23/t_22.png
  artifactKey: Guid(8ef5596a1d9f18641b3c2a12f2e83b6b) Importer(815301076,1909f56bfc062723c751e8b465ee728b)
Start importing Assets/Resources/res/x1/t/23/t_22.png using Guid(8ef5596a1d9f18641b3c2a12f2e83b6b) Importer(815301076,1909f56bfc062723c751e8b465ee728b) (PreviewImporter) -> (artifact id: '392383a5fbd4d397bf593ccaf3a2ec84') in 0.0090441 seconds
Number of updated asset objects reloaded before import = 0Number of asset objects unloaded after import = 3

========================================================================
Received Import Request.
  Time since last request: 18.735622 seconds.
  path: Assets/Resources/res/x1/radar/2.png
  artifactKey: Guid(6739efd3720fde245a69e5fa35324903) Importer(815301076,1909f56bfc062723c751e8b465ee728b)
Start importing Assets/Resources/res/x1/radar/2.png using Guid(6739efd3720fde245a69e5fa35324903) Importer(815301076,1909f56bfc062723c751e8b465ee728b) (PreviewImporter) -> (artifact id: 'e5eafde51220b496e7f5d46c51e7d1d8') in 0.0184325 seconds
Number of updated asset objects reloaded before import = 0Number of asset objects unloaded after import = 3

========================================================================
Received Import Request.
  Time since last request: 0.000027 seconds.
  path: Assets/Resources/res/x1/radar/10.png
  artifactKey: Guid(7d3dc5ef86997e440b4234802b13ebb8) Importer(815301076,1909f56bfc062723c751e8b465ee728b)
Start importing Assets/Resources/res/x1/radar/10.png using Guid(7d3dc5ef86997e440b4234802b13ebb8) Importer(815301076,1909f56bfc062723c751e8b465ee728b) (PreviewImporter) -> (artifact id: '336a617fe608dbaba6f232c4b25b4bb2') in 0.0234153 seconds
Number of updated asset objects reloaded before import = 0Number of asset objects unloaded after import = 3

========================================================================
Received Import Request.
  Time since last request: 0.000115 seconds.
  path: Assets/Resources/res/x1/radar/3.png
  artifactKey: Guid(bfc7304d0366f4543a94366f3f7973c1) Importer(815301076,1909f56bfc062723c751e8b465ee728b)
Start importing Assets/Resources/res/x1/radar/3.png using Guid(bfc7304d0366f4543a94366f3f7973c1) Importer(815301076,1909f56bfc062723c751e8b465ee728b) (PreviewImporter) -> (artifact id: '0b3297ba184c3e9c9daafe43a33ac1c2') in 0.0225942 seconds
Number of updated asset objects reloaded before import = 0Number of asset objects unloaded after import = 3

========================================================================
Received Import Request.
  Time since last request: 0.000027 seconds.
  path: Assets/Resources/res/x1/radar/14.png
  artifactKey: Guid(1ff7618da94411e49bac09c466f45330) Importer(815301076,1909f56bfc062723c751e8b465ee728b)
Start importing Assets/Resources/res/x1/radar/14.png using Guid(1ff7618da94411e49bac09c466f45330) Importer(815301076,1909f56bfc062723c751e8b465ee728b) (PreviewImporter) -> (artifact id: '70062c16e9a5fbb77d6bea2b7e3ef191') in 0.0260159 seconds
Number of updated asset objects reloaded before import = 0Number of asset objects unloaded after import = 3

========================================================================
Received Import Request.
  Time since last request: 0.000041 seconds.
  path: Assets/Resources/res/x1/radar/23.png
  artifactKey: Guid(0bc67deeed7de0844a692005c7899973) Importer(815301076,1909f56bfc062723c751e8b465ee728b)
Start importing Assets/Resources/res/x1/radar/23.png using Guid(0bc67deeed7de0844a692005c7899973) Importer(815301076,1909f56bfc062723c751e8b465ee728b) (PreviewImporter) -> (artifact id: 'd0f10d9abb452ce33687e807f1c91e5b') in 0.0240685 seconds
Number of updated asset objects reloaded before import = 0Number of asset objects unloaded after import = 3

========================================================================
Received Import Request.
  Time since last request: 0.000031 seconds.
  path: Assets/Resources/res/x1/radar/7.png
  artifactKey: Guid(1b51e1d7c063f7143b4147cebfd2a118) Importer(815301076,1909f56bfc062723c751e8b465ee728b)
Start importing Assets/Resources/res/x1/radar/7.png using Guid(1b51e1d7c063f7143b4147cebfd2a118) Importer(815301076,1909f56bfc062723c751e8b465ee728b) (PreviewImporter) -> (artifact id: '503b75eeac66e80e8bd9ad1f2fb6edae') in 0.0223689 seconds
Number of updated asset objects reloaded before import = 0Number of asset objects unloaded after import = 3

========================================================================
Received Import Request.
  Time since last request: 0.000076 seconds.
  path: Assets/Resources/res/x1/radar/4.png
  artifactKey: Guid(53dde467e06a4754da9e6a32bf39f3de) Importer(815301076,1909f56bfc062723c751e8b465ee728b)
Start importing Assets/Resources/res/x1/radar/4.png using Guid(53dde467e06a4754da9e6a32bf39f3de) Importer(815301076,1909f56bfc062723c751e8b465ee728b) (PreviewImporter) -> (artifact id: 'e844b659faafc3163fb54ff5e05d58ff') in 0.0217442 seconds
Number of updated asset objects reloaded before import = 0Number of asset objects unloaded after import = 3

========================================================================
Received Import Request.
  Time since last request: 0.000026 seconds.
  path: Assets/Resources/res/x1/radar/9.png
  artifactKey: Guid(0e66e077684485148a3e4c9e3a45a74c) Importer(815301076,1909f56bfc062723c751e8b465ee728b)
Start importing Assets/Resources/res/x1/radar/9.png using Guid(0e66e077684485148a3e4c9e3a45a74c) Importer(815301076,1909f56bfc062723c751e8b465ee728b) (PreviewImporter) -> (artifact id: 'b54b3cc5e1844a3eebef4b1443741ccf') in 0.0193676 seconds
Number of updated asset objects reloaded before import = 0Number of asset objects unloaded after import = 3

========================================================================
Received Import Request.
  Time since last request: 2.172712 seconds.
  path: Assets/Resources/res/x1/mainimage/btn0mid.png
  artifactKey: Guid(5ee54a0d7e588884eae7ee4f35f90c55) Importer(815301076,1909f56bfc062723c751e8b465ee728b)
Start importing Assets/Resources/res/x1/mainimage/btn0mid.png using Guid(5ee54a0d7e588884eae7ee4f35f90c55) Importer(815301076,1909f56bfc062723c751e8b465ee728b) (PreviewImporter) -> (artifact id: 'f3523f35baafdf41104492cf40a18bae') in 0.0195969 seconds
Number of updated asset objects reloaded before import = 0Number of asset objects unloaded after import = 3

========================================================================
Received Import Request.
  Time since last request: 0.000063 seconds.
  path: Assets/Resources/res/x1/mainimage/myTexture2darrow2.png
  artifactKey: Guid(33d976834ab51b54e89ff16e1348e422) Importer(815301076,1909f56bfc062723c751e8b465ee728b)
Start importing Assets/Resources/res/x1/mainimage/myTexture2darrow2.png using Guid(33d976834ab51b54e89ff16e1348e422) Importer(815301076,1909f56bfc062723c751e8b465ee728b) (PreviewImporter) -> (artifact id: '4e8a0520441bb1336c0d0d2e2dacfd7e') in 0.0211661 seconds
Number of updated asset objects reloaded before import = 0Number of asset objects unloaded after import = 3

========================================================================
Received Import Request.
  Time since last request: 0.000018 seconds.
  path: Assets/Resources/res/x1/mainimage/eo_1_0.png
  artifactKey: Guid(cd1c87e21fa5bab43bc38012df60fb78) Importer(815301076,1909f56bfc062723c751e8b465ee728b)
Start importing Assets/Resources/res/x1/mainimage/eo_1_0.png using Guid(cd1c87e21fa5bab43bc38012df60fb78) Importer(815301076,1909f56bfc062723c751e8b465ee728b) (PreviewImporter) -> (artifact id: 'e1de85f9f9398aa73ab760917f0aa178') in 0.0197475 seconds
Number of updated asset objects reloaded before import = 0Number of asset objects unloaded after import = 3

========================================================================
Received Import Request.
  Time since last request: 0.000031 seconds.
  path: Assets/Resources/res/x1/mainimage/myTexture2dmenu.png
  artifactKey: Guid(5ecff41ae11ebab4ab1c301e661b7948) Importer(815301076,1909f56bfc062723c751e8b465ee728b)
Start importing Assets/Resources/res/x1/mainimage/myTexture2dmenu.png using Guid(5ecff41ae11ebab4ab1c301e661b7948) Importer(815301076,1909f56bfc062723c751e8b465ee728b) (PreviewImporter) -> (artifact id: '089d4ef839083e7cbc2499fc82882765') in 0.0192489 seconds
Number of updated asset objects reloaded before import = 0Number of asset objects unloaded after import = 3

========================================================================
Received Import Request.
  Time since last request: 0.000022 seconds.
  path: Assets/Resources/res/x1/mainimage/myTexture2dbtnl.png
  artifactKey: Guid(686d8f3217aa22240a2263f711ebab99) Importer(815301076,1909f56bfc062723c751e8b465ee728b)
Start importing Assets/Resources/res/x1/mainimage/myTexture2dbtnl.png using Guid(686d8f3217aa22240a2263f711ebab99) Importer(815301076,1909f56bfc062723c751e8b465ee728b) (PreviewImporter) -> (artifact id: '9b46c4e595e9601fde147b18f3996343') in 0.0198503 seconds
Number of updated asset objects reloaded before import = 0Number of asset objects unloaded after import = 3

========================================================================
Received Import Request.
  Time since last request: 0.000022 seconds.
  path: Assets/Resources/res/x1/mainimage/myTexture2dnutF.png
  artifactKey: Guid(d6e2a5837615e8946a4b054f79fd8b04) Importer(815301076,1909f56bfc062723c751e8b465ee728b)
Start importing Assets/Resources/res/x1/mainimage/myTexture2dnutF.png using Guid(d6e2a5837615e8946a4b054f79fd8b04) Importer(815301076,1909f56bfc062723c751e8b465ee728b) (PreviewImporter) -> (artifact id: '46aaf6925f746171a2265eda1f01d3a6') in 0.0189711 seconds
Number of updated asset objects reloaded before import = 0Number of asset objects unloaded after import = 3

========================================================================
Received Import Request.
  Time since last request: 0.000031 seconds.
  path: Assets/Resources/res/x1/mainimage/myTexture2darrow.png
  artifactKey: Guid(441b9d8e457c5be47a3465f195508f23) Importer(815301076,1909f56bfc062723c751e8b465ee728b)
Start importing Assets/Resources/res/x1/mainimage/myTexture2darrow.png using Guid(441b9d8e457c5be47a3465f195508f23) Importer(815301076,1909f56bfc062723c751e8b465ee728b) (PreviewImporter) -> (artifact id: '24b3c509f4394986d896d35b3def7973') in 0.0201396 seconds
Number of updated asset objects reloaded before import = 0Number of asset objects unloaded after import = 3

========================================================================
Received Import Request.
  Time since last request: 0.000038 seconds.
  path: Assets/Resources/res/x1/mainimage/myTexture2dfocus2.png
  artifactKey: Guid(fed32ce3959f0b743898e900c3fb6d14) Importer(815301076,1909f56bfc062723c751e8b465ee728b)
Start importing Assets/Resources/res/x1/mainimage/myTexture2dfocus2.png using Guid(fed32ce3959f0b743898e900c3fb6d14) Importer(815301076,1909f56bfc062723c751e8b465ee728b) (PreviewImporter) -> (artifact id: '80092a6b3029bbccb8e83814bb321b10') in 0.0187598 seconds
Number of updated asset objects reloaded before import = 0Number of asset objects unloaded after import = 3

========================================================================
Received Import Request.
  Time since last request: 0.000027 seconds.
  path: Assets/Resources/res/x1/mainimage/myTexture2dmaybay3.png
  artifactKey: Guid(520b2ad32812f0e4c960ebb5ad8f655b) Importer(815301076,1909f56bfc062723c751e8b465ee728b)
Start importing Assets/Resources/res/x1/mainimage/myTexture2dmaybay3.png using Guid(520b2ad32812f0e4c960ebb5ad8f655b) Importer(815301076,1909f56bfc062723c751e8b465ee728b) (PreviewImporter) -> (artifact id: '41218f0a1e3c2b99bb9c85c3edcf4eb9') in 0.0234546 seconds
Number of updated asset objects reloaded before import = 0Number of asset objects unloaded after import = 3

========================================================================
Received Import Request.
  Time since last request: 0.000020 seconds.
  path: Assets/Resources/res/x1/mainimage/myTexture2dchat.png
  artifactKey: Guid(07ee63de4b00d7545a57f6553c10241a) Importer(815301076,1909f56bfc062723c751e8b465ee728b)
Start importing Assets/Resources/res/x1/mainimage/myTexture2dchat.png using Guid(07ee63de4b00d7545a57f6553c10241a) Importer(815301076,1909f56bfc062723c751e8b465ee728b) (PreviewImporter) -> (artifact id: '05cf26ba2a5fbb24e777cb5da63e74fb') in 0.0198598 seconds
Number of updated asset objects reloaded before import = 0Number of asset objects unloaded after import = 3

========================================================================
Received Import Request.
  Time since last request: 0.000036 seconds.
  path: Assets/Resources/res/x1/mainimage/myTexture2dbong.png
  artifactKey: Guid(a0da3a6af30f96947b2e77297958ddee) Importer(815301076,1909f56bfc062723c751e8b465ee728b)
Start importing Assets/Resources/res/x1/mainimage/myTexture2dbong.png using Guid(a0da3a6af30f96947b2e77297958ddee) Importer(815301076,1909f56bfc062723c751e8b465ee728b) (PreviewImporter) -> (artifact id: '41020326532a1b4263605f7b96748b8e') in 0.0217559 seconds
Number of updated asset objects reloaded before import = 0Number of asset objects unloaded after import = 3

========================================================================
Received Import Request.
  Time since last request: 0.000050 seconds.
  path: Assets/Resources/res/x1/mainimage/myTexture2dflare.png
  artifactKey: Guid(856c5a30fa3a3e6408507eab6889906a) Importer(815301076,1909f56bfc062723c751e8b465ee728b)
Start importing Assets/Resources/res/x1/mainimage/myTexture2dflare.png using Guid(856c5a30fa3a3e6408507eab6889906a) Importer(815301076,1909f56bfc062723c751e8b465ee728b) (PreviewImporter) -> (artifact id: 'eee5a15f2bedcab5a6b40b8c0971f3d5') in 0.0239081 seconds
Number of updated asset objects reloaded before import = 0Number of asset objects unloaded after import = 3

========================================================================
Received Import Request.
  Time since last request: 0.000018 seconds.
  path: Assets/Resources/res/x1/mainimage/myTexture2dbtX.png
  artifactKey: Guid(b9e337a2d304f7f41a2c4c25e4876fda) Importer(815301076,1909f56bfc062723c751e8b465ee728b)
Start importing Assets/Resources/res/x1/mainimage/myTexture2dbtX.png using Guid(b9e337a2d304f7f41a2c4c25e4876fda) Importer(815301076,1909f56bfc062723c751e8b465ee728b) (PreviewImporter) -> (artifact id: '26c8c9bfb665d6c2ade177ba8a05f940') in 0.0196191 seconds
Number of updated asset objects reloaded before import = 0Number of asset objects unloaded after import = 3

========================================================================
Received Import Request.
  Time since last request: 0.000022 seconds.
  path: Assets/Resources/res/x1/mainimage/myTexture2dgoc1.png
  artifactKey: Guid(c7eb9eea549bf484cb80bb276ee06ce6) Importer(815301076,1909f56bfc062723c751e8b465ee728b)
Start importing Assets/Resources/res/x1/mainimage/myTexture2dgoc1.png using Guid(c7eb9eea549bf484cb80bb276ee06ce6) Importer(815301076,1909f56bfc062723c751e8b465ee728b) (PreviewImporter) -> (artifact id: '4bb9225cbbc674306f556efdf3a402ed') in 0.0201809 seconds
Number of updated asset objects reloaded before import = 0Number of asset objects unloaded after import = 3

========================================================================
Received Import Request.
  Time since last request: 0.000030 seconds.
  path: Assets/Resources/res/x1/mainimage/myTexture2dmobHP.png
  artifactKey: Guid(6b64babbcac7b7f4d8639f91f555ced2) Importer(815301076,1909f56bfc062723c751e8b465ee728b)
Start importing Assets/Resources/res/x1/mainimage/myTexture2dmobHP.png using Guid(6b64babbcac7b7f4d8639f91f555ced2) Importer(815301076,1909f56bfc062723c751e8b465ee728b) (PreviewImporter) -> (artifact id: '6a327e84471c134dc1bacddee46e51b5') in 0.018828 seconds
Number of updated asset objects reloaded before import = 0Number of asset objects unloaded after import = 3

========================================================================
Received Import Request.
  Time since last request: 0.000018 seconds.
  path: Assets/Resources/res/x1/mainimage/myTexture2dPea_3.png
  artifactKey: Guid(e8ab2c57dd7dfa8468566b315cfee68c) Importer(815301076,1909f56bfc062723c751e8b465ee728b)
Start importing Assets/Resources/res/x1/mainimage/myTexture2dPea_3.png using Guid(e8ab2c57dd7dfa8468566b315cfee68c) Importer(815301076,1909f56bfc062723c751e8b465ee728b) (PreviewImporter) -> (artifact id: 'f6b279561a0b71b01a348fd6f7aede94') in 0.0139344 seconds
Number of updated asset objects reloaded before import = 0Number of asset objects unloaded after import = 2

========================================================================
Received Import Request.
  Time since last request: 0.000018 seconds.
  path: Assets/Resources/res/x1/mainimage/myTexture2dlineColor00.png
  artifactKey: Guid(d25acc870a79fc141b0fc6a7dbd77d55) Importer(815301076,1909f56bfc062723c751e8b465ee728b)
Start importing Assets/Resources/res/x1/mainimage/myTexture2dlineColor00.png using Guid(d25acc870a79fc141b0fc6a7dbd77d55) Importer(815301076,1909f56bfc062723c751e8b465ee728b) (PreviewImporter) -> (artifact id: '89929d5d2bdedd93d23fd0a8c01de791') in 0.0174033 seconds
Number of updated asset objects reloaded before import = 0Number of asset objects unloaded after import = 3

========================================================================
Received Import Request.
  Time since last request: 0.000027 seconds.
  path: Assets/Resources/res/x1/mainimage/myTexture2dPea_0.png
  artifactKey: Guid(5bca9414ace16aa47a1ab9223f637860) Importer(815301076,1909f56bfc062723c751e8b465ee728b)
Start importing Assets/Resources/res/x1/mainimage/myTexture2dPea_0.png using Guid(5bca9414ace16aa47a1ab9223f637860) Importer(815301076,1909f56bfc062723c751e8b465ee728b) (PreviewImporter) -> (artifact id: 'b65b4916f84eb1d72d482b7e95b6a755') in 0.0158131 seconds
Number of updated asset objects reloaded before import = 0Number of asset objects unloaded after import = 2

========================================================================
Received Import Request.
  Time since last request: 0.000019 seconds.
  path: Assets/Resources/res/x1/mainimage/myTexture2dgoc2.png
  artifactKey: Guid(b3b959b374ffd2b40b261fd38ee02614) Importer(815301076,1909f56bfc062723c751e8b465ee728b)
Start importing Assets/Resources/res/x1/mainimage/myTexture2dgoc2.png using Guid(b3b959b374ffd2b40b261fd38ee02614) Importer(815301076,1909f56bfc062723c751e8b465ee728b) (PreviewImporter) -> (artifact id: 'a3381c70e3d7f84fd9b982fc21a1dd25') in 0.0199962 seconds
Number of updated asset objects reloaded before import = 0Number of asset objects unloaded after import = 3

========================================================================
Received Import Request.
  Time since last request: 0.000022 seconds.
  path: Assets/Resources/res/x1/mainimage/logo1E.png
  artifactKey: Guid(d53a5915d1ef77043ae01e0ca779e7c5) Importer(815301076,1909f56bfc062723c751e8b465ee728b)
Start importing Assets/Resources/res/x1/mainimage/logo1E.png using Guid(d53a5915d1ef77043ae01e0ca779e7c5) Importer(815301076,1909f56bfc062723c751e8b465ee728b) (PreviewImporter) -> (artifact id: '61b1a2d842ebed0ee813cd2519d8b590') in 0.0203236 seconds
Number of updated asset objects reloaded before import = 0Number of asset objects unloaded after import = 3

========================================================================
Received Import Request.
  Time since last request: 0.000019 seconds.
  path: Assets/Resources/res/x1/mainimage/eo_1_1.png
  artifactKey: Guid(33f094355e30aeb4faf17e775215813a) Importer(815301076,1909f56bfc062723c751e8b465ee728b)
Start importing Assets/Resources/res/x1/mainimage/eo_1_1.png using Guid(33f094355e30aeb4faf17e775215813a) Importer(815301076,1909f56bfc062723c751e8b465ee728b) (PreviewImporter) -> (artifact id: 'c6d3a2518902c17189a57de0f04b5135') in 0.0189402 seconds
Number of updated asset objects reloaded before import = 0Number of asset objects unloaded after import = 3

========================================================================
Received Import Request.
  Time since last request: 0.000027 seconds.
  path: Assets/Resources/res/x1/mainimage/myTexture2dhpLost.png
  artifactKey: Guid(8815c240e77d7b84694ef35639d4912e) Importer(815301076,1909f56bfc062723c751e8b465ee728b)
Start importing Assets/Resources/res/x1/mainimage/myTexture2dhpLost.png using Guid(8815c240e77d7b84694ef35639d4912e) Importer(815301076,1909f56bfc062723c751e8b465ee728b) (PreviewImporter) -> (artifact id: '45de277a90a4dfbe259d2fdf9ceda30a') in 0.021217 seconds
Number of updated asset objects reloaded before import = 0Number of asset objects unloaded after import = 3

========================================================================
Received Import Request.
  Time since last request: 0.000032 seconds.
  path: Assets/Resources/res/x1/mainimage/myTexture2dskill2.png
  artifactKey: Guid(ac59e3930ba5a5b499f2c36bc4111fd4) Importer(815301076,1909f56bfc062723c751e8b465ee728b)
Start importing Assets/Resources/res/x1/mainimage/myTexture2dskill2.png using Guid(ac59e3930ba5a5b499f2c36bc4111fd4) Importer(815301076,1909f56bfc062723c751e8b465ee728b) (PreviewImporter) -> (artifact id: 'dfd9749777ca3e5dfbf793640a378c6e') in 0.0193404 seconds
Number of updated asset objects reloaded before import = 0Number of asset objects unloaded after import = 3

========================================================================
Received Import Request.
  Time since last request: 0.000017 seconds.
  path: Assets/Resources/res/x1/mainimage/myTexture2dfocus.png
  artifactKey: Guid(b6efd87f27d89e4498a455cd11fd297b) Importer(815301076,1909f56bfc062723c751e8b465ee728b)
Start importing Assets/Resources/res/x1/mainimage/myTexture2dfocus.png using Guid(b6efd87f27d89e4498a455cd11fd297b) Importer(815301076,1909f56bfc062723c751e8b465ee728b) (PreviewImporter) -> (artifact id: 'a076994e422c3a9090bcfae01ff5f487') in 0.0197783 seconds
Number of updated asset objects reloaded before import = 0Number of asset objects unloaded after import = 3

========================================================================
Received Import Request.
  Time since last request: 0.000026 seconds.
  path: Assets/Resources/res/x1/mainimage/myTexture2dmat-namek.png
  artifactKey: Guid(a2f81202980f8ba4c8f0d08913801527) Importer(815301076,1909f56bfc062723c751e8b465ee728b)
Start importing Assets/Resources/res/x1/mainimage/myTexture2dmat-namek.png using Guid(a2f81202980f8ba4c8f0d08913801527) Importer(815301076,1909f56bfc062723c751e8b465ee728b) (PreviewImporter) -> (artifact id: '3d87b8efe19e798475beb1dab4774440') in 0.0219631 seconds
Number of updated asset objects reloaded before import = 0Number of asset objects unloaded after import = 3

========================================================================
Received Import Request.
  Time since last request: 0.000028 seconds.
  path: Assets/Resources/res/x1/mainimage/myTexture2der.png
  artifactKey: Guid(a83215edce6eab647815b9d9ea11ddcc) Importer(815301076,1909f56bfc062723c751e8b465ee728b)
Start importing Assets/Resources/res/x1/mainimage/myTexture2der.png using Guid(a83215edce6eab647815b9d9ea11ddcc) Importer(815301076,1909f56bfc062723c751e8b465ee728b) (PreviewImporter) -> (artifact id: '4b5421291c22413657a3e59bae7bea95') in 0.0248926 seconds
Number of updated asset objects reloaded before import = 0Number of asset objects unloaded after import = 3

========================================================================
Received Import Request.
  Time since last request: 0.000030 seconds.
  path: Assets/Resources/res/x1/mainimage/i_hp.png
  artifactKey: Guid(7464cfeeb3501fc4e9b7e8b1820c82ca) Importer(815301076,1909f56bfc062723c751e8b465ee728b)
Start importing Assets/Resources/res/x1/mainimage/i_hp.png using Guid(7464cfeeb3501fc4e9b7e8b1820c82ca) Importer(815301076,1909f56bfc062723c751e8b465ee728b) (PreviewImporter) -> (artifact id: '2b1fd55025480a01ffbd039e0b53bb23') in 0.0194472 seconds
Number of updated asset objects reloaded before import = 0Number of asset objects unloaded after import = 3

========================================================================
Received Import Request.
  Time since last request: 0.000028 seconds.
  path: Assets/Resources/res/x1/mainimage/myTexture2dtf.png
  artifactKey: Guid(779957630b85ff04a9f85111ff1d214c) Importer(815301076,1909f56bfc062723c751e8b465ee728b)
Start importing Assets/Resources/res/x1/mainimage/myTexture2dtf.png using Guid(779957630b85ff04a9f85111ff1d214c) Importer(815301076,1909f56bfc062723c751e8b465ee728b) (PreviewImporter) -> (artifact id: '6f7a7332bfd14054b2a85e97ca7a26e3') in 0.0193725 seconds
Number of updated asset objects reloaded before import = 0Number of asset objects unloaded after import = 3

========================================================================
Received Import Request.
  Time since last request: 0.000102 seconds.
  path: Assets/Resources/res/x1/mainimage/myTexture2ditemaura1.png
  artifactKey: Guid(d9c72c45a3c09ef48a007b556ed251e8) Importer(815301076,1909f56bfc062723c751e8b465ee728b)
Start importing Assets/Resources/res/x1/mainimage/myTexture2ditemaura1.png using Guid(d9c72c45a3c09ef48a007b556ed251e8) Importer(815301076,1909f56bfc062723c751e8b465ee728b) (PreviewImporter) -> (artifact id: '87b829aa7a78fed2afa277eac51bcfaa') in 0.0219976 seconds
Number of updated asset objects reloaded before import = 0Number of asset objects unloaded after import = 3

========================================================================
Received Import Request.
  Time since last request: 0.000031 seconds.
  path: Assets/Resources/res/x1/mainimage/myTexture2dcheck.png
  artifactKey: Guid(3624bd2c823dd3e48a167288c6320445) Importer(815301076,1909f56bfc062723c751e8b465ee728b)
Start importing Assets/Resources/res/x1/mainimage/myTexture2dcheck.png using Guid(3624bd2c823dd3e48a167288c6320445) Importer(815301076,1909f56bfc062723c751e8b465ee728b) (PreviewImporter) -> (artifact id: '3e157d90fe486c567af7e0c6d6a41bc1') in 0.0215199 seconds
Number of updated asset objects reloaded before import = 0Number of asset objects unloaded after import = 3

========================================================================
Received Import Request.
  Time since last request: 0.000034 seconds.
  path: Assets/Resources/res/x1/mainimage/myTexture2dgoc6.png
  artifactKey: Guid(ac16eae2336d2d449ae9d61a28691541) Importer(815301076,1909f56bfc062723c751e8b465ee728b)
Start importing Assets/Resources/res/x1/mainimage/myTexture2dgoc6.png using Guid(ac16eae2336d2d449ae9d61a28691541) Importer(815301076,1909f56bfc062723c751e8b465ee728b) (PreviewImporter) -> (artifact id: 'c498647737ed46965eda7d9368b65193') in 0.0184773 seconds
Number of updated asset objects reloaded before import = 0Number of asset objects unloaded after import = 3

========================================================================
Received Import Request.
  Time since last request: 0.000027 seconds.
  path: Assets/Resources/res/x1/mainimage/myTexture2dmaybay4a.png
  artifactKey: Guid(b9641d7fd88ffee488583f6c84b94db7) Importer(815301076,1909f56bfc062723c751e8b465ee728b)
Start importing Assets/Resources/res/x1/mainimage/myTexture2dmaybay4a.png using Guid(b9641d7fd88ffee488583f6c84b94db7) Importer(815301076,1909f56bfc062723c751e8b465ee728b) (PreviewImporter) -> (artifact id: 'f9022b2523156159a83b5f3228785660') in 0.0195658 seconds
Number of updated asset objects reloaded before import = 0Number of asset objects unloaded after import = 3

========================================================================
Received Import Request.
  Time since last request: 0.000023 seconds.
  path: Assets/Resources/res/x1/mainimage/myTexture2drong.png
  artifactKey: Guid(909656feb15f1e6469fd469e2fef6357) Importer(815301076,1909f56bfc062723c751e8b465ee728b)
Start importing Assets/Resources/res/x1/mainimage/myTexture2drong.png using Guid(909656feb15f1e6469fd469e2fef6357) Importer(815301076,1909f56bfc062723c751e8b465ee728b) (PreviewImporter) -> (artifact id: 'ce33f77339b1825c996e5c0eb2555d72') in 0.0157934 seconds
Number of updated asset objects reloaded before import = 0Number of asset objects unloaded after import = 2

========================================================================
Received Import Request.
  Time since last request: 0.000040 seconds.
  path: Assets/Resources/res/x1/mainimage/i_charlife.png
  artifactKey: Guid(705c735881a73d74c9b908d8adba6fbf) Importer(815301076,1909f56bfc062723c751e8b465ee728b)
Start importing Assets/Resources/res/x1/mainimage/i_charlife.png using Guid(705c735881a73d74c9b908d8adba6fbf) Importer(815301076,1909f56bfc062723c751e8b465ee728b) (PreviewImporter) -> (artifact id: '0d0b67b2c833780cc7a323278fc7b74e') in 0.0187486 seconds
Number of updated asset objects reloaded before import = 0Number of asset objects unloaded after import = 3

========================================================================
Received Import Request.
  Time since last request: 0.000022 seconds.
  path: Assets/Resources/res/x1/mainimage/myTexture2dmaybay2.png
  artifactKey: Guid(b6c35c957aa5eb64ca0fd07c0d170717) Importer(815301076,1909f56bfc062723c751e8b465ee728b)
Start importing Assets/Resources/res/x1/mainimage/myTexture2dmaybay2.png using Guid(b6c35c957aa5eb64ca0fd07c0d170717) Importer(815301076,1909f56bfc062723c751e8b465ee728b) (PreviewImporter) -> (artifact id: '44e2d9d1cd6da4fa8866cb52183a87dc') in 0.0191545 seconds
Number of updated asset objects reloaded before import = 0Number of asset objects unloaded after import = 3

========================================================================
Received Import Request.
  Time since last request: 0.525749 seconds.
  path: Assets/Resources/res/x1/mainimage/myTexture2dthucuoi21.png
  artifactKey: Guid(ffbd4128420eea645ab7dc7721c19fc0) Importer(815301076,1909f56bfc062723c751e8b465ee728b)
Start importing Assets/Resources/res/x1/mainimage/myTexture2dthucuoi21.png using Guid(ffbd4128420eea645ab7dc7721c19fc0) Importer(815301076,1909f56bfc062723c751e8b465ee728b) (PreviewImporter) -> (artifact id: '8bda1706c9d2fef819d9ba28b87c657f') in 0.0177468 seconds
Number of updated asset objects reloaded before import = 0Number of asset objects unloaded after import = 3

========================================================================
Received Import Request.
  Time since last request: 0.000130 seconds.
  path: Assets/Resources/res/x1/mainimage/myTexture2dthucuoi23.png
  artifactKey: Guid(872ca9b54bbb1b44f92ea8d18e5cbfd5) Importer(815301076,1909f56bfc062723c751e8b465ee728b)
Start importing Assets/Resources/res/x1/mainimage/myTexture2dthucuoi23.png using Guid(872ca9b54bbb1b44f92ea8d18e5cbfd5) Importer(815301076,1909f56bfc062723c751e8b465ee728b) (PreviewImporter) -> (artifact id: '29fc6b4b534d8725d78194da1102cc01') in 0.018554 seconds
Number of updated asset objects reloaded before import = 0Number of asset objects unloaded after import = 3

========================================================================
Received Import Request.
  Time since last request: 0.000025 seconds.
  path: Assets/Resources/res/x1/mainimage/myTexture2dthucuoi31.png
  artifactKey: Guid(b52a4f3b8657b6641a6e40d856c104b5) Importer(815301076,1909f56bfc062723c751e8b465ee728b)
Start importing Assets/Resources/res/x1/mainimage/myTexture2dthucuoi31.png using Guid(b52a4f3b8657b6641a6e40d856c104b5) Importer(815301076,1909f56bfc062723c751e8b465ee728b) (PreviewImporter) -> (artifact id: 'dd2793b287c83b7c65e4943e341dbc08') in 0.0196632 seconds
Number of updated asset objects reloaded before import = 0Number of asset objects unloaded after import = 3

========================================================================
Received Import Request.
  Time since last request: 0.000025 seconds.
  path: Assets/Resources/res/x1/mainimage/o_1.png
  artifactKey: Guid(3f8a3d5bf2e22de4b9881ace70e0eade) Importer(815301076,1909f56bfc062723c751e8b465ee728b)
Start importing Assets/Resources/res/x1/mainimage/o_1.png using Guid(3f8a3d5bf2e22de4b9881ace70e0eade) Importer(815301076,1909f56bfc062723c751e8b465ee728b) (PreviewImporter) -> (artifact id: '449585d1d4a9ef8e20e42430a1ad3721') in 0.0183395 seconds
Number of updated asset objects reloaded before import = 0Number of asset objects unloaded after import = 3

========================================================================
Received Import Request.
  Time since last request: 0.003237 seconds.
  path: Assets/Resources/res/x1/mainimage/o_2.png
  artifactKey: Guid(8729ee8c4eebd2f4e995f1b169615922) Importer(815301076,1909f56bfc062723c751e8b465ee728b)
Start importing Assets/Resources/res/x1/mainimage/o_2.png using Guid(8729ee8c4eebd2f4e995f1b169615922) Importer(815301076,1909f56bfc062723c751e8b465ee728b) (PreviewImporter) -> (artifact id: 'a12c8afe2b98553a8425cb30160e0bfd') in 0.0162541 seconds
Number of updated asset objects reloaded before import = 0Number of asset objects unloaded after import = 3

========================================================================
Received Import Request.
  Time since last request: 0.000049 seconds.
  path: Assets/Resources/res/x1/mainimage/panel2.png
  artifactKey: Guid(03bf6e5b7a781e34d9562da9e9c20055) Importer(815301076,1909f56bfc062723c751e8b465ee728b)
Start importing Assets/Resources/res/x1/mainimage/panel2.png using Guid(03bf6e5b7a781e34d9562da9e9c20055) Importer(815301076,1909f56bfc062723c751e8b465ee728b) (PreviewImporter) -> (artifact id: '6324f31b9065fc5f0205ed103b64a4ad') in 0.0184148 seconds
Number of updated asset objects reloaded before import = 0Number of asset objects unloaded after import = 3

========================================================================
Received Import Request.
  Time since last request: 0.000032 seconds.
  path: Assets/Resources/res/x1/mainimage/star8.png
  artifactKey: Guid(65d760f0046485f45983356c88d36c43) Importer(815301076,1909f56bfc062723c751e8b465ee728b)
Start importing Assets/Resources/res/x1/mainimage/star8.png using Guid(65d760f0046485f45983356c88d36c43) Importer(815301076,1909f56bfc062723c751e8b465ee728b) (PreviewImporter) -> (artifact id: 'cc7a1040ecd2bce8ea0dd7e8f4954e26') in 0.0179657 seconds
Number of updated asset objects reloaded before import = 0Number of asset objects unloaded after import = 3

========================================================================
Received Import Request.
  Time since last request: 0.000059 seconds.
  path: Assets/Resources/res/x1/mainimage/star9.png
  artifactKey: Guid(45c9d4588684eb64e9fd49bc4690e10d) Importer(815301076,1909f56bfc062723c751e8b465ee728b)
Start importing Assets/Resources/res/x1/mainimage/star9.png using Guid(45c9d4588684eb64e9fd49bc4690e10d) Importer(815301076,1909f56bfc062723c751e8b465ee728b) (PreviewImporter) -> (artifact id: 'd29ea32d532556760fca7705cdb64a58') in 0.0162124 seconds
Number of updated asset objects reloaded before import = 0Number of asset objects unloaded after import = 2

========================================================================
Received Import Request.
  Time since last request: 0.000095 seconds.
  path: Assets/Resources/res/x1/mainimage/portal.png
  artifactKey: Guid(3fe4315401be2a04fae68f827eb4f8f2) Importer(815301076,1909f56bfc062723c751e8b465ee728b)
Start importing Assets/Resources/res/x1/mainimage/portal.png using Guid(3fe4315401be2a04fae68f827eb4f8f2) Importer(815301076,1909f56bfc062723c751e8b465ee728b) (PreviewImporter) -> (artifact id: '6731cb6f0642ee93939f4d0ac0d20778') in 0.019501 seconds
Number of updated asset objects reloaded before import = 0Number of asset objects unloaded after import = 3

========================================================================
Received Import Request.
  Time since last request: 0.569049 seconds.
  path: Assets/Resources/res/x1/mainimage/tm-xam.png
  artifactKey: Guid(b169216d3becac34fba89c8902b37620) Importer(815301076,1909f56bfc062723c751e8b465ee728b)
Start importing Assets/Resources/res/x1/mainimage/tm-xam.png using Guid(b169216d3becac34fba89c8902b37620) Importer(815301076,1909f56bfc062723c751e8b465ee728b) (PreviewImporter) -> (artifact id: '124c686ad23444af300a24c877eda281') in 0.0137648 seconds
Number of updated asset objects reloaded before import = 0Number of asset objects unloaded after import = 2

========================================================================
Received Import Request.
  Time since last request: 0.000018 seconds.
  path: Assets/Resources/res/x1/mainimage/wait.png
  artifactKey: Guid(d1a9db038b6eb98468f1a9678eb3eb9d) Importer(815301076,1909f56bfc062723c751e8b465ee728b)
Start importing Assets/Resources/res/x1/mainimage/wait.png using Guid(d1a9db038b6eb98468f1a9678eb3eb9d) Importer(815301076,1909f56bfc062723c751e8b465ee728b) (PreviewImporter) -> (artifact id: 'eb99cad3f8697f4d93e9e86dc4a24127') in 0.0165975 seconds
Number of updated asset objects reloaded before import = 0Number of asset objects unloaded after import = 3

========================================================================
Received Import Request.
  Time since last request: 2.431642 seconds.
  path: Assets/Resources/res/x1/img/Big2.png
  artifactKey: Guid(46e369fa7a8122849a32f951ad350528) Importer(815301076,1909f56bfc062723c751e8b465ee728b)
Start importing Assets/Resources/res/x1/img/Big2.png using Guid(46e369fa7a8122849a32f951ad350528) Importer(815301076,1909f56bfc062723c751e8b465ee728b) (PreviewImporter) -> (artifact id: '100af3c70b28acfd28ddddb7b65acb51') in 0.023467 seconds
Number of updated asset objects reloaded before import = 0Number of asset objects unloaded after import = 3

========================================================================
Received Import Request.
  Time since last request: 0.000042 seconds.
  path: Assets/Resources/res/x1/img/map2.png
  artifactKey: Guid(5401ef1136cdf8a4f8ce7b6176ec4ea3) Importer(815301076,1909f56bfc062723c751e8b465ee728b)
Start importing Assets/Resources/res/x1/img/map2.png using Guid(5401ef1136cdf8a4f8ce7b6176ec4ea3) Importer(815301076,1909f56bfc062723c751e8b465ee728b) (PreviewImporter) -> (artifact id: '5be2e16b7ca01708e25b22ea2f618d60') in 0.0278263 seconds
Number of updated asset objects reloaded before import = 0Number of asset objects unloaded after import = 3

Editor requested this worker to shutdown with reason: Scaling down because of idle timeout
AssetImportWorker is now disconnected from the server
Process exiting
Exiting without the bug reporter. Application will terminate with return code 0