Using pre-set license
Built from '6000.0/staging' branch; Version is '6000.0.47f1 (2ad1ed33fd3b) revision 2806253'; Using compiler version '193933523'; Build Type 'Release'
OS: 'Windows 11  (10.0.26100) 64bit CoreSingleLanguage' Language: 'en' Physical Memory: 7971 MB
BatchMode: 1, IsHumanControllingUs: 0, StartBugReporterOnCrash: 0, Is64bit: 1, IsPro: 1

COMMAND LINE ARGUMENTS:
C:\Program Files\Unity\Hub\Editor\6000.0.47f1\Editor\Unity.exe
-adb2
-batchMode
-noUpm
-name
AssetImportWorker2
-projectPath
D:/game/AzuraLand
-logFile
Logs/AssetImportWorker2.log
-srvPort
53009
-job-worker-count
5
-background-job-worker-count
8
-gc-helper-count
1
Successfully changed project path to: D:/game/AzuraLand
D:/game/AzuraLand
[UnityMemory] Configuration Parameters - Can be set up in boot.config
    "memorysetup-bucket-allocator-granularity=16"
    "memorysetup-bucket-allocator-bucket-count=8"
    "memorysetup-bucket-allocator-block-size=33554432"
    "memorysetup-bucket-allocator-block-count=8"
    "memorysetup-main-allocator-block-size=16777216"
    "memorysetup-thread-allocator-block-size=16777216"
    "memorysetup-gfx-main-allocator-block-size=16777216"
    "memorysetup-gfx-thread-allocator-block-size=16777216"
    "memorysetup-cache-allocator-block-size=4194304"
    "memorysetup-typetree-allocator-block-size=2097152"
    "memorysetup-profiler-bucket-allocator-granularity=16"
    "memorysetup-profiler-bucket-allocator-bucket-count=8"
    "memorysetup-profiler-bucket-allocator-block-size=33554432"
    "memorysetup-profiler-bucket-allocator-block-count=8"
    "memorysetup-profiler-allocator-block-size=16777216"
    "memorysetup-profiler-editor-allocator-block-size=1048576"
    "memorysetup-temp-allocator-size-main=16777216"
    "memorysetup-job-temp-allocator-block-size=2097152"
    "memorysetup-job-temp-allocator-block-size-background=1048576"
    "memorysetup-job-temp-allocator-reduction-small-platforms=262144"
    "memorysetup-allocator-temp-initial-block-size-main=262144"
    "memorysetup-allocator-temp-initial-block-size-worker=262144"
    "memorysetup-temp-allocator-size-background-worker=32768"
    "memorysetup-temp-allocator-size-job-worker=262144"
    "memorysetup-temp-allocator-size-preload-manager=33554432"
    "memorysetup-temp-allocator-size-nav-mesh-worker=65536"
    "memorysetup-temp-allocator-size-audio-worker=65536"
    "memorysetup-temp-allocator-size-cloud-worker=32768"
    "memorysetup-temp-allocator-size-gi-baking-worker=262144"
    "memorysetup-temp-allocator-size-gi-baking-worker=262144"
    "memorysetup-temp-allocator-size-gi-baking-worker=262144"
    "memorysetup-temp-allocator-size-gi-baking-worker=262144"
    "memorysetup-temp-allocator-size-gi-baking-worker=262144"
    "memorysetup-temp-allocator-size-gfx=262144"
Player connection [20676]  Target information:

Player connection [20676]  * "[IP] 192.168.112.1 [Port] 0 [Flags] 2 [Guid] 2904940455 [EditorId] 2904940455 [Version] 1048832 [Id] WindowsEditor(7,Hungneeee) [Debug] 1 [PackageName] WindowsEditor [ProjectName] Editor" 

Player connection [20676]  * "[IP] 192.168.146.1 [Port] 0 [Flags] 2 [Guid] 2904940455 [EditorId] 2904940455 [Version] 1048832 [Id] WindowsEditor(7,Hungneeee) [Debug] 1 [PackageName] WindowsEditor [ProjectName] Editor" 

Player connection [20676]  * "[IP] 192.168.1.18 [Port] 0 [Flags] 2 [Guid] 2904940455 [EditorId] 2904940455 [Version] 1048832 [Id] WindowsEditor(7,Hungneeee) [Debug] 1 [PackageName] WindowsEditor [ProjectName] Editor" 

Player connection [20676] Host joined multi-casting on [225.0.0.222:54997]...
Player connection [20676] Host joined alternative multi-casting on [225.0.0.222:34997]...
JobSystem: Creating JobQueue using job-worker-count value 5
Input System module state changed to: Initialized.
[Physics::Module] Initialized fallback backend.
[Physics::Module] Id: 0xdecafbad
Library Redirect Path: Library/
[Physics::Module] Selected backend.
[Physics::Module] Name: PhysX
[Physics::Module] Id: 0xf2b8ea05
[Physics::Module] SDK Version: 4.1.2
[Physics::Module] Integration Version: 1.0.0
[Physics::Module] Threading Mode: Multi-Threaded
Refreshing native plugins compatible for Editor in 2.90 ms, found 1 plugins.
Preloading 0 native plugins for Editor in 0.00 ms.
Initialize engine version: 6000.0.47f1 (2ad1ed33fd3b)
[Subsystems] Discovering subsystems at path C:/Program Files/Unity/Hub/Editor/6000.0.47f1/Editor/Data/Resources/UnitySubsystems
[Subsystems] Discovering subsystems at path D:/game/AzuraLand/Assets
GfxDevice: creating device client; kGfxThreadingModeNonThreaded
Direct3D:
    Version:  Direct3D 11.0 [level 11.1]
    Renderer: NVIDIA GeForce GTX 1650 (ID=0x1f9d)
    Vendor:   NVIDIA
    VRAM:     3962 MB
    Driver:   30.0.15.1274
Initialize mono
Mono path[0] = 'C:/Program Files/Unity/Hub/Editor/6000.0.47f1/Editor/Data/Managed'
Mono path[1] = 'C:/Program Files/Unity/Hub/Editor/6000.0.47f1/Editor/Data/MonoBleedingEdge/lib/mono/unityjit-win32'
Mono config path = 'C:/Program Files/Unity/Hub/Editor/6000.0.47f1/Editor/Data/MonoBleedingEdge/etc'
Using monoOptions --debugger-agent=transport=dt_socket,embedding=1,server=y,suspend=n,address=127.0.0.1:56796
Begin MonoManager ReloadAssembly
Registering precompiled unity dll's ...
Register platform support module: C:/Program Files/Unity/Hub/Editor/6000.0.47f1/Editor/Data/PlaybackEngines/WebGLSupport/UnityEditor.WebGL.Extensions.dll
Register platform support module: C:/Program Files/Unity/Hub/Editor/6000.0.47f1/Editor/Data/PlaybackEngines/WindowsStandaloneSupport/UnityEditor.WindowsStandalone.Extensions.dll
Registered in 0.005241 seconds.
- Loaded All Assemblies, in  0.393 seconds
Native extension for WindowsStandalone target not found
Native extension for WebGL target not found
Mono: successfully reloaded assembly
- Finished resetting the current domain, in  0.273 seconds
Domain Reload Profiling: 664ms
	BeginReloadAssembly (157ms)
		ExecutionOrderSort (0ms)
		DisableScriptedObjects (0ms)
		BackupInstance (0ms)
		ReleaseScriptingObjects (0ms)
		CreateAndSetChildDomain (1ms)
	RebuildCommonClasses (33ms)
	RebuildNativeTypeToScriptingClass (11ms)
	initialDomainReloadingComplete (47ms)
	LoadAllAssembliesAndSetupDomain (143ms)
		LoadAssemblies (155ms)
		RebuildTransferFunctionScriptingTraits (0ms)
		AnalyzeDomain (140ms)
			TypeCache.Refresh (138ms)
				TypeCache.ScanAssembly (126ms)
			BuildScriptInfoCaches (0ms)
			ResolveRequiredComponents (0ms)
	FinalizeReload (273ms)
		ReleaseScriptCaches (0ms)
		RebuildScriptCaches (0ms)
		SetupLoadedEditorAssemblies (240ms)
			LogAssemblyErrors (0ms)
			InitializePlatformSupportModulesInManaged (23ms)
			SetLoadedEditorAssemblies (4ms)
			BeforeProcessingInitializeOnLoad (44ms)
			ProcessInitializeOnLoadAttributes (124ms)
			ProcessInitializeOnLoadMethodAttributes (45ms)
			AfterProcessingInitializeOnLoad (0ms)
			EditorAssembliesLoaded (0ms)
		ExecutionOrderSort2 (0ms)
		AwakeInstancesAfterBackupRestoration (0ms)
========================================================================
Worker process is ready to serve import requests
Import Worker Mode flag is 0x00
Begin MonoManager ReloadAssembly
Symbol file LoadedFromMemory is not a mono symbol file
- Loaded All Assemblies, in  0.550 seconds
Refreshing native plugins compatible for Editor in 0.74 ms, found 1 plugins.
Native extension for WindowsStandalone target not found
Native extension for WebGL target not found
Mono: successfully reloaded assembly
- Finished resetting the current domain, in  0.379 seconds
Domain Reload Profiling: 928ms
	BeginReloadAssembly (152ms)
		ExecutionOrderSort (0ms)
		DisableScriptedObjects (5ms)
		BackupInstance (0ms)
		ReleaseScriptingObjects (0ms)
		CreateAndSetChildDomain (29ms)
	RebuildCommonClasses (32ms)
	RebuildNativeTypeToScriptingClass (11ms)
	initialDomainReloadingComplete (24ms)
	LoadAllAssembliesAndSetupDomain (329ms)
		LoadAssemblies (302ms)
		RebuildTransferFunctionScriptingTraits (0ms)
		AnalyzeDomain (114ms)
			TypeCache.Refresh (93ms)
				TypeCache.ScanAssembly (80ms)
			BuildScriptInfoCaches (18ms)
			ResolveRequiredComponents (1ms)
	FinalizeReload (380ms)
		ReleaseScriptCaches (0ms)
		RebuildScriptCaches (0ms)
		SetupLoadedEditorAssemblies (296ms)
			LogAssemblyErrors (0ms)
			InitializePlatformSupportModulesInManaged (2ms)
			SetLoadedEditorAssemblies (4ms)
			BeforeProcessingInitializeOnLoad (69ms)
			ProcessInitializeOnLoadAttributes (177ms)
			ProcessInitializeOnLoadMethodAttributes (38ms)
			AfterProcessingInitializeOnLoad (5ms)
			EditorAssembliesLoaded (0ms)
		ExecutionOrderSort2 (0ms)
		AwakeInstancesAfterBackupRestoration (6ms)
Launched and connected shader compiler UnityShaderCompiler.exe after 0.02 seconds
Refreshing native plugins compatible for Editor in 0.84 ms, found 1 plugins.
Preloading 0 native plugins for Editor in 0.00 ms.
Unloading 12 Unused Serialized files (Serialized files now loaded: 0)
Unloading 2430 unused Assets / (0.7 MB). Loaded Objects now: 2923.
Memory consumption went from 76.0 MB to 75.3 MB.
Total: 5.698700 ms (FindLiveObjects: 0.512000 ms CreateObjectMapping: 0.114800 ms MarkObjects: 4.473900 ms  DeleteObjects: 0.595800 ms)

========================================================================
Received Import Request.
  Time since last request: 909376.973097 seconds.
  path: Assets/Resources/Controller/Xbox/A_dark.png
  artifactKey: Guid(0fe9fa7af4cbe534b985065da47ab781) Importer(815301076,1909f56bfc062723c751e8b465ee728b)
Start importing Assets/Resources/Controller/Xbox/A_dark.png using Guid(0fe9fa7af4cbe534b985065da47ab781) Importer(815301076,1909f56bfc062723c751e8b465ee728b) (PreviewImporter) -> (artifact id: '3e5887d3d44ff7f25bac7e0c81ed7e07') in 0.0796335 seconds
Number of updated asset objects reloaded before import = 0Number of asset objects unloaded after import = 2

========================================================================
Received Import Request.
  Time since last request: 0.000036 seconds.
  path: Assets/Resources/Controller/Xbox/L_light.png
  artifactKey: Guid(2f6a422e6ad13a240bac34ee19f5d38b) Importer(815301076,1909f56bfc062723c751e8b465ee728b)
Start importing Assets/Resources/Controller/Xbox/L_light.png using Guid(2f6a422e6ad13a240bac34ee19f5d38b) Importer(815301076,1909f56bfc062723c751e8b465ee728b) (PreviewImporter) -> (artifact id: 'ae3b4069e63054815c1ec8d5d0abd123') in 0.0173881 seconds
Number of updated asset objects reloaded before import = 0Number of asset objects unloaded after import = 2

========================================================================
Received Import Request.
  Time since last request: 0.000030 seconds.
  path: Assets/Resources/Controller/Xbox/View_dark.png
  artifactKey: Guid(e277575e469688049b27f4861774df71) Importer(815301076,1909f56bfc062723c751e8b465ee728b)
Start importing Assets/Resources/Controller/Xbox/View_dark.png using Guid(e277575e469688049b27f4861774df71) Importer(815301076,1909f56bfc062723c751e8b465ee728b) (PreviewImporter) -> (artifact id: '27c7a94537ec9a0d3968a99b0b613dd8') in 0.0192663 seconds
Number of updated asset objects reloaded before import = 0Number of asset objects unloaded after import = 2

========================================================================
Received Import Request.
  Time since last request: 0.000398 seconds.
  path: Assets/Resources/Controller/Xbox/Menu_dark.png
  artifactKey: Guid(6723554b187e8e54a801bd93afca6ca1) Importer(815301076,1909f56bfc062723c751e8b465ee728b)
Start importing Assets/Resources/Controller/Xbox/Menu_dark.png using Guid(6723554b187e8e54a801bd93afca6ca1) Importer(815301076,1909f56bfc062723c751e8b465ee728b) (PreviewImporter) -> (artifact id: '0b999ceea35f75861064fa45eab80cd1') in 0.017081 seconds
Number of updated asset objects reloaded before import = 0Number of asset objects unloaded after import = 2

========================================================================
Received Import Request.
  Time since last request: 0.000025 seconds.
  path: Assets/Resources/Controller/Xbox/L_dark.png
  artifactKey: Guid(7a6795eb3d848a1419393bce3980d341) Importer(815301076,1909f56bfc062723c751e8b465ee728b)
Start importing Assets/Resources/Controller/Xbox/L_dark.png using Guid(7a6795eb3d848a1419393bce3980d341) Importer(815301076,1909f56bfc062723c751e8b465ee728b) (PreviewImporter) -> (artifact id: 'cf3780d540dbd41cd1c7ab73777a95ac') in 0.020178 seconds
Number of updated asset objects reloaded before import = 0Number of asset objects unloaded after import = 2

========================================================================
Received Import Request.
  Time since last request: 0.000404 seconds.
  path: Assets/Resources/Controller/Xbox/RB_dark.png
  artifactKey: Guid(207d21dba731ff84096442fa3dbca536) Importer(815301076,1909f56bfc062723c751e8b465ee728b)
Start importing Assets/Resources/Controller/Xbox/RB_dark.png using Guid(207d21dba731ff84096442fa3dbca536) Importer(815301076,1909f56bfc062723c751e8b465ee728b) (PreviewImporter) -> (artifact id: 'bb74743b9a736459aea3e964373146c4') in 0.0195233 seconds
Number of updated asset objects reloaded before import = 0Number of asset objects unloaded after import = 2

========================================================================
Received Import Request.
  Time since last request: 2.047357 seconds.
  path: Assets/Resources/fontsys/x2/barmeneb.ttf
  artifactKey: Guid(930ce83f56849d949acf8de67da77500) Importer(815301076,1909f56bfc062723c751e8b465ee728b)
Start importing Assets/Resources/fontsys/x2/barmeneb.ttf using Guid(930ce83f56849d949acf8de67da77500) Importer(815301076,1909f56bfc062723c751e8b465ee728b) (PreviewImporter) -> (artifact id: '361c06a267f13fbb8d9fdb9cc956bf0d') in 0.0805975 seconds
Number of updated asset objects reloaded before import = 0Number of asset objects unloaded after import = 4

========================================================================
Received Import Request.
  Time since last request: 0.451277 seconds.
  path: Assets/Resources/fontsys/x3/barmeneb.ttf
  artifactKey: Guid(d521703f946be884a90c58c18e909fee) Importer(815301076,1909f56bfc062723c751e8b465ee728b)
Start importing Assets/Resources/fontsys/x3/barmeneb.ttf using Guid(d521703f946be884a90c58c18e909fee) Importer(815301076,1909f56bfc062723c751e8b465ee728b) (PreviewImporter) -> (artifact id: '8ea1cb189fb6421ce1590f212f50fe10') in 0.0126122 seconds
Number of updated asset objects reloaded before import = 0Number of asset objects unloaded after import = 4

========================================================================
Received Import Request.
  Time since last request: 0.871110 seconds.
  path: Assets/Resources/fontsys/x4/barmeneb.ttf
  artifactKey: Guid(0a7c2c1ac8fb72348a20fc31f86ac299) Importer(815301076,1909f56bfc062723c751e8b465ee728b)
Start importing Assets/Resources/fontsys/x4/barmeneb.ttf using Guid(0a7c2c1ac8fb72348a20fc31f86ac299) Importer(815301076,1909f56bfc062723c751e8b465ee728b) (PreviewImporter) -> (artifact id: '4aa10cf63bdaec11ffb91515346549c0') in 0.0112163 seconds
Number of updated asset objects reloaded before import = 0Number of asset objects unloaded after import = 4

========================================================================
Received Import Request.
  Time since last request: 2.818836 seconds.
  path: Assets/Resources/InGameAccountManager/img/add.png
  artifactKey: Guid(d8d0240d99d31d243a82cfc2135dc0a3) Importer(815301076,1909f56bfc062723c751e8b465ee728b)
Start importing Assets/Resources/InGameAccountManager/img/add.png using Guid(d8d0240d99d31d243a82cfc2135dc0a3) Importer(815301076,1909f56bfc062723c751e8b465ee728b) (PreviewImporter) -> (artifact id: 'ef39a9f57026dbb8628b2c8a20642d39') in 0.0177763 seconds
Number of updated asset objects reloaded before import = 0Number of asset objects unloaded after import = 2

========================================================================
Received Import Request.
  Time since last request: 0.000036 seconds.
  path: Assets/Resources/InGameAccountManager/img/up.png
  artifactKey: Guid(fb4fee45a77b1cc4a984a579213ae361) Importer(815301076,1909f56bfc062723c751e8b465ee728b)
Start importing Assets/Resources/InGameAccountManager/img/up.png using Guid(fb4fee45a77b1cc4a984a579213ae361) Importer(815301076,1909f56bfc062723c751e8b465ee728b) (PreviewImporter) -> (artifact id: 'bdb234dd49a58084a11123fc7daddc52') in 0.0205627 seconds
Number of updated asset objects reloaded before import = 0Number of asset objects unloaded after import = 2

========================================================================
Received Import Request.
  Time since last request: 0.000043 seconds.
  path: Assets/Resources/InGameAccountManager/img/show.png
  artifactKey: Guid(28d557a02ec1a2b4eb0958ef940d9e79) Importer(815301076,1909f56bfc062723c751e8b465ee728b)
Start importing Assets/Resources/InGameAccountManager/img/show.png using Guid(28d557a02ec1a2b4eb0958ef940d9e79) Importer(815301076,1909f56bfc062723c751e8b465ee728b) (PreviewImporter) -> (artifact id: 'a80f53df08764038623069bfc4f8bbd1') in 0.0169519 seconds
Number of updated asset objects reloaded before import = 0Number of asset objects unloaded after import = 2

========================================================================
Received Import Request.
  Time since last request: 0.000022 seconds.
  path: Assets/Resources/InGameAccountManager/img/earthOverlay.png
  artifactKey: Guid(278bc046c44418644addef67663af176) Importer(815301076,1909f56bfc062723c751e8b465ee728b)
Start importing Assets/Resources/InGameAccountManager/img/earthOverlay.png using Guid(278bc046c44418644addef67663af176) Importer(815301076,1909f56bfc062723c751e8b465ee728b) (PreviewImporter) -> (artifact id: 'ec3a51558bd542f8f7b5b528414f31c2') in 0.0210084 seconds
Number of updated asset objects reloaded before import = 0Number of asset objects unloaded after import = 2

========================================================================
Received Import Request.
  Time since last request: 10.733064 seconds.
  path: Assets/Resources/res/music/0.wav
  artifactKey: Guid(7863e6438d0dbf341a7ff6dbab949a64) Importer(815301076,1909f56bfc062723c751e8b465ee728b)
Start importing Assets/Resources/res/music/0.wav using Guid(7863e6438d0dbf341a7ff6dbab949a64) Importer(815301076,1909f56bfc062723c751e8b465ee728b) (PreviewImporter) -> (artifact id: '4f7f261e0f4ce6d920f878ba3fad79cd') in 0.060824 seconds
Number of updated asset objects reloaded before import = 0Number of asset objects unloaded after import = 2

========================================================================
Received Import Request.
  Time since last request: 4.876143 seconds.
  path: Assets/Resources/res/x1/gamelogo.png
  artifactKey: Guid(3c42dbae432769943b709aea5020e176) Importer(815301076,1909f56bfc062723c751e8b465ee728b)
Start importing Assets/Resources/res/x1/gamelogo.png using Guid(3c42dbae432769943b709aea5020e176) Importer(815301076,1909f56bfc062723c751e8b465ee728b) (PreviewImporter) -> (artifact id: '2e133302504fc86b36375ca7eef9c770') in 0.034348 seconds
Number of updated asset objects reloaded before import = 0Number of asset objects unloaded after import = 3

========================================================================
Received Import Request.
  Time since last request: 3.268841 seconds.
  path: Assets/Resources/res/x1/bg/131.png
  artifactKey: Guid(ac652740018138148ab5972e3bf57ddc) Importer(815301076,1909f56bfc062723c751e8b465ee728b)
Start importing Assets/Resources/res/x1/bg/131.png using Guid(ac652740018138148ab5972e3bf57ddc) Importer(815301076,1909f56bfc062723c751e8b465ee728b) (PreviewImporter) -> (artifact id: '9f9ccb6a21fc92a9e15ea4d5c1aabbcb') in 0.0336754 seconds
Number of updated asset objects reloaded before import = 0Number of asset objects unloaded after import = 3

========================================================================
Received Import Request.
  Time since last request: 0.000019 seconds.
  path: Assets/Resources/res/x1/bg/b13.png
  artifactKey: Guid(1620ae875127d5d48a42b2b3722b2b91) Importer(815301076,1909f56bfc062723c751e8b465ee728b)
Start importing Assets/Resources/res/x1/bg/b13.png using Guid(1620ae875127d5d48a42b2b3722b2b91) Importer(815301076,1909f56bfc062723c751e8b465ee728b) (PreviewImporter) -> (artifact id: '67f65f6d6c43baa7dc3a4c81f6d2e309') in 0.0189891 seconds
Number of updated asset objects reloaded before import = 0Number of asset objects unloaded after import = 3

========================================================================
Received Import Request.
  Time since last request: 0.000023 seconds.
  path: Assets/Resources/res/x1/bg/b42.png
  artifactKey: Guid(633d670fe9d58474dbcf0821c50e5e8c) Importer(815301076,1909f56bfc062723c751e8b465ee728b)
Start importing Assets/Resources/res/x1/bg/b42.png using Guid(633d670fe9d58474dbcf0821c50e5e8c) Importer(815301076,1909f56bfc062723c751e8b465ee728b) (PreviewImporter) -> (artifact id: '1c289bcc3324c91680cef69e2767aa03') in 0.019991 seconds
Number of updated asset objects reloaded before import = 0Number of asset objects unloaded after import = 3

========================================================================
Received Import Request.
  Time since last request: 0.000132 seconds.
  path: Assets/Resources/res/x1/bg/b71.png
  artifactKey: Guid(bb83d3f1c7bcb7b42af5be64fb7b58fc) Importer(815301076,1909f56bfc062723c751e8b465ee728b)
Start importing Assets/Resources/res/x1/bg/b71.png using Guid(bb83d3f1c7bcb7b42af5be64fb7b58fc) Importer(815301076,1909f56bfc062723c751e8b465ee728b) (PreviewImporter) -> (artifact id: '2431e045de8404cfeebf59b8a77c3319') in 0.0204055 seconds
Number of updated asset objects reloaded before import = 0Number of asset objects unloaded after import = 3

========================================================================
Received Import Request.
  Time since last request: 0.000023 seconds.
  path: Assets/Resources/res/x1/bg/b53.png
  artifactKey: Guid(1cfd5959a9564a74fa70e3999ffd5644) Importer(815301076,1909f56bfc062723c751e8b465ee728b)
Start importing Assets/Resources/res/x1/bg/b53.png using Guid(1cfd5959a9564a74fa70e3999ffd5644) Importer(815301076,1909f56bfc062723c751e8b465ee728b) (PreviewImporter) -> (artifact id: 'd7b7058d0bdb7cc21d0ad076478f1ba1') in 0.0200618 seconds
Number of updated asset objects reloaded before import = 0Number of asset objects unloaded after import = 3

========================================================================
Received Import Request.
  Time since last request: 0.000018 seconds.
  path: Assets/Resources/res/x1/bg/b41.png
  artifactKey: Guid(65bd2f86415fcd344a33a27e52c473e9) Importer(815301076,1909f56bfc062723c751e8b465ee728b)
Start importing Assets/Resources/res/x1/bg/b41.png using Guid(65bd2f86415fcd344a33a27e52c473e9) Importer(815301076,1909f56bfc062723c751e8b465ee728b) (PreviewImporter) -> (artifact id: '6a8a23f91004b3e151a944e05304cd58') in 0.0229613 seconds
Number of updated asset objects reloaded before import = 0Number of asset objects unloaded after import = 3

========================================================================
Received Import Request.
  Time since last request: 0.000025 seconds.
  path: Assets/Resources/res/x1/bg/b21.png
  artifactKey: Guid(7b9114082187dcc4abc6ac7d6e51aa00) Importer(815301076,1909f56bfc062723c751e8b465ee728b)
Start importing Assets/Resources/res/x1/bg/b21.png using Guid(7b9114082187dcc4abc6ac7d6e51aa00) Importer(815301076,1909f56bfc062723c751e8b465ee728b) (PreviewImporter) -> (artifact id: 'ff4016aea98249bcba449373979d29a7') in 0.0222863 seconds
Number of updated asset objects reloaded before import = 0Number of asset objects unloaded after import = 3

========================================================================
Received Import Request.
  Time since last request: 0.000019 seconds.
  path: Assets/Resources/res/x1/bg/b10.png
  artifactKey: Guid(ef3671405359bda4c821742d91bd5a4e) Importer(815301076,1909f56bfc062723c751e8b465ee728b)
Start importing Assets/Resources/res/x1/bg/b10.png using Guid(ef3671405359bda4c821742d91bd5a4e) Importer(815301076,1909f56bfc062723c751e8b465ee728b) (PreviewImporter) -> (artifact id: 'd7d0dd8a9e71fc3f0ae1aac5bd32014d') in 0.0217201 seconds
Number of updated asset objects reloaded before import = 0Number of asset objects unloaded after import = 3

========================================================================
Received Import Request.
  Time since last request: 0.000022 seconds.
  path: Assets/Resources/res/x1/bg/b82.png
  artifactKey: Guid(cb9171646bf9fa043ac410bb6f45dd4e) Importer(815301076,1909f56bfc062723c751e8b465ee728b)
Start importing Assets/Resources/res/x1/bg/b82.png using Guid(cb9171646bf9fa043ac410bb6f45dd4e) Importer(815301076,1909f56bfc062723c751e8b465ee728b) (PreviewImporter) -> (artifact id: 'e20c6e0bca4fb9d7865a8c528bbfe932') in 0.0221509 seconds
Number of updated asset objects reloaded before import = 0Number of asset objects unloaded after import = 3

========================================================================
Received Import Request.
  Time since last request: 0.000019 seconds.
  path: Assets/Resources/res/x1/bg/b60.png
  artifactKey: Guid(3e3e34fd6b2e4bd4aadf39e18d8ac5af) Importer(815301076,1909f56bfc062723c751e8b465ee728b)
Start importing Assets/Resources/res/x1/bg/b60.png using Guid(3e3e34fd6b2e4bd4aadf39e18d8ac5af) Importer(815301076,1909f56bfc062723c751e8b465ee728b) (PreviewImporter) -> (artifact id: '422a033921f3b94c6ed866d17a8ea495') in 0.0220812 seconds
Number of updated asset objects reloaded before import = 0Number of asset objects unloaded after import = 3

========================================================================
Received Import Request.
  Time since last request: 0.000029 seconds.
  path: Assets/Resources/res/x1/bg/b11.png
  artifactKey: Guid(6e05e38501cd450498abbd4648706f19) Importer(815301076,1909f56bfc062723c751e8b465ee728b)
Start importing Assets/Resources/res/x1/bg/b11.png using Guid(6e05e38501cd450498abbd4648706f19) Importer(815301076,1909f56bfc062723c751e8b465ee728b) (PreviewImporter) -> (artifact id: 'ffc262c31251b0b97d0b16f50fdbda37') in 0.0214061 seconds
Number of updated asset objects reloaded before import = 0Number of asset objects unloaded after import = 3

========================================================================
Received Import Request.
  Time since last request: 0.000020 seconds.
  path: Assets/Resources/res/x1/bg/b73.png
  artifactKey: Guid(d4616f877877db24f9ab55b4c57a563d) Importer(815301076,1909f56bfc062723c751e8b465ee728b)
Start importing Assets/Resources/res/x1/bg/b73.png using Guid(d4616f877877db24f9ab55b4c57a563d) Importer(815301076,1909f56bfc062723c751e8b465ee728b) (PreviewImporter) -> (artifact id: 'acb743c536ca32b335650ac2f7dee313') in 0.0215929 seconds
Number of updated asset objects reloaded before import = 0Number of asset objects unloaded after import = 3

========================================================================
Received Import Request.
  Time since last request: 0.000066 seconds.
  path: Assets/Resources/res/x1/bg/b40.png
  artifactKey: Guid(0b93c76ea32d55b4b9bb307cb12a8b0f) Importer(815301076,1909f56bfc062723c751e8b465ee728b)
Start importing Assets/Resources/res/x1/bg/b40.png using Guid(0b93c76ea32d55b4b9bb307cb12a8b0f) Importer(815301076,1909f56bfc062723c751e8b465ee728b) (PreviewImporter) -> (artifact id: '6b45e40947cf6581d3ea2013fd3a3ceb') in 0.0207981 seconds
Number of updated asset objects reloaded before import = 0Number of asset objects unloaded after import = 3

========================================================================
Received Import Request.
  Time since last request: 0.000153 seconds.
  path: Assets/Resources/res/x1/bg/b31.png
  artifactKey: Guid(793a13fe64fbc8e498c201e8106102f7) Importer(815301076,1909f56bfc062723c751e8b465ee728b)
Start importing Assets/Resources/res/x1/bg/b31.png using Guid(793a13fe64fbc8e498c201e8106102f7) Importer(815301076,1909f56bfc062723c751e8b465ee728b) (PreviewImporter) -> (artifact id: '2f81075d457280d7547a0e549d968818') in 0.0198318 seconds
Number of updated asset objects reloaded before import = 0Number of asset objects unloaded after import = 3

========================================================================
Received Import Request.
  Time since last request: 0.985940 seconds.
  path: Assets/Resources/res/x1/bg/b92.png
  artifactKey: Guid(151b6e913db41da45926f36ff43a1883) Importer(815301076,1909f56bfc062723c751e8b465ee728b)
Start importing Assets/Resources/res/x1/bg/b92.png using Guid(151b6e913db41da45926f36ff43a1883) Importer(815301076,1909f56bfc062723c751e8b465ee728b) (PreviewImporter) -> (artifact id: 'babe9c5c81b5485c80ed3fbaa72b8851') in 0.0201667 seconds
Number of updated asset objects reloaded before import = 0Number of asset objects unloaded after import = 3

========================================================================
Received Import Request.
  Time since last request: 0.000026 seconds.
  path: Assets/Resources/res/x1/bg/b101.png
  artifactKey: Guid(b069a36d0f84a04429bc94d40d951c18) Importer(815301076,1909f56bfc062723c751e8b465ee728b)
Start importing Assets/Resources/res/x1/bg/b101.png using Guid(b069a36d0f84a04429bc94d40d951c18) Importer(815301076,1909f56bfc062723c751e8b465ee728b) (PreviewImporter) -> (artifact id: 'bae413eb54f9bb09945a1fffb9e5c5a5') in 0.0219708 seconds
Number of updated asset objects reloaded before import = 0Number of asset objects unloaded after import = 3

========================================================================
Received Import Request.
  Time since last request: 0.000023 seconds.
  path: Assets/Resources/res/x1/bg/b112-1.png
  artifactKey: Guid(cd1d8ae498f2be94fae5234b473f4587) Importer(815301076,1909f56bfc062723c751e8b465ee728b)
Start importing Assets/Resources/res/x1/bg/b112-1.png using Guid(cd1d8ae498f2be94fae5234b473f4587) Importer(815301076,1909f56bfc062723c751e8b465ee728b) (PreviewImporter) -> (artifact id: 'e7b69435f77bc31638fe0322d8cc5481') in 0.0199551 seconds
Number of updated asset objects reloaded before import = 0Number of asset objects unloaded after import = 3

========================================================================
Received Import Request.
  Time since last request: 0.000019 seconds.
  path: Assets/Resources/res/x1/bg/b110.png
  artifactKey: Guid(15126b28ca4f0c643991583a74fe48cd) Importer(815301076,1909f56bfc062723c751e8b465ee728b)
Start importing Assets/Resources/res/x1/bg/b110.png using Guid(15126b28ca4f0c643991583a74fe48cd) Importer(815301076,1909f56bfc062723c751e8b465ee728b) (PreviewImporter) -> (artifact id: 'b44c8f8dc593eec7c73092f86ae18685') in 0.0226892 seconds
Number of updated asset objects reloaded before import = 0Number of asset objects unloaded after import = 3

========================================================================
Received Import Request.
  Time since last request: 8.194888 seconds.
  path: Assets/Resources/res/x2/gamelogo.png
  artifactKey: Guid(547ad33aa3ee7074ab2172af7f5d0a93) Importer(815301076,1909f56bfc062723c751e8b465ee728b)
Start importing Assets/Resources/res/x2/gamelogo.png using Guid(547ad33aa3ee7074ab2172af7f5d0a93) Importer(815301076,1909f56bfc062723c751e8b465ee728b) (PreviewImporter) -> (artifact id: '0ab25df4282237fde7165cd3ec1ce9df') in 0.0241472 seconds
Number of updated asset objects reloaded before import = 0Number of asset objects unloaded after import = 3

========================================================================
Received Import Request.
  Time since last request: 4.648335 seconds.
  path: Assets/Resources/res/x2/effectdata
  artifactKey: Guid(9d33ca5d423b2044293494fa1f4965f8) Importer(815301076,1909f56bfc062723c751e8b465ee728b)
Start importing Assets/Resources/res/x2/effectdata using Guid(9d33ca5d423b2044293494fa1f4965f8) Importer(815301076,1909f56bfc062723c751e8b465ee728b) (PreviewImporter) -> (artifact id: 'c25180b3ce5555a752e20dc5f475f1e4') in 0.0007441 seconds
Number of updated asset objects reloaded before import = 0Number of asset objects unloaded after import = 0

========================================================================
Received Import Request.
  Time since last request: 0.958718 seconds.
  path: Assets/Resources/res/x2/effectdata/17
  artifactKey: Guid(e2fbc34211930f441b2e53389c88ed1b) Importer(815301076,1909f56bfc062723c751e8b465ee728b)
Start importing Assets/Resources/res/x2/effectdata/17 using Guid(e2fbc34211930f441b2e53389c88ed1b) Importer(815301076,1909f56bfc062723c751e8b465ee728b) (PreviewImporter) -> (artifact id: 'f8f6f56934af0dbf5cf0209f40830bac') in 0.0006065 seconds
Number of updated asset objects reloaded before import = 0Number of asset objects unloaded after import = 0

========================================================================
Received Import Request.
  Time since last request: 0.061585 seconds.
  path: Assets/Resources/res/x2/effectdata/17/img.png
  artifactKey: Guid(370a8b2f15bb34c4899f78ada34d5bbe) Importer(815301076,1909f56bfc062723c751e8b465ee728b)
Start importing Assets/Resources/res/x2/effectdata/17/img.png using Guid(370a8b2f15bb34c4899f78ada34d5bbe) Importer(815301076,1909f56bfc062723c751e8b465ee728b) (PreviewImporter) -> (artifact id: '52b4db2ed097e29bd3931c947c39bc6f') in 0.023876 seconds
Number of updated asset objects reloaded before import = 0Number of asset objects unloaded after import = 3

========================================================================
Received Import Request.
  Time since last request: 7.143401 seconds.
  path: Assets/Resources/res/x2/effectdata/18/img.png
  artifactKey: Guid(3d6aaabd0b5e45f41aba39acd0683550) Importer(815301076,1909f56bfc062723c751e8b465ee728b)
Start importing Assets/Resources/res/x2/effectdata/18/img.png using Guid(3d6aaabd0b5e45f41aba39acd0683550) Importer(815301076,1909f56bfc062723c751e8b465ee728b) (PreviewImporter) -> (artifact id: '81445578bec0114bb73ee2056b750378') in 0.0181627 seconds
Number of updated asset objects reloaded before import = 0Number of asset objects unloaded after import = 3

========================================================================
Received Import Request.
  Time since last request: 2.327910 seconds.
  path: Assets/Resources/res/x2/effectdata/19/img.png
  artifactKey: Guid(90d6426e74686f8439c6d7d7ad11ac59) Importer(815301076,1909f56bfc062723c751e8b465ee728b)
Start importing Assets/Resources/res/x2/effectdata/19/img.png using Guid(90d6426e74686f8439c6d7d7ad11ac59) Importer(815301076,1909f56bfc062723c751e8b465ee728b) (PreviewImporter) -> (artifact id: 'cac14d340f6047f7b7b73d36ecfe8ed8') in 0.0246327 seconds
Number of updated asset objects reloaded before import = 0Number of asset objects unloaded after import = 3

========================================================================
Received Import Request.
  Time since last request: 0.707263 seconds.
  path: Assets/Resources/res/x2/effectdata/20/img.png
  artifactKey: Guid(8934d92013e97d744a24c8c8a415c25e) Importer(815301076,1909f56bfc062723c751e8b465ee728b)
Start importing Assets/Resources/res/x2/effectdata/20/img.png using Guid(8934d92013e97d744a24c8c8a415c25e) Importer(815301076,1909f56bfc062723c751e8b465ee728b) (PreviewImporter) -> (artifact id: '97b706f9a6c600d27680e56fd1a3d007') in 0.023594 seconds
Number of updated asset objects reloaded before import = 0Number of asset objects unloaded after import = 3

========================================================================
Received Import Request.
  Time since last request: 5.140641 seconds.
  path: Assets/Resources/res/x2/effectdata/22/img.png
  artifactKey: Guid(13153268f7a06b54698a4d7e26cda282) Importer(815301076,1909f56bfc062723c751e8b465ee728b)
Start importing Assets/Resources/res/x2/effectdata/22/img.png using Guid(13153268f7a06b54698a4d7e26cda282) Importer(815301076,1909f56bfc062723c751e8b465ee728b) (PreviewImporter) -> (artifact id: '5bca5b03c08960991b793c7dcd499591') in 0.0257962 seconds
Number of updated asset objects reloaded before import = 0Number of asset objects unloaded after import = 3

========================================================================
Received Import Request.
  Time since last request: 3.950441 seconds.
  path: Assets/Resources/res/x2/effectdata/23/img.png
  artifactKey: Guid(0decf79125454b04f8cc6df7cbb3d038) Importer(815301076,1909f56bfc062723c751e8b465ee728b)
Start importing Assets/Resources/res/x2/effectdata/23/img.png using Guid(0decf79125454b04f8cc6df7cbb3d038) Importer(815301076,1909f56bfc062723c751e8b465ee728b) (PreviewImporter) -> (artifact id: '8a150e5d66220f660a5cdbb0e1802ddb') in 0.0217459 seconds
Number of updated asset objects reloaded before import = 0Number of asset objects unloaded after import = 3

========================================================================
Received Import Request.
  Time since last request: 3.648287 seconds.
  path: Assets/Resources/res/x2/pc/chat.png
  artifactKey: Guid(17cf09967783dd24481776e776d5441e) Importer(815301076,1909f56bfc062723c751e8b465ee728b)
Start importing Assets/Resources/res/x2/pc/chat.png using Guid(17cf09967783dd24481776e776d5441e) Importer(815301076,1909f56bfc062723c751e8b465ee728b) (PreviewImporter) -> (artifact id: '0759ea5324d774bbdd6d2b4932a28231') in 0.0252491 seconds
Number of updated asset objects reloaded before import = 0Number of asset objects unloaded after import = 3

========================================================================
Received Import Request.
  Time since last request: 1.091847 seconds.
  path: Assets/Resources/res/x2/mainimage/12+.png
  artifactKey: Guid(6277ccefc6f6c344184e2743970a6d5f) Importer(815301076,1909f56bfc062723c751e8b465ee728b)
Start importing Assets/Resources/res/x2/mainimage/12+.png using Guid(6277ccefc6f6c344184e2743970a6d5f) Importer(815301076,1909f56bfc062723c751e8b465ee728b) (PreviewImporter) -> (artifact id: '8c0ce739f2a1ec6d254f87a6b7d9f735') in 0.0174798 seconds
Number of updated asset objects reloaded before import = 0Number of asset objects unloaded after import = 3

========================================================================
Received Import Request.
  Time since last request: 0.009339 seconds.
  path: Assets/Resources/res/x2/mainimage/btn0left.png
  artifactKey: Guid(ba22680bea5c7454bafdac9bae415fe8) Importer(815301076,1909f56bfc062723c751e8b465ee728b)
Start importing Assets/Resources/res/x2/mainimage/btn0left.png using Guid(ba22680bea5c7454bafdac9bae415fe8) Importer(815301076,1909f56bfc062723c751e8b465ee728b) (PreviewImporter) -> (artifact id: '910753b62d33bde1f435c46d4c9ae193') in 0.0180742 seconds
Number of updated asset objects reloaded before import = 0Number of asset objects unloaded after import = 3

========================================================================
Received Import Request.
  Time since last request: 0.000019 seconds.
  path: Assets/Resources/res/x2/mainimage/i_charlife.png
  artifactKey: Guid(79246171b6aca7f46b86da8ad78a5cd3) Importer(815301076,1909f56bfc062723c751e8b465ee728b)
Start importing Assets/Resources/res/x2/mainimage/i_charlife.png using Guid(79246171b6aca7f46b86da8ad78a5cd3) Importer(815301076,1909f56bfc062723c751e8b465ee728b) (PreviewImporter) -> (artifact id: 'd8c47eb08fb066f2dbb1acac7346c892') in 0.021096 seconds
Number of updated asset objects reloaded before import = 0Number of asset objects unloaded after import = 3

========================================================================
Received Import Request.
  Time since last request: 0.000017 seconds.
  path: Assets/Resources/res/x2/mainimage/btn1mid.png
  artifactKey: Guid(16f2f7ece2ae3ae428898fb9a6d6a04e) Importer(815301076,1909f56bfc062723c751e8b465ee728b)
Start importing Assets/Resources/res/x2/mainimage/btn1mid.png using Guid(16f2f7ece2ae3ae428898fb9a6d6a04e) Importer(815301076,1909f56bfc062723c751e8b465ee728b) (PreviewImporter) -> (artifact id: '08878807134c83758319377fc29ce3f5') in 0.0341199 seconds
Number of updated asset objects reloaded before import = 0Number of asset objects unloaded after import = 3

========================================================================
Received Import Request.
  Time since last request: 0.000020 seconds.
  path: Assets/Resources/res/x2/mainimage/myTexture2darrow.png
  artifactKey: Guid(704204496514fe14388d4e78de32bdfb) Importer(815301076,1909f56bfc062723c751e8b465ee728b)
Start importing Assets/Resources/res/x2/mainimage/myTexture2darrow.png using Guid(704204496514fe14388d4e78de32bdfb) Importer(815301076,1909f56bfc062723c751e8b465ee728b) (PreviewImporter) -> (artifact id: 'fb3d7eb627bebc073cebbe3f556eceb6') in 0.0212029 seconds
Number of updated asset objects reloaded before import = 0Number of asset objects unloaded after import = 3

========================================================================
Received Import Request.
  Time since last request: 0.000041 seconds.
  path: Assets/Resources/res/x2/mainimage/logo1.png
  artifactKey: Guid(fcc616c4fd553cd47b76cfc59b99d045) Importer(815301076,1909f56bfc062723c751e8b465ee728b)
Start importing Assets/Resources/res/x2/mainimage/logo1.png using Guid(fcc616c4fd553cd47b76cfc59b99d045) Importer(815301076,1909f56bfc062723c751e8b465ee728b) (PreviewImporter) -> (artifact id: '633d796d1ae73ac91612d07e13c3e4b6') in 0.0208047 seconds
Number of updated asset objects reloaded before import = 0Number of asset objects unloaded after import = 3

========================================================================
Received Import Request.
  Time since last request: 0.000023 seconds.
  path: Assets/Resources/res/x2/mainimage/myTexture2dbtnl2.png
  artifactKey: Guid(ed3cfd39258cd3242837fdd5bc39d6b7) Importer(815301076,1909f56bfc062723c751e8b465ee728b)
Start importing Assets/Resources/res/x2/mainimage/myTexture2dbtnl2.png using Guid(ed3cfd39258cd3242837fdd5bc39d6b7) Importer(815301076,1909f56bfc062723c751e8b465ee728b) (PreviewImporter) -> (artifact id: '8ee014fcbfb29afcb217d6cc2847f646') in 0.0220601 seconds
Number of updated asset objects reloaded before import = 0Number of asset objects unloaded after import = 3

========================================================================
Received Import Request.
  Time since last request: 0.000074 seconds.
  path: Assets/Resources/res/x2/mainimage/myTexture2dbtnl.png
  artifactKey: Guid(e911de9e31b3af7458c2f70f4bebe6f3) Importer(815301076,1909f56bfc062723c751e8b465ee728b)
Start importing Assets/Resources/res/x2/mainimage/myTexture2dbtnl.png using Guid(e911de9e31b3af7458c2f70f4bebe6f3) Importer(815301076,1909f56bfc062723c751e8b465ee728b) (PreviewImporter) -> (artifact id: '2120be383a6ccb52a57cb2756aa9489d') in 0.0186989 seconds
Number of updated asset objects reloaded before import = 0Number of asset objects unloaded after import = 3

========================================================================
Received Import Request.
  Time since last request: 0.000019 seconds.
  path: Assets/Resources/res/x2/mainimage/myTexture2dbd0.png
  artifactKey: Guid(493c0e780eaa0284a8c09546e2065c4d) Importer(815301076,1909f56bfc062723c751e8b465ee728b)
Start importing Assets/Resources/res/x2/mainimage/myTexture2dbd0.png using Guid(493c0e780eaa0284a8c09546e2065c4d) Importer(815301076,1909f56bfc062723c751e8b465ee728b) (PreviewImporter) -> (artifact id: '1d491d2424206d53a3db33055c171fb4') in 0.02607 seconds
Number of updated asset objects reloaded before import = 0Number of asset objects unloaded after import = 3

========================================================================
Received Import Request.
  Time since last request: 0.000114 seconds.
  path: Assets/Resources/res/x2/mainimage/myTexture2dbong.png
  artifactKey: Guid(f4941e7a43ec49f41be04e85ab961637) Importer(815301076,1909f56bfc062723c751e8b465ee728b)
Start importing Assets/Resources/res/x2/mainimage/myTexture2dbong.png using Guid(f4941e7a43ec49f41be04e85ab961637) Importer(815301076,1909f56bfc062723c751e8b465ee728b) (PreviewImporter) -> (artifact id: 'f06a921532ca2578073b5d93920b9cc1') in 0.0197362 seconds
Number of updated asset objects reloaded before import = 0Number of asset objects unloaded after import = 3

========================================================================
Received Import Request.
  Time since last request: 0.000087 seconds.
  path: Assets/Resources/res/x2/mainimage/myTexture2dbd1.png
  artifactKey: Guid(7480b2718bc6c8343b2e6346339fa939) Importer(815301076,1909f56bfc062723c751e8b465ee728b)
Start importing Assets/Resources/res/x2/mainimage/myTexture2dbd1.png using Guid(7480b2718bc6c8343b2e6346339fa939) Importer(815301076,1909f56bfc062723c751e8b465ee728b) (PreviewImporter) -> (artifact id: '7a1acb6d2785bf82322a93a016917055') in 0.0196952 seconds
Number of updated asset objects reloaded before import = 0Number of asset objects unloaded after import = 3

========================================================================
Received Import Request.
  Time since last request: 0.000035 seconds.
  path: Assets/Resources/res/x2/mainimage/myTexture2dbtMenu1.png
  artifactKey: Guid(b0a5baec25ab5a84091f8bbb6d433952) Importer(815301076,1909f56bfc062723c751e8b465ee728b)
Start importing Assets/Resources/res/x2/mainimage/myTexture2dbtMenu1.png using Guid(b0a5baec25ab5a84091f8bbb6d433952) Importer(815301076,1909f56bfc062723c751e8b465ee728b) (PreviewImporter) -> (artifact id: 'acb27054369a30ecbb319a148f8368fe') in 0.0233217 seconds
Number of updated asset objects reloaded before import = 0Number of asset objects unloaded after import = 3

========================================================================
Received Import Request.
  Time since last request: 0.000022 seconds.
  path: Assets/Resources/res/x2/mainimage/hole.png
  artifactKey: Guid(5dc2f1ae034cc77429f00dfee5f31c43) Importer(815301076,1909f56bfc062723c751e8b465ee728b)
Start importing Assets/Resources/res/x2/mainimage/hole.png using Guid(5dc2f1ae034cc77429f00dfee5f31c43) Importer(815301076,1909f56bfc062723c751e8b465ee728b) (PreviewImporter) -> (artifact id: 'ce3166d8f841c84fe45bdee0d81f495c') in 0.0208066 seconds
Number of updated asset objects reloaded before import = 0Number of asset objects unloaded after import = 3

========================================================================
Received Import Request.
  Time since last request: 0.000021 seconds.
  path: Assets/Resources/res/x2/mainimage/eo_0.png
  artifactKey: Guid(89212417cd7a0854b9ac38596cd3f051) Importer(815301076,1909f56bfc062723c751e8b465ee728b)
Start importing Assets/Resources/res/x2/mainimage/eo_0.png using Guid(89212417cd7a0854b9ac38596cd3f051) Importer(815301076,1909f56bfc062723c751e8b465ee728b) (PreviewImporter) -> (artifact id: '38ff4f3cb8f94ac66e98f23f1a4896fb') in 0.0207128 seconds
Number of updated asset objects reloaded before import = 0Number of asset objects unloaded after import = 3

========================================================================
Received Import Request.
  Time since last request: 0.946129 seconds.
  path: Assets/Resources/res/x2/mainimage/myTexture2ddown.png
  artifactKey: Guid(e587693c44f16d94e9d06da2c328de20) Importer(815301076,1909f56bfc062723c751e8b465ee728b)
Start importing Assets/Resources/res/x2/mainimage/myTexture2ddown.png using Guid(e587693c44f16d94e9d06da2c328de20) Importer(815301076,1909f56bfc062723c751e8b465ee728b) (PreviewImporter) -> (artifact id: 'da4af534227ad656ce07b6900e3d9e99') in 0.0188045 seconds
Number of updated asset objects reloaded before import = 0Number of asset objects unloaded after import = 3

========================================================================
Received Import Request.
  Time since last request: 0.000029 seconds.
  path: Assets/Resources/res/x2/mainimage/myTexture2dfirebtn1.png
  artifactKey: Guid(c6dcd8144bcbb7d40b961b2ca3ae3f62) Importer(815301076,1909f56bfc062723c751e8b465ee728b)
Start importing Assets/Resources/res/x2/mainimage/myTexture2dfirebtn1.png using Guid(c6dcd8144bcbb7d40b961b2ca3ae3f62) Importer(815301076,1909f56bfc062723c751e8b465ee728b) (PreviewImporter) -> (artifact id: '30a08fdee8c79cba1fa445a959d866b8') in 0.0204864 seconds
Number of updated asset objects reloaded before import = 0Number of asset objects unloaded after import = 3

========================================================================
Received Import Request.
  Time since last request: 0.000015 seconds.
  path: Assets/Resources/res/x2/mainimage/myTexture2dfocus.png
  artifactKey: Guid(5d7bea2e9c10632428695d89eb239695) Importer(815301076,1909f56bfc062723c751e8b465ee728b)
Start importing Assets/Resources/res/x2/mainimage/myTexture2dfocus.png using Guid(5d7bea2e9c10632428695d89eb239695) Importer(815301076,1909f56bfc062723c751e8b465ee728b) (PreviewImporter) -> (artifact id: 'dabf1ebea130f19c84f53c45ebfe68f7') in 0.019317 seconds
Number of updated asset objects reloaded before import = 0Number of asset objects unloaded after import = 3

========================================================================
Received Import Request.
  Time since last request: 0.000024 seconds.
  path: Assets/Resources/res/x2/mainimage/myTexture2dgoc1.png
  artifactKey: Guid(576b481cf2a9f384bacabefe8d7fc157) Importer(815301076,1909f56bfc062723c751e8b465ee728b)
Start importing Assets/Resources/res/x2/mainimage/myTexture2dgoc1.png using Guid(576b481cf2a9f384bacabefe8d7fc157) Importer(815301076,1909f56bfc062723c751e8b465ee728b) (PreviewImporter) -> (artifact id: '243c7cc69ce0d31d1a7854b8127f52b1') in 0.0205941 seconds
Number of updated asset objects reloaded before import = 0Number of asset objects unloaded after import = 3

========================================================================
Received Import Request.
  Time since last request: 0.456384 seconds.
  path: Assets/Resources/res/x2/mainimage/myTexture2dgoc5.png
  artifactKey: Guid(7f3455cdf0fbee044a1308e9f39d25c7) Importer(815301076,1909f56bfc062723c751e8b465ee728b)
Start importing Assets/Resources/res/x2/mainimage/myTexture2dgoc5.png using Guid(7f3455cdf0fbee044a1308e9f39d25c7) Importer(815301076,1909f56bfc062723c751e8b465ee728b) (PreviewImporter) -> (artifact id: '6cd2da6a7334e532855be96aa31f60ab') in 0.0207451 seconds
Number of updated asset objects reloaded before import = 0Number of asset objects unloaded after import = 3

========================================================================
Received Import Request.
  Time since last request: 0.000023 seconds.
  path: Assets/Resources/res/x2/mainimage/myTexture2dhpLeft.png
  artifactKey: Guid(102512ce20e1cb9488bdad1739287c19) Importer(815301076,1909f56bfc062723c751e8b465ee728b)
Start importing Assets/Resources/res/x2/mainimage/myTexture2dhpLeft.png using Guid(102512ce20e1cb9488bdad1739287c19) Importer(815301076,1909f56bfc062723c751e8b465ee728b) (PreviewImporter) -> (artifact id: '272d38a79a9eb3cf0e0010651913887e') in 0.0248729 seconds
Number of updated asset objects reloaded before import = 0Number of asset objects unloaded after import = 3

========================================================================
Received Import Request.
  Time since last request: 0.000190 seconds.
  path: Assets/Resources/res/x2/mainimage/myTexture2dhpLost.png
  artifactKey: Guid(21ba3efd71231eb4fbf34ffb3ce0e8cb) Importer(815301076,1909f56bfc062723c751e8b465ee728b)
Start importing Assets/Resources/res/x2/mainimage/myTexture2dhpLost.png using Guid(21ba3efd71231eb4fbf34ffb3ce0e8cb) Importer(815301076,1909f56bfc062723c751e8b465ee728b) (PreviewImporter) -> (artifact id: '8fbb21b18628dc871f7c2f3951b382c5') in 0.0219392 seconds
Number of updated asset objects reloaded before import = 0Number of asset objects unloaded after import = 3

========================================================================
Received Import Request.
  Time since last request: 0.000026 seconds.
  path: Assets/Resources/res/x2/mainimage/myTexture2dlineColor01.png
  artifactKey: Guid(501d03c5493f58f41b87a7354a70f46f) Importer(815301076,1909f56bfc062723c751e8b465ee728b)
Start importing Assets/Resources/res/x2/mainimage/myTexture2dlineColor01.png using Guid(501d03c5493f58f41b87a7354a70f46f) Importer(815301076,1909f56bfc062723c751e8b465ee728b) (PreviewImporter) -> (artifact id: 'b3610f9aa725ea6e84427b6534383c6d') in 0.0233818 seconds
Number of updated asset objects reloaded before import = 0Number of asset objects unloaded after import = 3

========================================================================
Received Import Request.
  Time since last request: 0.000020 seconds.
  path: Assets/Resources/res/x2/mainimage/myTexture2dhpMidle.png
  artifactKey: Guid(6d60400d744a2924b8c5d845fbf69d7c) Importer(815301076,1909f56bfc062723c751e8b465ee728b)
Start importing Assets/Resources/res/x2/mainimage/myTexture2dhpMidle.png using Guid(6d60400d744a2924b8c5d845fbf69d7c) Importer(815301076,1909f56bfc062723c751e8b465ee728b) (PreviewImporter) -> (artifact id: 'afb99b3fa676781807dfe33a2a9aa89e') in 0.0215624 seconds
Number of updated asset objects reloaded before import = 0Number of asset objects unloaded after import = 3

========================================================================
Received Import Request.
  Time since last request: 0.000024 seconds.
  path: Assets/Resources/res/x2/mainimage/myTexture2dmat-trai-dat.png
  artifactKey: Guid(5ff445895e4d4574987d1815184f53e7) Importer(815301076,1909f56bfc062723c751e8b465ee728b)
Start importing Assets/Resources/res/x2/mainimage/myTexture2dmat-trai-dat.png using Guid(5ff445895e4d4574987d1815184f53e7) Importer(815301076,1909f56bfc062723c751e8b465ee728b) (PreviewImporter) -> (artifact id: 'f82d4f30474f0f7b6651edaa13eb2c0f') in 0.0215877 seconds
Number of updated asset objects reloaded before import = 0Number of asset objects unloaded after import = 3

========================================================================
Received Import Request.
  Time since last request: 0.000026 seconds.
  path: Assets/Resources/res/x2/mainimage/myTexture2dhatdau.png
  artifactKey: Guid(9449df9c47e727e4e815793f93968ba7) Importer(815301076,1909f56bfc062723c751e8b465ee728b)
Start importing Assets/Resources/res/x2/mainimage/myTexture2dhatdau.png using Guid(9449df9c47e727e4e815793f93968ba7) Importer(815301076,1909f56bfc062723c751e8b465ee728b) (PreviewImporter) -> (artifact id: '9747cd60c635fa033c291f75928e67df') in 0.0230235 seconds
Number of updated asset objects reloaded before import = 0Number of asset objects unloaded after import = 3

========================================================================
Received Import Request.
  Time since last request: 0.000018 seconds.
  path: Assets/Resources/res/x2/mainimage/myTexture2dmaybay2.png
  artifactKey: Guid(cd11746e62259904999350ce78e12df6) Importer(815301076,1909f56bfc062723c751e8b465ee728b)
Start importing Assets/Resources/res/x2/mainimage/myTexture2dmaybay2.png using Guid(cd11746e62259904999350ce78e12df6) Importer(815301076,1909f56bfc062723c751e8b465ee728b) (PreviewImporter) -> (artifact id: 'a606868ebdd1e18bf7269b4beb294043') in 0.0236231 seconds
Number of updated asset objects reloaded before import = 0Number of asset objects unloaded after import = 3

========================================================================
Received Import Request.
  Time since last request: 0.000028 seconds.
  path: Assets/Resources/res/x2/mainimage/myTexture2dlineColor22.png
  artifactKey: Guid(6bcac754d9ce8654c9f5811f421dc750) Importer(815301076,1909f56bfc062723c751e8b465ee728b)
Start importing Assets/Resources/res/x2/mainimage/myTexture2dlineColor22.png using Guid(6bcac754d9ce8654c9f5811f421dc750) Importer(815301076,1909f56bfc062723c751e8b465ee728b) (PreviewImporter) -> (artifact id: 'fb571d97ceda466e826ea6afa36a0637') in 0.0190122 seconds
Number of updated asset objects reloaded before import = 0Number of asset objects unloaded after import = 3

========================================================================
Received Import Request.
  Time since last request: 1.321625 seconds.
  path: Assets/Resources/res/x2/mainimage/myTexture2dmaybay3.png
  artifactKey: Guid(3e55159fca7200a4e8b83c22eb76757b) Importer(815301076,1909f56bfc062723c751e8b465ee728b)
Start importing Assets/Resources/res/x2/mainimage/myTexture2dmaybay3.png using Guid(3e55159fca7200a4e8b83c22eb76757b) Importer(815301076,1909f56bfc062723c751e8b465ee728b) (PreviewImporter) -> (artifact id: 'ca75a82faed3a9c282d1ffc248cf3b04') in 0.0217182 seconds
Number of updated asset objects reloaded before import = 0Number of asset objects unloaded after import = 3

========================================================================
Received Import Request.
  Time since last request: 0.000021 seconds.
  path: Assets/Resources/res/x2/mainimage/myTexture2dpanel.png
  artifactKey: Guid(66568da0bd9f42b43b42ed9979cf3f2a) Importer(815301076,1909f56bfc062723c751e8b465ee728b)
Start importing Assets/Resources/res/x2/mainimage/myTexture2dpanel.png using Guid(66568da0bd9f42b43b42ed9979cf3f2a) Importer(815301076,1909f56bfc062723c751e8b465ee728b) (PreviewImporter) -> (artifact id: 'ed02d18078ceb15c7345d937f8f0f0a0') in 0.018727 seconds
Number of updated asset objects reloaded before import = 0Number of asset objects unloaded after import = 3

========================================================================
Received Import Request.
  Time since last request: 0.000020 seconds.
  path: Assets/Resources/res/x2/mainimage/myTexture2dtf.png
  artifactKey: Guid(510c1278775de03429ffc6f7c89c4cb4) Importer(815301076,1909f56bfc062723c751e8b465ee728b)
Start importing Assets/Resources/res/x2/mainimage/myTexture2dtf.png using Guid(510c1278775de03429ffc6f7c89c4cb4) Importer(815301076,1909f56bfc062723c751e8b465ee728b) (PreviewImporter) -> (artifact id: '565fc98c7dee4bc57e608eddc9001691') in 0.0183156 seconds
Number of updated asset objects reloaded before import = 0Number of asset objects unloaded after import = 3

========================================================================
Received Import Request.
  Time since last request: 0.000049 seconds.
  path: Assets/Resources/res/x2/mainimage/myTexture2dPea_1.png
  artifactKey: Guid(e15f8c12da73c97499deea33e9c261f2) Importer(815301076,1909f56bfc062723c751e8b465ee728b)
Start importing Assets/Resources/res/x2/mainimage/myTexture2dPea_1.png using Guid(e15f8c12da73c97499deea33e9c261f2) Importer(815301076,1909f56bfc062723c751e8b465ee728b) (PreviewImporter) -> (artifact id: 'c4a7848b48cbc38d0ee02ce9c1b21150') in 0.0187747 seconds
Number of updated asset objects reloaded before import = 0Number of asset objects unloaded after import = 2

========================================================================
Received Import Request.
  Time since last request: 0.000022 seconds.
  path: Assets/Resources/res/x2/mainimage/myTexture2dskill.png
  artifactKey: Guid(cbafed1f40faa44408ab3a45f5f45a1f) Importer(815301076,1909f56bfc062723c751e8b465ee728b)
Start importing Assets/Resources/res/x2/mainimage/myTexture2dskill.png using Guid(cbafed1f40faa44408ab3a45f5f45a1f) Importer(815301076,1909f56bfc062723c751e8b465ee728b) (PreviewImporter) -> (artifact id: 'a4c6bf687a7985f9b27655b4dc1e16e6') in 0.0222544 seconds
Number of updated asset objects reloaded before import = 0Number of asset objects unloaded after import = 3

========================================================================
Received Import Request.
  Time since last request: 0.000027 seconds.
  path: Assets/Resources/res/x2/mainimage/myTexture2dskill2.png
  artifactKey: Guid(236d21db04a820f4c879970776fbe40c) Importer(815301076,1909f56bfc062723c751e8b465ee728b)
Start importing Assets/Resources/res/x2/mainimage/myTexture2dskill2.png using Guid(236d21db04a820f4c879970776fbe40c) Importer(815301076,1909f56bfc062723c751e8b465ee728b) (PreviewImporter) -> (artifact id: 'edacc527ae48da35b85e28939204edb9') in 0.0202575 seconds
Number of updated asset objects reloaded before import = 0Number of asset objects unloaded after import = 3

========================================================================
Received Import Request.
  Time since last request: 0.000032 seconds.
  path: Assets/Resources/res/x2/mainimage/myTexture2dnutF.png
  artifactKey: Guid(e336f8925f677c54994546407dd490e3) Importer(815301076,1909f56bfc062723c751e8b465ee728b)
Start importing Assets/Resources/res/x2/mainimage/myTexture2dnutF.png using Guid(e336f8925f677c54994546407dd490e3) Importer(815301076,1909f56bfc062723c751e8b465ee728b) (PreviewImporter) -> (artifact id: '664041173a54ad0afc18bb16d9ee6d7b') in 0.0227103 seconds
Number of updated asset objects reloaded before import = 0Number of asset objects unloaded after import = 3

========================================================================
Received Import Request.
  Time since last request: 0.000022 seconds.
  path: Assets/Resources/res/x2/mainimage/myTexture2dPea_0.png
  artifactKey: Guid(f58f2c9bc63c6b74694a744904f0f023) Importer(815301076,1909f56bfc062723c751e8b465ee728b)
Start importing Assets/Resources/res/x2/mainimage/myTexture2dPea_0.png using Guid(f58f2c9bc63c6b74694a744904f0f023) Importer(815301076,1909f56bfc062723c751e8b465ee728b) (PreviewImporter) -> (artifact id: '35125908722b86445b579e8d14b6a82e') in 0.017285 seconds
Number of updated asset objects reloaded before import = 0Number of asset objects unloaded after import = 2

========================================================================
Received Import Request.
  Time since last request: 0.000020 seconds.
  path: Assets/Resources/res/x2/mainimage/myTexture2dnut.png
  artifactKey: Guid(fe6a4b10b5787c448b2644724aaff3dc) Importer(815301076,1909f56bfc062723c751e8b465ee728b)
Start importing Assets/Resources/res/x2/mainimage/myTexture2dnut.png using Guid(fe6a4b10b5787c448b2644724aaff3dc) Importer(815301076,1909f56bfc062723c751e8b465ee728b) (PreviewImporter) -> (artifact id: '20a22b5f7531b2a17480c14924761427') in 0.0180443 seconds
Number of updated asset objects reloaded before import = 0Number of asset objects unloaded after import = 3

========================================================================
Received Import Request.
  Time since last request: 0.581994 seconds.
  path: Assets/Resources/res/x2/mainimage/myTexture2dthucuoi10.png
  artifactKey: Guid(a2b8c2f8464fb4546883ddef2e8df235) Importer(815301076,1909f56bfc062723c751e8b465ee728b)
Start importing Assets/Resources/res/x2/mainimage/myTexture2dthucuoi10.png using Guid(a2b8c2f8464fb4546883ddef2e8df235) Importer(815301076,1909f56bfc062723c751e8b465ee728b) (PreviewImporter) -> (artifact id: '9c4816a7ba44450c4d8b93968faa6837') in 0.0220425 seconds
Number of updated asset objects reloaded before import = 0Number of asset objects unloaded after import = 3

========================================================================
Received Import Request.
  Time since last request: 0.000063 seconds.
  path: Assets/Resources/res/x2/mainimage/new.png
  artifactKey: Guid(a5d1c516124b33a48a92ccf9b5812c42) Importer(815301076,1909f56bfc062723c751e8b465ee728b)
Start importing Assets/Resources/res/x2/mainimage/new.png using Guid(a5d1c516124b33a48a92ccf9b5812c42) Importer(815301076,1909f56bfc062723c751e8b465ee728b) (PreviewImporter) -> (artifact id: 'fc97dc9501ff8b39935a26f22b7f4f23') in 0.0211844 seconds
Number of updated asset objects reloaded before import = 0Number of asset objects unloaded after import = 3

========================================================================
Received Import Request.
  Time since last request: 0.000050 seconds.
  path: Assets/Resources/res/x2/mainimage/panel2.png
  artifactKey: Guid(be5aab846114c314ab51cc7328fd1b48) Importer(815301076,1909f56bfc062723c751e8b465ee728b)
Start importing Assets/Resources/res/x2/mainimage/panel2.png using Guid(be5aab846114c314ab51cc7328fd1b48) Importer(815301076,1909f56bfc062723c751e8b465ee728b) (PreviewImporter) -> (artifact id: 'eb2c11a6282407c0c71e4fb650529988') in 0.0210533 seconds
Number of updated asset objects reloaded before import = 0Number of asset objects unloaded after import = 3

========================================================================
Received Import Request.
  Time since last request: 0.000031 seconds.
  path: Assets/Resources/res/x2/mainimage/ticket12.png
  artifactKey: Guid(4b96189a2e520d546a7cc9b085367ff0) Importer(815301076,1909f56bfc062723c751e8b465ee728b)
Start importing Assets/Resources/res/x2/mainimage/ticket12.png using Guid(4b96189a2e520d546a7cc9b085367ff0) Importer(815301076,1909f56bfc062723c751e8b465ee728b) (PreviewImporter) -> (artifact id: '01d63825438f5850ca597278442905e9') in 0.0219601 seconds
Number of updated asset objects reloaded before import = 0Number of asset objects unloaded after import = 3

========================================================================
Received Import Request.
  Time since last request: 0.000025 seconds.
  path: Assets/Resources/res/x2/mainimage/myTexture2dup.png
  artifactKey: Guid(2b1a95dfa4601ab44b4c899946c8c28b) Importer(815301076,1909f56bfc062723c751e8b465ee728b)
Start importing Assets/Resources/res/x2/mainimage/myTexture2dup.png using Guid(2b1a95dfa4601ab44b4c899946c8c28b) Importer(815301076,1909f56bfc062723c751e8b465ee728b) (PreviewImporter) -> (artifact id: '540eee28909f1c678af0dce3a6cf99f3') in 0.0193669 seconds
Number of updated asset objects reloaded before import = 0Number of asset objects unloaded after import = 3

========================================================================
Received Import Request.
  Time since last request: 0.000020 seconds.
  path: Assets/Resources/res/x2/mainimage/o_1.png
  artifactKey: Guid(c4795bce9b92b794696c23aeece464ae) Importer(815301076,1909f56bfc062723c751e8b465ee728b)
Start importing Assets/Resources/res/x2/mainimage/o_1.png using Guid(c4795bce9b92b794696c23aeece464ae) Importer(815301076,1909f56bfc062723c751e8b465ee728b) (PreviewImporter) -> (artifact id: 'de0d5874bccbe7a3d6953f9616996d93') in 0.0193175 seconds
Number of updated asset objects reloaded before import = 0Number of asset objects unloaded after import = 3

========================================================================
Received Import Request.
  Time since last request: 0.000034 seconds.
  path: Assets/Resources/res/x2/mainimage/myTexture2dwater2.png
  artifactKey: Guid(ebf245b7ffab73f4aa86bef2c77be1be) Importer(815301076,1909f56bfc062723c751e8b465ee728b)
Start importing Assets/Resources/res/x2/mainimage/myTexture2dwater2.png using Guid(ebf245b7ffab73f4aa86bef2c77be1be) Importer(815301076,1909f56bfc062723c751e8b465ee728b) (PreviewImporter) -> (artifact id: 'a1596587f5551715f67776800038e64b') in 0.0191095 seconds
Number of updated asset objects reloaded before import = 0Number of asset objects unloaded after import = 3

========================================================================
Received Import Request.
  Time since last request: 0.000113 seconds.
  path: Assets/Resources/res/x2/mainimage/myTexture2dwater1.png
  artifactKey: Guid(77f931faf457eef4e86a663d6471fe46) Importer(815301076,1909f56bfc062723c751e8b465ee728b)
Start importing Assets/Resources/res/x2/mainimage/myTexture2dwater1.png using Guid(77f931faf457eef4e86a663d6471fe46) Importer(815301076,1909f56bfc062723c751e8b465ee728b) (PreviewImporter) -> (artifact id: 'ffa62d8168d14cae1654d01bf45352c6') in 0.0235425 seconds
Number of updated asset objects reloaded before import = 0Number of asset objects unloaded after import = 3

========================================================================
Received Import Request.
  Time since last request: 0.463036 seconds.
  path: Assets/Resources/res/x2/mainimage/tm-do.png
  artifactKey: Guid(f2c7ec74afebb88468f9339389240d13) Importer(815301076,1909f56bfc062723c751e8b465ee728b)
Start importing Assets/Resources/res/x2/mainimage/tm-do.png using Guid(f2c7ec74afebb88468f9339389240d13) Importer(815301076,1909f56bfc062723c751e8b465ee728b) (PreviewImporter) -> (artifact id: 'b239720622291f7a89f2b72dabb00b69') in 0.0145739 seconds
Number of updated asset objects reloaded before import = 0Number of asset objects unloaded after import = 2

========================================================================
Received Import Request.
  Time since last request: 0.000022 seconds.
  path: Assets/Resources/res/x2/mainimage/wait.png
  artifactKey: Guid(6cfd8f72198ab8d45830209a5d39fdda) Importer(815301076,1909f56bfc062723c751e8b465ee728b)
Start importing Assets/Resources/res/x2/mainimage/wait.png using Guid(6cfd8f72198ab8d45830209a5d39fdda) Importer(815301076,1909f56bfc062723c751e8b465ee728b) (PreviewImporter) -> (artifact id: '6230799c18bf1e74e1d6a858043752ae') in 0.0199527 seconds
Number of updated asset objects reloaded before import = 0Number of asset objects unloaded after import = 3

========================================================================
Received Import Request.
  Time since last request: 1.485791 seconds.
  path: Assets/Resources/res/x2/radar/0.png
  artifactKey: Guid(2118a3b940b8cf1428eabf240bd5ad9f) Importer(815301076,1909f56bfc062723c751e8b465ee728b)
Start importing Assets/Resources/res/x2/radar/0.png using Guid(2118a3b940b8cf1428eabf240bd5ad9f) Importer(815301076,1909f56bfc062723c751e8b465ee728b) (PreviewImporter) -> (artifact id: 'b56c4d025a49abe68d6813c4154a742a') in 0.0217219 seconds
Number of updated asset objects reloaded before import = 0Number of asset objects unloaded after import = 3

========================================================================
Received Import Request.
  Time since last request: 0.000021 seconds.
  path: Assets/Resources/res/x2/radar/8.png
  artifactKey: Guid(7abfe9b420a95974f8d5b5a4e8192fc6) Importer(815301076,1909f56bfc062723c751e8b465ee728b)
Start importing Assets/Resources/res/x2/radar/8.png using Guid(7abfe9b420a95974f8d5b5a4e8192fc6) Importer(815301076,1909f56bfc062723c751e8b465ee728b) (PreviewImporter) -> (artifact id: '624f322cebfe0f18979be50e8d001ff0') in 0.0226566 seconds
Number of updated asset objects reloaded before import = 0Number of asset objects unloaded after import = 3

========================================================================
Received Import Request.
  Time since last request: 0.000040 seconds.
  path: Assets/Resources/res/x2/radar/13.png
  artifactKey: Guid(64a8e738089aab34593f33be8ce4fc01) Importer(815301076,1909f56bfc062723c751e8b465ee728b)
Start importing Assets/Resources/res/x2/radar/13.png using Guid(64a8e738089aab34593f33be8ce4fc01) Importer(815301076,1909f56bfc062723c751e8b465ee728b) (PreviewImporter) -> (artifact id: 'bbd5fe3ff6a90d72d49d763fc3dc79a8') in 0.0193325 seconds
Number of updated asset objects reloaded before import = 0Number of asset objects unloaded after import = 3

========================================================================
Received Import Request.
  Time since last request: 0.000089 seconds.
  path: Assets/Resources/res/x2/radar/18.png
  artifactKey: Guid(eb744ca77a0282845b0bee2640708c5a) Importer(815301076,1909f56bfc062723c751e8b465ee728b)
Start importing Assets/Resources/res/x2/radar/18.png using Guid(eb744ca77a0282845b0bee2640708c5a) Importer(815301076,1909f56bfc062723c751e8b465ee728b) (PreviewImporter) -> (artifact id: '5a599f190df404cec7c36355319067b0') in 0.0202574 seconds
Number of updated asset objects reloaded before import = 0Number of asset objects unloaded after import = 3

========================================================================
Received Import Request.
  Time since last request: 0.000031 seconds.
  path: Assets/Resources/res/x2/radar/10.png
  artifactKey: Guid(e30df7df8fc495f48b379f7e62fcfad4) Importer(815301076,1909f56bfc062723c751e8b465ee728b)
Start importing Assets/Resources/res/x2/radar/10.png using Guid(e30df7df8fc495f48b379f7e62fcfad4) Importer(815301076,1909f56bfc062723c751e8b465ee728b) (PreviewImporter) -> (artifact id: 'a01122ba3910d9082b328b5fd695e50e') in 0.0200657 seconds
Number of updated asset objects reloaded before import = 0Number of asset objects unloaded after import = 3

========================================================================
Received Import Request.
  Time since last request: 0.000022 seconds.
  path: Assets/Resources/res/x2/radar/19.png
  artifactKey: Guid(56b098eda3fde9043a6e7e600443b3cb) Importer(815301076,1909f56bfc062723c751e8b465ee728b)
Start importing Assets/Resources/res/x2/radar/19.png using Guid(56b098eda3fde9043a6e7e600443b3cb) Importer(815301076,1909f56bfc062723c751e8b465ee728b) (PreviewImporter) -> (artifact id: '0307c63aa688bbaaedf8340b037a08e9') in 0.0233504 seconds
Number of updated asset objects reloaded before import = 0Number of asset objects unloaded after import = 3

========================================================================
Received Import Request.
  Time since last request: 0.000017 seconds.
  path: Assets/Resources/res/x2/radar/15.png
  artifactKey: Guid(165ee95b98343be4887299804c863625) Importer(815301076,1909f56bfc062723c751e8b465ee728b)
Start importing Assets/Resources/res/x2/radar/15.png using Guid(165ee95b98343be4887299804c863625) Importer(815301076,1909f56bfc062723c751e8b465ee728b) (PreviewImporter) -> (artifact id: '96be6a075584c6ad2a80137874474108') in 0.0176681 seconds
Number of updated asset objects reloaded before import = 0Number of asset objects unloaded after import = 3

========================================================================
Received Import Request.
  Time since last request: 0.000029 seconds.
  path: Assets/Resources/res/x2/radar/6.png
  artifactKey: Guid(161b2534f3226664e909ff343b6b4732) Importer(815301076,1909f56bfc062723c751e8b465ee728b)
Start importing Assets/Resources/res/x2/radar/6.png using Guid(161b2534f3226664e909ff343b6b4732) Importer(815301076,1909f56bfc062723c751e8b465ee728b) (PreviewImporter) -> (artifact id: '309d1c52d3559f8960b57f3c91df0cd8') in 0.0215247 seconds
Number of updated asset objects reloaded before import = 0Number of asset objects unloaded after import = 3

========================================================================
Received Import Request.
  Time since last request: 2.329356 seconds.
  path: Assets/Resources/res/x2/smallimage/Small1085.png
  artifactKey: Guid(c9cce64123aafa34780256c0c7513b2b) Importer(815301076,1909f56bfc062723c751e8b465ee728b)
Start importing Assets/Resources/res/x2/smallimage/Small1085.png using Guid(c9cce64123aafa34780256c0c7513b2b) Importer(815301076,1909f56bfc062723c751e8b465ee728b) (PreviewImporter) -> (artifact id: 'f18efec4b6153ccc770c602b1cc5aff1') in 0.0244607 seconds
Number of updated asset objects reloaded before import = 0Number of asset objects unloaded after import = 3

========================================================================
Received Import Request.
  Time since last request: 1.330200 seconds.
  path: Assets/Resources/res/x3/gamelogo.png
  artifactKey: Guid(ab22e51c4b4709849b6d607c60fa81d6) Importer(815301076,1909f56bfc062723c751e8b465ee728b)
Start importing Assets/Resources/res/x3/gamelogo.png using Guid(ab22e51c4b4709849b6d607c60fa81d6) Importer(815301076,1909f56bfc062723c751e8b465ee728b) (PreviewImporter) -> (artifact id: 'b61bdfd378efbf2c7e7fa58af0418c44') in 0.0261848 seconds
Number of updated asset objects reloaded before import = 0Number of asset objects unloaded after import = 3

========================================================================
Received Import Request.
  Time since last request: 4.290323 seconds.
  path: Assets/Resources/res/x3/CharEffect/blind.png
  artifactKey: Guid(ecaaf39ee1fe1cc45ada1ba737dd0d8b) Importer(815301076,1909f56bfc062723c751e8b465ee728b)
Start importing Assets/Resources/res/x3/CharEffect/blind.png using Guid(ecaaf39ee1fe1cc45ada1ba737dd0d8b) Importer(815301076,1909f56bfc062723c751e8b465ee728b) (PreviewImporter) -> (artifact id: '9e0a3c4210aa23185241da533d77e996') in 0.0215577 seconds
Number of updated asset objects reloaded before import = 0Number of asset objects unloaded after import = 3

========================================================================
Received Import Request.
  Time since last request: 0.000023 seconds.
  path: Assets/Resources/res/x3/CharEffect/nrd3.png
  artifactKey: Guid(8d65b4262efdae8489dde7c70a4de665) Importer(815301076,1909f56bfc062723c751e8b465ee728b)
Start importing Assets/Resources/res/x3/CharEffect/nrd3.png using Guid(8d65b4262efdae8489dde7c70a4de665) Importer(815301076,1909f56bfc062723c751e8b465ee728b) (PreviewImporter) -> (artifact id: 'f097576395bcd19e62cbec6a00cc9b01') in 0.0274615 seconds
Number of updated asset objects reloaded before import = 0Number of asset objects unloaded after import = 3

========================================================================
Received Import Request.
  Time since last request: 0.000028 seconds.
  path: Assets/Resources/res/x3/CharEffect/qckk.png
  artifactKey: Guid(936e2ef7119c1024dbfb1f0d26f5fb53) Importer(815301076,1909f56bfc062723c751e8b465ee728b)
Start importing Assets/Resources/res/x3/CharEffect/qckk.png using Guid(936e2ef7119c1024dbfb1f0d26f5fb53) Importer(815301076,1909f56bfc062723c751e8b465ee728b) (PreviewImporter) -> (artifact id: '7f2a7cdb57904971b85fc094f0ec52cb') in 0.0202688 seconds
Number of updated asset objects reloaded before import = 0Number of asset objects unloaded after import = 3

========================================================================
Received Import Request.
  Time since last request: 0.000038 seconds.
  path: Assets/Resources/res/x3/CharEffect/nrd4.png
  artifactKey: Guid(92d500e29474cd2469a34b3740e89621) Importer(815301076,1909f56bfc062723c751e8b465ee728b)
Start importing Assets/Resources/res/x3/CharEffect/nrd4.png using Guid(92d500e29474cd2469a34b3740e89621) Importer(815301076,1909f56bfc062723c751e8b465ee728b) (PreviewImporter) -> (artifact id: '620bd72189510373f596de8b458fda25') in 0.021886 seconds
Number of updated asset objects reloaded before import = 0Number of asset objects unloaded after import = 3

========================================================================
Received Import Request.
  Time since last request: 0.000023 seconds.
  path: Assets/Resources/res/x3/CharEffect/nrd2.png
  artifactKey: Guid(36ff2365c7fc3924c9ea422ac3ee3abf) Importer(815301076,1909f56bfc062723c751e8b465ee728b)
Start importing Assets/Resources/res/x3/CharEffect/nrd2.png using Guid(36ff2365c7fc3924c9ea422ac3ee3abf) Importer(815301076,1909f56bfc062723c751e8b465ee728b) (PreviewImporter) -> (artifact id: '344d04db844707e12095b5ef83d806f9') in 0.021626 seconds
Number of updated asset objects reloaded before import = 0Number of asset objects unloaded after import = 3

========================================================================
Received Import Request.
  Time since last request: 0.000029 seconds.
  path: Assets/Resources/res/x3/CharEffect/nrd6.png
  artifactKey: Guid(a3d1caab065761843a01d28c3c97980d) Importer(815301076,1909f56bfc062723c751e8b465ee728b)
Start importing Assets/Resources/res/x3/CharEffect/nrd6.png using Guid(a3d1caab065761843a01d28c3c97980d) Importer(815301076,1909f56bfc062723c751e8b465ee728b) (PreviewImporter) -> (artifact id: '2f41a89df6e88776f4b3ffd632191fa0') in 0.0196823 seconds
Number of updated asset objects reloaded before import = 0Number of asset objects unloaded after import = 3

========================================================================
Received Import Request.
  Time since last request: 1.661504 seconds.
  path: Assets/Resources/res/x3/bg/fog0.png
  artifactKey: Guid(353622799d018464ab34beee2fd69dd2) Importer(815301076,1909f56bfc062723c751e8b465ee728b)
Start importing Assets/Resources/res/x3/bg/fog0.png using Guid(353622799d018464ab34beee2fd69dd2) Importer(815301076,1909f56bfc062723c751e8b465ee728b) (PreviewImporter) -> (artifact id: 'b9d50212ba6ed1bb6345acb3ecfa0009') in 0.0228523 seconds
Number of updated asset objects reloaded before import = 0Number of asset objects unloaded after import = 3

========================================================================
Received Import Request.
  Time since last request: 0.000023 seconds.
  path: Assets/Resources/res/x3/bg/light.png
  artifactKey: Guid(15c36aa11527a7347b853d67c231d115) Importer(815301076,1909f56bfc062723c751e8b465ee728b)
Start importing Assets/Resources/res/x3/bg/light.png using Guid(15c36aa11527a7347b853d67c231d115) Importer(815301076,1909f56bfc062723c751e8b465ee728b) (PreviewImporter) -> (artifact id: '89cccbea535760dca46a35ef50175988') in 0.0241878 seconds
Number of updated asset objects reloaded before import = 0Number of asset objects unloaded after import = 3

========================================================================
Received Import Request.
  Time since last request: 1.228239 seconds.
  path: Assets/Resources/res/x3/e/d00.png
  artifactKey: Guid(c0733b59f27af114cbc0ee96fede368a) Importer(815301076,1909f56bfc062723c751e8b465ee728b)
Start importing Assets/Resources/res/x3/e/d00.png using Guid(c0733b59f27af114cbc0ee96fede368a) Importer(815301076,1909f56bfc062723c751e8b465ee728b) (PreviewImporter) -> (artifact id: '705552225eb8b397e7a8d58ad335bcc2') in 0.0225289 seconds
Number of updated asset objects reloaded before import = 0Number of asset objects unloaded after import = 3

========================================================================
Received Import Request.
  Time since last request: 0.000018 seconds.
  path: Assets/Resources/res/x3/e/e_4.png
  artifactKey: Guid(c36f2a48f259cc840a80a84421fd37b0) Importer(815301076,1909f56bfc062723c751e8b465ee728b)
Start importing Assets/Resources/res/x3/e/e_4.png using Guid(c36f2a48f259cc840a80a84421fd37b0) Importer(815301076,1909f56bfc062723c751e8b465ee728b) (PreviewImporter) -> (artifact id: '877570dcee36c2cfac33e345b479e67b') in 0.0246065 seconds
Number of updated asset objects reloaded before import = 0Number of asset objects unloaded after import = 3

========================================================================
Received Import Request.
  Time since last request: 0.000022 seconds.
  path: Assets/Resources/res/x3/e/e_7.png
  artifactKey: Guid(9f1442e96ffe88b4c80df8bebed29b89) Importer(815301076,1909f56bfc062723c751e8b465ee728b)
Start importing Assets/Resources/res/x3/e/e_7.png using Guid(9f1442e96ffe88b4c80df8bebed29b89) Importer(815301076,1909f56bfc062723c751e8b465ee728b) (PreviewImporter) -> (artifact id: 'e27d506d5d70a80f8218f044e18a8ea4') in 0.0257233 seconds
Number of updated asset objects reloaded before import = 0Number of asset objects unloaded after import = 3

========================================================================
Received Import Request.
  Time since last request: 0.000028 seconds.
  path: Assets/Resources/res/x3/e/e_20.png
  artifactKey: Guid(2f404629df6cdcc43bd5fd663729a2f5) Importer(815301076,1909f56bfc062723c751e8b465ee728b)
Start importing Assets/Resources/res/x3/e/e_20.png using Guid(2f404629df6cdcc43bd5fd663729a2f5) Importer(815301076,1909f56bfc062723c751e8b465ee728b) (PreviewImporter) -> (artifact id: '671befdcc5b2701b004f696a9bf29d96') in 0.0269543 seconds
Number of updated asset objects reloaded before import = 0Number of asset objects unloaded after import = 3

========================================================================
Received Import Request.
  Time since last request: 0.000023 seconds.
  path: Assets/Resources/res/x3/e/e_17.png
  artifactKey: Guid(350cecbda4a2b1c40bbfa3d655dc2df8) Importer(815301076,1909f56bfc062723c751e8b465ee728b)
Start importing Assets/Resources/res/x3/e/e_17.png using Guid(350cecbda4a2b1c40bbfa3d655dc2df8) Importer(815301076,1909f56bfc062723c751e8b465ee728b) (PreviewImporter) -> (artifact id: 'ea85dd98d09568c8532cc66994c0d021') in 0.0229958 seconds
Number of updated asset objects reloaded before import = 0Number of asset objects unloaded after import = 3

========================================================================
Received Import Request.
  Time since last request: 0.000088 seconds.
  path: Assets/Resources/res/x3/e/d10.png
  artifactKey: Guid(3c15322f7e82f3c4fb8ee0332a0f937d) Importer(815301076,1909f56bfc062723c751e8b465ee728b)
Start importing Assets/Resources/res/x3/e/d10.png using Guid(3c15322f7e82f3c4fb8ee0332a0f937d) Importer(815301076,1909f56bfc062723c751e8b465ee728b) (PreviewImporter) -> (artifact id: '37101ddc8845a11b1608d3db8bb75771') in 0.015437 seconds
Number of updated asset objects reloaded before import = 0Number of asset objects unloaded after import = 3

========================================================================
Received Import Request.
  Time since last request: 0.000072 seconds.
  path: Assets/Resources/res/x3/e/e_11.png
  artifactKey: Guid(f34537dbf8011d8489f0f5d5eaa26251) Importer(815301076,1909f56bfc062723c751e8b465ee728b)
Start importing Assets/Resources/res/x3/e/e_11.png using Guid(f34537dbf8011d8489f0f5d5eaa26251) Importer(815301076,1909f56bfc062723c751e8b465ee728b) (PreviewImporter) -> (artifact id: 'a527375dc3e55436193a121c2bf9f2ad') in 0.0248395 seconds
Number of updated asset objects reloaded before import = 0Number of asset objects unloaded after import = 3

========================================================================
Received Import Request.
  Time since last request: 0.000017 seconds.
  path: Assets/Resources/res/x3/e/e_0.png
  artifactKey: Guid(0e23ab83c4b46074d98169f5252e225c) Importer(815301076,1909f56bfc062723c751e8b465ee728b)
Start importing Assets/Resources/res/x3/e/e_0.png using Guid(0e23ab83c4b46074d98169f5252e225c) Importer(815301076,1909f56bfc062723c751e8b465ee728b) (PreviewImporter) -> (artifact id: 'e104f6064494fdc0a2b0300f81ec1b4d') in 0.023434 seconds
Number of updated asset objects reloaded before import = 0Number of asset objects unloaded after import = 3

========================================================================
Received Import Request.
  Time since last request: 0.000032 seconds.
  path: Assets/Resources/res/x3/e/e_13.png
  artifactKey: Guid(306240f8f6e96fc4fae929cdb3d17af2) Importer(815301076,1909f56bfc062723c751e8b465ee728b)
Start importing Assets/Resources/res/x3/e/e_13.png using Guid(306240f8f6e96fc4fae929cdb3d17af2) Importer(815301076,1909f56bfc062723c751e8b465ee728b) (PreviewImporter) -> (artifact id: '942685af13975eeab9dda827f94b9a0a') in 0.0222244 seconds
Number of updated asset objects reloaded before import = 0Number of asset objects unloaded after import = 3

========================================================================
Received Import Request.
  Time since last request: 0.000019 seconds.
  path: Assets/Resources/res/x3/e/e_14.png
  artifactKey: Guid(0823c93c1ddd985419defde2f2e64aec) Importer(815301076,1909f56bfc062723c751e8b465ee728b)
Start importing Assets/Resources/res/x3/e/e_14.png using Guid(0823c93c1ddd985419defde2f2e64aec) Importer(815301076,1909f56bfc062723c751e8b465ee728b) (PreviewImporter) -> (artifact id: 'f3220cc1314bfcfdcdf5a354b6007863') in 0.0255472 seconds
Number of updated asset objects reloaded before import = 0Number of asset objects unloaded after import = 3

========================================================================
Received Import Request.
  Time since last request: 0.000022 seconds.
  path: Assets/Resources/res/x3/e/e_15.png
  artifactKey: Guid(99347ca5574d6ed4299099a5cb18407b) Importer(815301076,1909f56bfc062723c751e8b465ee728b)
Start importing Assets/Resources/res/x3/e/e_15.png using Guid(99347ca5574d6ed4299099a5cb18407b) Importer(815301076,1909f56bfc062723c751e8b465ee728b) (PreviewImporter) -> (artifact id: '88d2c8e34da6e3a169967f8999d69418') in 0.0193434 seconds
Number of updated asset objects reloaded before import = 0Number of asset objects unloaded after import = 3

========================================================================
Received Import Request.
  Time since last request: 0.000021 seconds.
  path: Assets/Resources/res/x3/e/e_2.png
  artifactKey: Guid(f34322a2bb7cc7340af8244406ce0159) Importer(815301076,1909f56bfc062723c751e8b465ee728b)
Start importing Assets/Resources/res/x3/e/e_2.png using Guid(f34322a2bb7cc7340af8244406ce0159) Importer(815301076,1909f56bfc062723c751e8b465ee728b) (PreviewImporter) -> (artifact id: '3561f622b0902a0b30ae7f8512acdec4') in 0.0260176 seconds
Number of updated asset objects reloaded before import = 0Number of asset objects unloaded after import = 3

========================================================================
Received Import Request.
  Time since last request: 0.000024 seconds.
  path: Assets/Resources/res/x3/e/d04.png
  artifactKey: Guid(6f72d6ff8f451cc42a2ca48631941a25) Importer(815301076,1909f56bfc062723c751e8b465ee728b)
Start importing Assets/Resources/res/x3/e/d04.png using Guid(6f72d6ff8f451cc42a2ca48631941a25) Importer(815301076,1909f56bfc062723c751e8b465ee728b) (PreviewImporter) -> (artifact id: '678262995b8a4837ccaedb8103fd559a') in 0.0198358 seconds
Number of updated asset objects reloaded before import = 0Number of asset objects unloaded after import = 3

========================================================================
Received Import Request.
  Time since last request: 1.207349 seconds.
  path: Assets/Resources/res/x3/mainimage/12+.png
  artifactKey: Guid(2c0120ad5ba9da54b9f59476557021ad) Importer(815301076,1909f56bfc062723c751e8b465ee728b)
Start importing Assets/Resources/res/x3/mainimage/12+.png using Guid(2c0120ad5ba9da54b9f59476557021ad) Importer(815301076,1909f56bfc062723c751e8b465ee728b) (PreviewImporter) -> (artifact id: '45056717a635fb3dbff7700d53b058fa') in 0.0182467 seconds
Number of updated asset objects reloaded before import = 0Number of asset objects unloaded after import = 3

========================================================================
Received Import Request.
  Time since last request: 0.000021 seconds.
  path: Assets/Resources/res/x3/mainimage/logo1.png
  artifactKey: Guid(5eb60e32df837f94a8d83dec2228d5a6) Importer(815301076,1909f56bfc062723c751e8b465ee728b)
Start importing Assets/Resources/res/x3/mainimage/logo1.png using Guid(5eb60e32df837f94a8d83dec2228d5a6) Importer(815301076,1909f56bfc062723c751e8b465ee728b) (PreviewImporter) -> (artifact id: '89fbd6e3b1d5d322ae5deb9004487714') in 0.0203975 seconds
Number of updated asset objects reloaded before import = 0Number of asset objects unloaded after import = 3

========================================================================
Received Import Request.
  Time since last request: 0.000021 seconds.
  path: Assets/Resources/res/x3/mainimage/i_vs.png
  artifactKey: Guid(c2ab6cd6559ac664491f807cf5d9442d) Importer(815301076,1909f56bfc062723c751e8b465ee728b)
Start importing Assets/Resources/res/x3/mainimage/i_vs.png using Guid(c2ab6cd6559ac664491f807cf5d9442d) Importer(815301076,1909f56bfc062723c751e8b465ee728b) (PreviewImporter) -> (artifact id: '080ce951f58b1f749fc0773d9db6005a') in 0.0199626 seconds
Number of updated asset objects reloaded before import = 0Number of asset objects unloaded after import = 3

========================================================================
Received Import Request.
  Time since last request: 0.000042 seconds.
  path: Assets/Resources/res/x3/mainimage/myTexture2dbtMenu1.png
  artifactKey: Guid(fb73d260b2dfe184f8bbee8d884bee8e) Importer(815301076,1909f56bfc062723c751e8b465ee728b)
Start importing Assets/Resources/res/x3/mainimage/myTexture2dbtMenu1.png using Guid(fb73d260b2dfe184f8bbee8d884bee8e) Importer(815301076,1909f56bfc062723c751e8b465ee728b) (PreviewImporter) -> (artifact id: '668a2ae51a9f0022f5bb2a24ef202217') in 0.0201914 seconds
Number of updated asset objects reloaded before import = 0Number of asset objects unloaded after import = 3

========================================================================
Received Import Request.
  Time since last request: 0.000032 seconds.
  path: Assets/Resources/res/x3/mainimage/myTexture2danalog1.png
  artifactKey: Guid(4873b74b5679d1f459b3efc6d5960496) Importer(815301076,1909f56bfc062723c751e8b465ee728b)
Start importing Assets/Resources/res/x3/mainimage/myTexture2danalog1.png using Guid(4873b74b5679d1f459b3efc6d5960496) Importer(815301076,1909f56bfc062723c751e8b465ee728b) (PreviewImporter) -> (artifact id: '1f1d468aa5579e68126322b637ffabc2') in 0.0201519 seconds
Number of updated asset objects reloaded before import = 0Number of asset objects unloaded after import = 3

========================================================================
Received Import Request.
  Time since last request: 0.000216 seconds.
  path: Assets/Resources/res/x3/mainimage/i_pve_bar_0.png
  artifactKey: Guid(0a74329695c7f354aa454ada6b9624a5) Importer(815301076,1909f56bfc062723c751e8b465ee728b)
Start importing Assets/Resources/res/x3/mainimage/i_pve_bar_0.png using Guid(0a74329695c7f354aa454ada6b9624a5) Importer(815301076,1909f56bfc062723c751e8b465ee728b) (PreviewImporter) -> (artifact id: 'f875be19fb5bfa2a8057bc38e9c94962') in 0.0209556 seconds
Number of updated asset objects reloaded before import = 0Number of asset objects unloaded after import = 3

========================================================================
Received Import Request.
  Time since last request: 0.000019 seconds.
  path: Assets/Resources/res/x3/mainimage/myTexture2dbong.png
  artifactKey: Guid(b07a237762baf2a43828431cd5e87bbe) Importer(815301076,1909f56bfc062723c751e8b465ee728b)
Start importing Assets/Resources/res/x3/mainimage/myTexture2dbong.png using Guid(b07a237762baf2a43828431cd5e87bbe) Importer(815301076,1909f56bfc062723c751e8b465ee728b) (PreviewImporter) -> (artifact id: 'df3e6e1d8a095a1bbde78a4acd333867') in 0.0194672 seconds
Number of updated asset objects reloaded before import = 0Number of asset objects unloaded after import = 3

========================================================================
Received Import Request.
  Time since last request: 0.000044 seconds.
  path: Assets/Resources/res/x3/mainimage/myTexture2darrow2.png
  artifactKey: Guid(18bf91144a17c044c89646c33d9338d6) Importer(815301076,1909f56bfc062723c751e8b465ee728b)
Start importing Assets/Resources/res/x3/mainimage/myTexture2darrow2.png using Guid(18bf91144a17c044c89646c33d9338d6) Importer(815301076,1909f56bfc062723c751e8b465ee728b) (PreviewImporter) -> (artifact id: 'df5192a9ead8df3de7823cdfb41e252c') in 0.0204834 seconds
Number of updated asset objects reloaded before import = 0Number of asset objects unloaded after import = 3

========================================================================
Received Import Request.
  Time since last request: 0.000018 seconds.
  path: Assets/Resources/res/x3/mainimage/i_hp.png
  artifactKey: Guid(5a152d6a1f7569c4b83b7c6f287270d2) Importer(815301076,1909f56bfc062723c751e8b465ee728b)
Start importing Assets/Resources/res/x3/mainimage/i_hp.png using Guid(5a152d6a1f7569c4b83b7c6f287270d2) Importer(815301076,1909f56bfc062723c751e8b465ee728b) (PreviewImporter) -> (artifact id: '500bdb7f5475d0defda755824a47a21e') in 0.0175 seconds
Number of updated asset objects reloaded before import = 0Number of asset objects unloaded after import = 3

========================================================================
Received Import Request.
  Time since last request: 0.000025 seconds.
  path: Assets/Resources/res/x3/mainimage/myTexture2darrow3.png
  artifactKey: Guid(cd9dff55fdcd32e4c8eeac708b04bc20) Importer(815301076,1909f56bfc062723c751e8b465ee728b)
Start importing Assets/Resources/res/x3/mainimage/myTexture2darrow3.png using Guid(cd9dff55fdcd32e4c8eeac708b04bc20) Importer(815301076,1909f56bfc062723c751e8b465ee728b) (PreviewImporter) -> (artifact id: '8f2106cef177f614613c59d271868e07') in 0.0200045 seconds
Number of updated asset objects reloaded before import = 0Number of asset objects unloaded after import = 3

========================================================================
Received Import Request.
  Time since last request: 0.000029 seconds.
  path: Assets/Resources/res/x3/mainimage/myTexture2dbantay.png
  artifactKey: Guid(01cf29c2e64dcf14683cb8cca2e51810) Importer(815301076,1909f56bfc062723c751e8b465ee728b)
Start importing Assets/Resources/res/x3/mainimage/myTexture2dbantay.png using Guid(01cf29c2e64dcf14683cb8cca2e51810) Importer(815301076,1909f56bfc062723c751e8b465ee728b) (PreviewImporter) -> (artifact id: '482281332875a985c7727ca73c7a79b3') in 0.019769 seconds
Number of updated asset objects reloaded before import = 0Number of asset objects unloaded after import = 3

========================================================================
Received Import Request.
  Time since last request: 0.000018 seconds.
  path: Assets/Resources/res/x3/mainimage/myTexture2dbtnl2.png
  artifactKey: Guid(11d71aabca9190444aae34abafdc4d2a) Importer(815301076,1909f56bfc062723c751e8b465ee728b)
Start importing Assets/Resources/res/x3/mainimage/myTexture2dbtnl2.png using Guid(11d71aabca9190444aae34abafdc4d2a) Importer(815301076,1909f56bfc062723c751e8b465ee728b) (PreviewImporter) -> (artifact id: '39598a75f816ba9addd3cc1051e4915d') in 0.0173211 seconds
Number of updated asset objects reloaded before import = 0Number of asset objects unloaded after import = 3

========================================================================
Received Import Request.
  Time since last request: 0.000046 seconds.
  path: Assets/Resources/res/x3/mainimage/btn0right.png
  artifactKey: Guid(9de6051f83f933c40840d88d6ce198d7) Importer(815301076,1909f56bfc062723c751e8b465ee728b)
Start importing Assets/Resources/res/x3/mainimage/btn0right.png using Guid(9de6051f83f933c40840d88d6ce198d7) Importer(815301076,1909f56bfc062723c751e8b465ee728b) (PreviewImporter) -> (artifact id: '659c646cd7cc2e67b1aa34291e27cd31') in 0.019411 seconds
Number of updated asset objects reloaded before import = 0Number of asset objects unloaded after import = 3

========================================================================
Received Import Request.
  Time since last request: 2.213349 seconds.
  path: Assets/Resources/res/x3/effectdata/17
  artifactKey: Guid(e07164783241cc3489d254e1f114647a) Importer(815301076,1909f56bfc062723c751e8b465ee728b)
Start importing Assets/Resources/res/x3/effectdata/17 using Guid(e07164783241cc3489d254e1f114647a) Importer(815301076,1909f56bfc062723c751e8b465ee728b) (PreviewImporter) -> (artifact id: 'ac1f4da6b375ba65f261e9f4c97e14e8') in 0.0007501 seconds
Number of updated asset objects reloaded before import = 0Number of asset objects unloaded after import = 0

========================================================================
Received Import Request.
  Time since last request: 0.244273 seconds.
  path: Assets/Resources/res/x3/effectdata/17/img.png
  artifactKey: Guid(2f277e6d96ea8b54796e5ddc428f236a) Importer(815301076,1909f56bfc062723c751e8b465ee728b)
Start importing Assets/Resources/res/x3/effectdata/17/img.png using Guid(2f277e6d96ea8b54796e5ddc428f236a) Importer(815301076,1909f56bfc062723c751e8b465ee728b) (PreviewImporter) -> (artifact id: '720d301832fe4a66303790f5d524a1a2') in 0.024768 seconds
Number of updated asset objects reloaded before import = 0Number of asset objects unloaded after import = 3

========================================================================
Received Import Request.
  Time since last request: 2.749494 seconds.
  path: Assets/Resources/res/x3/pc/chat.png
  artifactKey: Guid(d565d7f2572529b4794ee3350c158f67) Importer(815301076,1909f56bfc062723c751e8b465ee728b)
Start importing Assets/Resources/res/x3/pc/chat.png using Guid(d565d7f2572529b4794ee3350c158f67) Importer(815301076,1909f56bfc062723c751e8b465ee728b) (PreviewImporter) -> (artifact id: '9018952dbdc0f8c51b1f535c9e0c924f') in 0.0255474 seconds
Number of updated asset objects reloaded before import = 0Number of asset objects unloaded after import = 3

========================================================================
Received Import Request.
  Time since last request: 0.628702 seconds.
  path: Assets/Resources/res/x3/radar/0.png
  artifactKey: Guid(bece960f2a7c1c74f960c3f5dcb6bab1) Importer(815301076,1909f56bfc062723c751e8b465ee728b)
Start importing Assets/Resources/res/x3/radar/0.png using Guid(bece960f2a7c1c74f960c3f5dcb6bab1) Importer(815301076,1909f56bfc062723c751e8b465ee728b) (PreviewImporter) -> (artifact id: '25a062dd27a6c684996dee5bbbaa610b') in 0.0331244 seconds
Number of updated asset objects reloaded before import = 0Number of asset objects unloaded after import = 3

========================================================================
Received Import Request.
  Time since last request: 0.000027 seconds.
  path: Assets/Resources/res/x3/radar/15.png
  artifactKey: Guid(b0ff0a2004f3c68479b85c337dcf1304) Importer(815301076,1909f56bfc062723c751e8b465ee728b)
Start importing Assets/Resources/res/x3/radar/15.png using Guid(b0ff0a2004f3c68479b85c337dcf1304) Importer(815301076,1909f56bfc062723c751e8b465ee728b) (PreviewImporter) -> (artifact id: '1202e22e99a4edb0901a374689ccee59') in 0.0259844 seconds
Number of updated asset objects reloaded before import = 0Number of asset objects unloaded after import = 3

========================================================================
Received Import Request.
  Time since last request: 0.000024 seconds.
  path: Assets/Resources/res/x3/radar/21.png
  artifactKey: Guid(4e212fcf202de5d429c7bc823d4f347b) Importer(815301076,1909f56bfc062723c751e8b465ee728b)
Start importing Assets/Resources/res/x3/radar/21.png using Guid(4e212fcf202de5d429c7bc823d4f347b) Importer(815301076,1909f56bfc062723c751e8b465ee728b) (PreviewImporter) -> (artifact id: '18bdfc2d2c32b6d2ecd0f138c562e050') in 0.0225492 seconds
Number of updated asset objects reloaded before import = 0Number of asset objects unloaded after import = 3

========================================================================
Received Import Request.
  Time since last request: 0.000053 seconds.
  path: Assets/Resources/res/x3/radar/17.png
  artifactKey: Guid(74dd3d43f18eb194bac50ccf8050204e) Importer(815301076,1909f56bfc062723c751e8b465ee728b)
Start importing Assets/Resources/res/x3/radar/17.png using Guid(74dd3d43f18eb194bac50ccf8050204e) Importer(815301076,1909f56bfc062723c751e8b465ee728b) (PreviewImporter) -> (artifact id: 'c9de128b71724251d568b5e3bb118cac') in 0.0232101 seconds
Number of updated asset objects reloaded before import = 0Number of asset objects unloaded after import = 3

========================================================================
Received Import Request.
  Time since last request: 0.000021 seconds.
  path: Assets/Resources/res/x3/radar/16.png
  artifactKey: Guid(fc2d75704df05ff47aa55acb1fffce95) Importer(815301076,1909f56bfc062723c751e8b465ee728b)
Start importing Assets/Resources/res/x3/radar/16.png using Guid(fc2d75704df05ff47aa55acb1fffce95) Importer(815301076,1909f56bfc062723c751e8b465ee728b) (PreviewImporter) -> (artifact id: '1b4691a325c694d5ca64af96285d9df1') in 0.0251209 seconds
Number of updated asset objects reloaded before import = 0Number of asset objects unloaded after import = 3

========================================================================
Received Import Request.
  Time since last request: 0.000021 seconds.
  path: Assets/Resources/res/x3/radar/3.png
  artifactKey: Guid(baef631dbe728ed44a8e157e787e0f74) Importer(815301076,1909f56bfc062723c751e8b465ee728b)
Start importing Assets/Resources/res/x3/radar/3.png using Guid(baef631dbe728ed44a8e157e787e0f74) Importer(815301076,1909f56bfc062723c751e8b465ee728b) (PreviewImporter) -> (artifact id: '0a4d8e875705603f4f55c51d4abf53d2') in 0.0263729 seconds
Number of updated asset objects reloaded before import = 0Number of asset objects unloaded after import = 3

========================================================================
Received Import Request.
  Time since last request: 0.000020 seconds.
  path: Assets/Resources/res/x3/radar/18.png
  artifactKey: Guid(592747bdce36a4443920adfc9036615b) Importer(815301076,1909f56bfc062723c751e8b465ee728b)
Start importing Assets/Resources/res/x3/radar/18.png using Guid(592747bdce36a4443920adfc9036615b) Importer(815301076,1909f56bfc062723c751e8b465ee728b) (PreviewImporter) -> (artifact id: 'd16a18ac1d0b37f548c3e06ecd15dea5') in 0.0219403 seconds
Number of updated asset objects reloaded before import = 0Number of asset objects unloaded after import = 3

========================================================================
Received Import Request.
  Time since last request: 0.000039 seconds.
  path: Assets/Resources/res/x3/radar/12.png
  artifactKey: Guid(96d48209adef50c42a2063ed6319a4c9) Importer(815301076,1909f56bfc062723c751e8b465ee728b)
Start importing Assets/Resources/res/x3/radar/12.png using Guid(96d48209adef50c42a2063ed6319a4c9) Importer(815301076,1909f56bfc062723c751e8b465ee728b) (PreviewImporter) -> (artifact id: 'feaf3c3f2a091401c1f4e158aed346a6') in 0.0203172 seconds
Number of updated asset objects reloaded before import = 0Number of asset objects unloaded after import = 3

========================================================================
Received Import Request.
  Time since last request: 0.483307 seconds.
  path: Assets/Resources/res/x3/smallimage/Small1085.png
  artifactKey: Guid(62550472d60ff2f47a1f4c6d6ea06e76) Importer(815301076,1909f56bfc062723c751e8b465ee728b)
Start importing Assets/Resources/res/x3/smallimage/Small1085.png using Guid(62550472d60ff2f47a1f4c6d6ea06e76) Importer(815301076,1909f56bfc062723c751e8b465ee728b) (PreviewImporter) -> (artifact id: 'f63104092d00213d31cfa82c3e31aa22') in 0.0214624 seconds
Number of updated asset objects reloaded before import = 0Number of asset objects unloaded after import = 3

========================================================================
Received Import Request.
  Time since last request: 1.370509 seconds.
  path: Assets/Resources/res/x4/gamelogo.png
  artifactKey: Guid(89cb9867fb9621c408d848a313f97755) Importer(815301076,1909f56bfc062723c751e8b465ee728b)
Start importing Assets/Resources/res/x4/gamelogo.png using Guid(89cb9867fb9621c408d848a313f97755) Importer(815301076,1909f56bfc062723c751e8b465ee728b) (PreviewImporter) -> (artifact id: '4f2d11fac22db2bf13dc1c6adba1b392') in 0.0257656 seconds
Number of updated asset objects reloaded before import = 0Number of asset objects unloaded after import = 3

========================================================================
Received Import Request.
  Time since last request: 2.423528 seconds.
  path: Assets/Resources/res/x4/CharEffect/blind.png
  artifactKey: Guid(7c7974387426c854b87f051a9b3fcebc) Importer(815301076,1909f56bfc062723c751e8b465ee728b)
Start importing Assets/Resources/res/x4/CharEffect/blind.png using Guid(7c7974387426c854b87f051a9b3fcebc) Importer(815301076,1909f56bfc062723c751e8b465ee728b) (PreviewImporter) -> (artifact id: 'bb40d21dd9acb9199dfee9257f1a17fc') in 0.0206059 seconds
Number of updated asset objects reloaded before import = 0Number of asset objects unloaded after import = 3

========================================================================
Received Import Request.
  Time since last request: 0.000090 seconds.
  path: Assets/Resources/res/x4/CharEffect/nrd3.png
  artifactKey: Guid(480c3852332cc1847958720d876f7f4c) Importer(815301076,1909f56bfc062723c751e8b465ee728b)
Start importing Assets/Resources/res/x4/CharEffect/nrd3.png using Guid(480c3852332cc1847958720d876f7f4c) Importer(815301076,1909f56bfc062723c751e8b465ee728b) (PreviewImporter) -> (artifact id: 'f70dc06763eb2d0ecee5ec6af017da04') in 0.022394 seconds
Number of updated asset objects reloaded before import = 0Number of asset objects unloaded after import = 3

========================================================================
Received Import Request.
  Time since last request: 0.000031 seconds.
  path: Assets/Resources/res/x4/CharEffect/nrd6.png
  artifactKey: Guid(e5ab0027aad962b419834ba9bdde894b) Importer(815301076,1909f56bfc062723c751e8b465ee728b)
Start importing Assets/Resources/res/x4/CharEffect/nrd6.png using Guid(e5ab0027aad962b419834ba9bdde894b) Importer(815301076,1909f56bfc062723c751e8b465ee728b) (PreviewImporter) -> (artifact id: '6681875991d251e10072f52022b83d00') in 0.0229864 seconds
Number of updated asset objects reloaded before import = 0Number of asset objects unloaded after import = 3

========================================================================
Received Import Request.
  Time since last request: 0.000036 seconds.
  path: Assets/Resources/res/x4/CharEffect/nrd2.png
  artifactKey: Guid(79e2e9b2fa326184faa3d5e7b0f27d80) Importer(815301076,1909f56bfc062723c751e8b465ee728b)
Start importing Assets/Resources/res/x4/CharEffect/nrd2.png using Guid(79e2e9b2fa326184faa3d5e7b0f27d80) Importer(815301076,1909f56bfc062723c751e8b465ee728b) (PreviewImporter) -> (artifact id: '83742f4ab20d37c7abb18d269e9d1090') in 0.0223267 seconds
Number of updated asset objects reloaded before import = 0Number of asset objects unloaded after import = 3

========================================================================
Received Import Request.
  Time since last request: 0.000025 seconds.
  path: Assets/Resources/res/x4/CharEffect/shield.png
  artifactKey: Guid(e10fd1dbc2095c442b603ff3247b1d78) Importer(815301076,1909f56bfc062723c751e8b465ee728b)
Start importing Assets/Resources/res/x4/CharEffect/shield.png using Guid(e10fd1dbc2095c442b603ff3247b1d78) Importer(815301076,1909f56bfc062723c751e8b465ee728b) (PreviewImporter) -> (artifact id: '20e08df8ac812409e1a0352508d7c68f') in 0.0236816 seconds
Number of updated asset objects reloaded before import = 0Number of asset objects unloaded after import = 3

========================================================================
Received Import Request.
  Time since last request: 0.000021 seconds.
  path: Assets/Resources/res/x4/CharEffect/tie.png
  artifactKey: Guid(7564d9b538770e14781cf56f7f3d7732) Importer(815301076,1909f56bfc062723c751e8b465ee728b)
Start importing Assets/Resources/res/x4/CharEffect/tie.png using Guid(7564d9b538770e14781cf56f7f3d7732) Importer(815301076,1909f56bfc062723c751e8b465ee728b) (PreviewImporter) -> (artifact id: '7dfbe517b5e3d65024dcb589a3b012bd') in 0.0220082 seconds
Number of updated asset objects reloaded before import = 0Number of asset objects unloaded after import = 3

========================================================================
Received Import Request.
  Time since last request: 0.000022 seconds.
  path: Assets/Resources/res/x4/CharEffect/monkey.png
  artifactKey: Guid(88b1ac7bf05cd204e99ca0d76f2c6cfd) Importer(815301076,1909f56bfc062723c751e8b465ee728b)
Start importing Assets/Resources/res/x4/CharEffect/monkey.png using Guid(88b1ac7bf05cd204e99ca0d76f2c6cfd) Importer(815301076,1909f56bfc062723c751e8b465ee728b) (PreviewImporter) -> (artifact id: '966b99ff542d5158e16b523d2fdb3060') in 0.023392 seconds
Number of updated asset objects reloaded before import = 0Number of asset objects unloaded after import = 3

========================================================================
Received Import Request.
  Time since last request: 0.616776 seconds.
  path: Assets/Resources/res/x4/bg/fog0.png
  artifactKey: Guid(82ba864a70a6c1d44b11992bd9f02736) Importer(815301076,1909f56bfc062723c751e8b465ee728b)
Start importing Assets/Resources/res/x4/bg/fog0.png using Guid(82ba864a70a6c1d44b11992bd9f02736) Importer(815301076,1909f56bfc062723c751e8b465ee728b) (PreviewImporter) -> (artifact id: '90ebaa06e5aed932b6974c984cb2fb6d') in 0.0364967 seconds
Number of updated asset objects reloaded before import = 0Number of asset objects unloaded after import = 3

========================================================================
Received Import Request.
  Time since last request: 1.953782 seconds.
  path: Assets/Resources/res/x4/e/d00.png
  artifactKey: Guid(f379bcc164440bd4bafbac25edc9ac12) Importer(815301076,1909f56bfc062723c751e8b465ee728b)
Start importing Assets/Resources/res/x4/e/d00.png using Guid(f379bcc164440bd4bafbac25edc9ac12) Importer(815301076,1909f56bfc062723c751e8b465ee728b) (PreviewImporter) -> (artifact id: '551a2010255b68ec2c4219c3924e6d8e') in 0.0186684 seconds
Number of updated asset objects reloaded before import = 0Number of asset objects unloaded after import = 3

========================================================================
Received Import Request.
  Time since last request: 0.000023 seconds.
  path: Assets/Resources/res/x4/e/e_2.png
  artifactKey: Guid(b24c525b9cc5cc04fbda42c0fd02b129) Importer(815301076,1909f56bfc062723c751e8b465ee728b)
Start importing Assets/Resources/res/x4/e/e_2.png using Guid(b24c525b9cc5cc04fbda42c0fd02b129) Importer(815301076,1909f56bfc062723c751e8b465ee728b) (PreviewImporter) -> (artifact id: 'fd623550f15c9fe1dad6084263384bd8') in 0.020501 seconds
Number of updated asset objects reloaded before import = 0Number of asset objects unloaded after import = 3

========================================================================
Received Import Request.
  Time since last request: 0.000025 seconds.
  path: Assets/Resources/res/x4/e/e_0.png
  artifactKey: Guid(d2fd62d027040944bbb0560bf9567e16) Importer(815301076,1909f56bfc062723c751e8b465ee728b)
Start importing Assets/Resources/res/x4/e/e_0.png using Guid(d2fd62d027040944bbb0560bf9567e16) Importer(815301076,1909f56bfc062723c751e8b465ee728b) (PreviewImporter) -> (artifact id: '5b36a101824c714146b010ecc63ca079') in 0.0292717 seconds
Number of updated asset objects reloaded before import = 0Number of asset objects unloaded after import = 3

========================================================================
Received Import Request.
  Time since last request: 0.000024 seconds.
  path: Assets/Resources/res/x4/e/d12.png
  artifactKey: Guid(85c654c07d708fe41859490c08afbb01) Importer(815301076,1909f56bfc062723c751e8b465ee728b)
Start importing Assets/Resources/res/x4/e/d12.png using Guid(85c654c07d708fe41859490c08afbb01) Importer(815301076,1909f56bfc062723c751e8b465ee728b) (PreviewImporter) -> (artifact id: '28b97582495e003465cd79302feb697e') in 0.0212189 seconds
Number of updated asset objects reloaded before import = 0Number of asset objects unloaded after import = 3

========================================================================
Received Import Request.
  Time since last request: 0.000025 seconds.
  path: Assets/Resources/res/x4/e/e_23.png
  artifactKey: Guid(0d588ccab8a917d43bc62dae76be5640) Importer(815301076,1909f56bfc062723c751e8b465ee728b)
Start importing Assets/Resources/res/x4/e/e_23.png using Guid(0d588ccab8a917d43bc62dae76be5640) Importer(815301076,1909f56bfc062723c751e8b465ee728b) (PreviewImporter) -> (artifact id: '01986f89169d4580cbc58640f051f1db') in 0.0341449 seconds
Number of updated asset objects reloaded before import = 0Number of asset objects unloaded after import = 3

========================================================================
Received Import Request.
  Time since last request: 0.000021 seconds.
  path: Assets/Resources/res/x4/e/e_13.png
  artifactKey: Guid(898b5b5892fbc6f49b45572dc3965b9b) Importer(815301076,1909f56bfc062723c751e8b465ee728b)
Start importing Assets/Resources/res/x4/e/e_13.png using Guid(898b5b5892fbc6f49b45572dc3965b9b) Importer(815301076,1909f56bfc062723c751e8b465ee728b) (PreviewImporter) -> (artifact id: '3d54a7860d705690c6835988c24becba') in 0.0284081 seconds
Number of updated asset objects reloaded before import = 0Number of asset objects unloaded after import = 3

========================================================================
Received Import Request.
  Time since last request: 0.000055 seconds.
  path: Assets/Resources/res/x4/e/e_18.png
  artifactKey: Guid(876584afd5051e44a9089ccc84503a71) Importer(815301076,1909f56bfc062723c751e8b465ee728b)
Start importing Assets/Resources/res/x4/e/e_18.png using Guid(876584afd5051e44a9089ccc84503a71) Importer(815301076,1909f56bfc062723c751e8b465ee728b) (PreviewImporter) -> (artifact id: 'fc4de463b978c0ff18133eb647575cf8') in 0.0255765 seconds
Number of updated asset objects reloaded before import = 0Number of asset objects unloaded after import = 3

========================================================================
Received Import Request.
  Time since last request: 0.000022 seconds.
  path: Assets/Resources/res/x4/e/e_19.png
  artifactKey: Guid(145c6f7533f1e674eb63e685ed7153b6) Importer(815301076,1909f56bfc062723c751e8b465ee728b)
Start importing Assets/Resources/res/x4/e/e_19.png using Guid(145c6f7533f1e674eb63e685ed7153b6) Importer(815301076,1909f56bfc062723c751e8b465ee728b) (PreviewImporter) -> (artifact id: 'd1930dc8161a717a8d63884e99148806') in 0.0291503 seconds
Number of updated asset objects reloaded before import = 0Number of asset objects unloaded after import = 3

========================================================================
Received Import Request.
  Time since last request: 0.000052 seconds.
  path: Assets/Resources/res/x4/e/e_27.png
  artifactKey: Guid(3a0c71831d71ba048a6a0156bcb84a4c) Importer(815301076,1909f56bfc062723c751e8b465ee728b)
Start importing Assets/Resources/res/x4/e/e_27.png using Guid(3a0c71831d71ba048a6a0156bcb84a4c) Importer(815301076,1909f56bfc062723c751e8b465ee728b) (PreviewImporter) -> (artifact id: '279f981224b97773c29ae46d3b42d7cb') in 0.021328 seconds
Number of updated asset objects reloaded before import = 0Number of asset objects unloaded after import = 3

========================================================================
Received Import Request.
  Time since last request: 0.000021 seconds.
  path: Assets/Resources/res/x4/e/e_21.png
  artifactKey: Guid(1b77630c7e5d7a543ac02f342d78ef0e) Importer(815301076,1909f56bfc062723c751e8b465ee728b)
Start importing Assets/Resources/res/x4/e/e_21.png using Guid(1b77630c7e5d7a543ac02f342d78ef0e) Importer(815301076,1909f56bfc062723c751e8b465ee728b) (PreviewImporter) -> (artifact id: 'a772f9e94071e6aa33ca6cfc400844a6') in 0.0238029 seconds
Number of updated asset objects reloaded before import = 0Number of asset objects unloaded after import = 3

========================================================================
Received Import Request.
  Time since last request: 0.000075 seconds.
  path: Assets/Resources/res/x4/e/d11.png
  artifactKey: Guid(2726ae7c8c6cf8743907897d94b37d4b) Importer(815301076,1909f56bfc062723c751e8b465ee728b)
Start importing Assets/Resources/res/x4/e/d11.png using Guid(2726ae7c8c6cf8743907897d94b37d4b) Importer(815301076,1909f56bfc062723c751e8b465ee728b) (PreviewImporter) -> (artifact id: 'a943770fa51cbb8b5c1ab6f1a22e2252') in 0.0212995 seconds
Number of updated asset objects reloaded before import = 0Number of asset objects unloaded after import = 3

========================================================================
Received Import Request.
  Time since last request: 0.000021 seconds.
  path: Assets/Resources/res/x4/e/e_15.png
  artifactKey: Guid(127de4b237e42c5479aeea76bb1825fc) Importer(815301076,1909f56bfc062723c751e8b465ee728b)
Start importing Assets/Resources/res/x4/e/e_15.png using Guid(127de4b237e42c5479aeea76bb1825fc) Importer(815301076,1909f56bfc062723c751e8b465ee728b) (PreviewImporter) -> (artifact id: '1b59ce3754b3155c5bdda49239ae6797') in 0.0206145 seconds
Number of updated asset objects reloaded before import = 0Number of asset objects unloaded after import = 3

========================================================================
Received Import Request.
  Time since last request: 0.000022 seconds.
  path: Assets/Resources/res/x4/e/e_5.png
  artifactKey: Guid(0ed8dcc999b28ca41a6aaacc60d9ecee) Importer(815301076,1909f56bfc062723c751e8b465ee728b)
Start importing Assets/Resources/res/x4/e/e_5.png using Guid(0ed8dcc999b28ca41a6aaacc60d9ecee) Importer(815301076,1909f56bfc062723c751e8b465ee728b) (PreviewImporter) -> (artifact id: 'b29e2780c78b1f4b31ce834cbc79c8b9') in 0.024414 seconds
Number of updated asset objects reloaded before import = 0Number of asset objects unloaded after import = 3

========================================================================
Received Import Request.
  Time since last request: 1.133090 seconds.
  path: Assets/Resources/res/x4/mainimage/12+.png
  artifactKey: Guid(de55d68aa4f8a404c9a8b3af7668c1a0) Importer(815301076,1909f56bfc062723c751e8b465ee728b)
Start importing Assets/Resources/res/x4/mainimage/12+.png using Guid(de55d68aa4f8a404c9a8b3af7668c1a0) Importer(815301076,1909f56bfc062723c751e8b465ee728b) (PreviewImporter) -> (artifact id: '1e090ed05b10bf5ddbe7c25c896a8997') in 0.0175984 seconds
Number of updated asset objects reloaded before import = 0Number of asset objects unloaded after import = 3

========================================================================
Received Import Request.
  Time since last request: 0.000074 seconds.
  path: Assets/Resources/res/x4/mainimage/btn1mid.png
  artifactKey: Guid(cb569db6b46e3e345a2627e6bf4d7cd4) Importer(815301076,1909f56bfc062723c751e8b465ee728b)
Start importing Assets/Resources/res/x4/mainimage/btn1mid.png using Guid(cb569db6b46e3e345a2627e6bf4d7cd4) Importer(815301076,1909f56bfc062723c751e8b465ee728b) (PreviewImporter) -> (artifact id: '5fdb341d17d32599d92054a08f1d7678') in 0.0162428 seconds
Number of updated asset objects reloaded before import = 0Number of asset objects unloaded after import = 3

========================================================================
Received Import Request.
  Time since last request: 0.000017 seconds.
  path: Assets/Resources/res/x4/mainimage/luongkhoa.png
  artifactKey: Guid(3ff3401e163db054c809654787c05685) Importer(815301076,1909f56bfc062723c751e8b465ee728b)
Start importing Assets/Resources/res/x4/mainimage/luongkhoa.png using Guid(3ff3401e163db054c809654787c05685) Importer(815301076,1909f56bfc062723c751e8b465ee728b) (PreviewImporter) -> (artifact id: '2f7f57b542f0ac2528818a2e2aa6bbde') in 0.0181766 seconds
Number of updated asset objects reloaded before import = 0Number of asset objects unloaded after import = 3

========================================================================
Received Import Request.
  Time since last request: 0.000024 seconds.
  path: Assets/Resources/res/x4/mainimage/myTexture2dbtnlf.png
  artifactKey: Guid(8b6549991d5b5614bbd2e941e8d6f196) Importer(815301076,1909f56bfc062723c751e8b465ee728b)
Start importing Assets/Resources/res/x4/mainimage/myTexture2dbtnlf.png using Guid(8b6549991d5b5614bbd2e941e8d6f196) Importer(815301076,1909f56bfc062723c751e8b465ee728b) (PreviewImporter) -> (artifact id: '6cc46b2cfb771d1306959d856a2d51dc') in 0.0194469 seconds
Number of updated asset objects reloaded before import = 0Number of asset objects unloaded after import = 3

========================================================================
Received Import Request.
  Time since last request: 0.000022 seconds.
  path: Assets/Resources/res/x4/mainimage/i_pve_bar_1.png
  artifactKey: Guid(34ee34b9ec195814aaa6dc3d82f83b10) Importer(815301076,1909f56bfc062723c751e8b465ee728b)
Start importing Assets/Resources/res/x4/mainimage/i_pve_bar_1.png using Guid(34ee34b9ec195814aaa6dc3d82f83b10) Importer(815301076,1909f56bfc062723c751e8b465ee728b) (PreviewImporter) -> (artifact id: '4ab3e4ec11d3b5c6d813d1d8b8dc20b8') in 0.0188961 seconds
Number of updated asset objects reloaded before import = 0Number of asset objects unloaded after import = 3

========================================================================
Received Import Request.
  Time since last request: 0.000017 seconds.
  path: Assets/Resources/res/x4/mainimage/myTexture2darrow.png
  artifactKey: Guid(f4d30f2ace9f940468f3d753ca23948a) Importer(815301076,1909f56bfc062723c751e8b465ee728b)
Start importing Assets/Resources/res/x4/mainimage/myTexture2darrow.png using Guid(f4d30f2ace9f940468f3d753ca23948a) Importer(815301076,1909f56bfc062723c751e8b465ee728b) (PreviewImporter) -> (artifact id: '8204641185e87451d2d1458235e7c408') in 0.0174162 seconds
Number of updated asset objects reloaded before import = 0Number of asset objects unloaded after import = 3

========================================================================
Received Import Request.
  Time since last request: 0.000039 seconds.
  path: Assets/Resources/res/x4/mainimage/myTexture2dbtX.png
  artifactKey: Guid(09da859db8db66c428ac97ffebb24744) Importer(815301076,1909f56bfc062723c751e8b465ee728b)
Start importing Assets/Resources/res/x4/mainimage/myTexture2dbtX.png using Guid(09da859db8db66c428ac97ffebb24744) Importer(815301076,1909f56bfc062723c751e8b465ee728b) (PreviewImporter) -> (artifact id: '23ec139bd21f8a2500d9ec56a66e8d18') in 0.0184988 seconds
Number of updated asset objects reloaded before import = 0Number of asset objects unloaded after import = 3

========================================================================
Received Import Request.
  Time since last request: 0.000025 seconds.
  path: Assets/Resources/res/x4/mainimage/myTexture2dbd0.png
  artifactKey: Guid(65d176c2167a3b149a9db9a3f45232e9) Importer(815301076,1909f56bfc062723c751e8b465ee728b)
Start importing Assets/Resources/res/x4/mainimage/myTexture2dbd0.png using Guid(65d176c2167a3b149a9db9a3f45232e9) Importer(815301076,1909f56bfc062723c751e8b465ee728b) (PreviewImporter) -> (artifact id: '7c412c2ad30f618726d69395176e58fe') in 0.0202363 seconds
Number of updated asset objects reloaded before import = 0Number of asset objects unloaded after import = 3

========================================================================
Received Import Request.
  Time since last request: 0.000016 seconds.
  path: Assets/Resources/res/x4/mainimage/i_vs.png
  artifactKey: Guid(f6f06a8d6ef6c6d46bac86d332b0c095) Importer(815301076,1909f56bfc062723c751e8b465ee728b)
Start importing Assets/Resources/res/x4/mainimage/i_vs.png using Guid(f6f06a8d6ef6c6d46bac86d332b0c095) Importer(815301076,1909f56bfc062723c751e8b465ee728b) (PreviewImporter) -> (artifact id: '70530d5a26ecf89f060aa7fa813f676f') in 0.0187566 seconds
Number of updated asset objects reloaded before import = 0Number of asset objects unloaded after import = 3

========================================================================
Received Import Request.
  Time since last request: 0.000083 seconds.
  path: Assets/Resources/res/x4/mainimage/myTexture2dbtMenu2.png
  artifactKey: Guid(7be34dd3e8f70e646abf9010cd27adf5) Importer(815301076,1909f56bfc062723c751e8b465ee728b)
Start importing Assets/Resources/res/x4/mainimage/myTexture2dbtMenu2.png using Guid(7be34dd3e8f70e646abf9010cd27adf5) Importer(815301076,1909f56bfc062723c751e8b465ee728b) (PreviewImporter) -> (artifact id: '871bd16d746a31da8d05d64363bbd7f3') in 0.021044 seconds
Number of updated asset objects reloaded before import = 0Number of asset objects unloaded after import = 3

========================================================================
Received Import Request.
  Time since last request: 0.000148 seconds.
  path: Assets/Resources/res/x4/mainimage/logo1.png
  artifactKey: Guid(dceb7149b6f96e74cb073826d2c579f6) Importer(815301076,1909f56bfc062723c751e8b465ee728b)
Start importing Assets/Resources/res/x4/mainimage/logo1.png using Guid(dceb7149b6f96e74cb073826d2c579f6) Importer(815301076,1909f56bfc062723c751e8b465ee728b) (PreviewImporter) -> (artifact id: 'fb349bf1caad4dddd60e3f13e9197c17') in 0.0230601 seconds
Number of updated asset objects reloaded before import = 0Number of asset objects unloaded after import = 3

========================================================================
Received Import Request.
  Time since last request: 0.000036 seconds.
  path: Assets/Resources/res/x4/mainimage/myTexture2dbd1.png
  artifactKey: Guid(a67c2472994122b4baffca03bda607a2) Importer(815301076,1909f56bfc062723c751e8b465ee728b)
Start importing Assets/Resources/res/x4/mainimage/myTexture2dbd1.png using Guid(a67c2472994122b4baffca03bda607a2) Importer(815301076,1909f56bfc062723c751e8b465ee728b) (PreviewImporter) -> (artifact id: '42a0473e8b9e743361ec999bf66eecbf') in 0.017527 seconds
Number of updated asset objects reloaded before import = 0Number of asset objects unloaded after import = 3

========================================================================
Received Import Request.
  Time since last request: 0.000021 seconds.
  path: Assets/Resources/res/x4/mainimage/myTexture2danalog1.png
  artifactKey: Guid(bb0ba1913862d2142be897cee6a36fe1) Importer(815301076,1909f56bfc062723c751e8b465ee728b)
Start importing Assets/Resources/res/x4/mainimage/myTexture2danalog1.png using Guid(bb0ba1913862d2142be897cee6a36fe1) Importer(815301076,1909f56bfc062723c751e8b465ee728b) (PreviewImporter) -> (artifact id: '67b771d53cccb7fc794cfed3c134edba') in 0.0232828 seconds
Number of updated asset objects reloaded before import = 0Number of asset objects unloaded after import = 3

========================================================================
Received Import Request.
  Time since last request: 0.867784 seconds.
  path: Assets/Resources/res/x4/pc/chat.png
  artifactKey: Guid(73e960e875058e349aa538fda971cec6) Importer(815301076,1909f56bfc062723c751e8b465ee728b)
Start importing Assets/Resources/res/x4/pc/chat.png using Guid(73e960e875058e349aa538fda971cec6) Importer(815301076,1909f56bfc062723c751e8b465ee728b) (PreviewImporter) -> (artifact id: '63ebd5e305edf30038cf66f5b8106c99') in 0.0297275 seconds
Number of updated asset objects reloaded before import = 0Number of asset objects unloaded after import = 3

========================================================================
Received Import Request.
  Time since last request: 1.149558 seconds.
  path: Assets/Resources/res/x4/radar/0.png
  artifactKey: Guid(da719d7d150c95b458d0cc11d9d2c07f) Importer(815301076,1909f56bfc062723c751e8b465ee728b)
Start importing Assets/Resources/res/x4/radar/0.png using Guid(da719d7d150c95b458d0cc11d9d2c07f) Importer(815301076,1909f56bfc062723c751e8b465ee728b) (PreviewImporter) -> (artifact id: 'af4a28e7eac67456ef305e6721f59589') in 0.0309183 seconds
Number of updated asset objects reloaded before import = 0Number of asset objects unloaded after import = 3

========================================================================
Received Import Request.
  Time since last request: 0.000028 seconds.
  path: Assets/Resources/res/x4/radar/18.png
  artifactKey: Guid(c2f5280be1901bd42a5ad82b47f33bc1) Importer(815301076,1909f56bfc062723c751e8b465ee728b)
Start importing Assets/Resources/res/x4/radar/18.png using Guid(c2f5280be1901bd42a5ad82b47f33bc1) Importer(815301076,1909f56bfc062723c751e8b465ee728b) (PreviewImporter) -> (artifact id: '7cddd559af5eabdf3529a8d35edaa567') in 0.0241348 seconds
Number of updated asset objects reloaded before import = 0Number of asset objects unloaded after import = 3

========================================================================
Received Import Request.
  Time since last request: 0.000019 seconds.
  path: Assets/Resources/res/x4/radar/5.png
  artifactKey: Guid(f83704084a7d191459dfcc7f322dc0f9) Importer(815301076,1909f56bfc062723c751e8b465ee728b)
Start importing Assets/Resources/res/x4/radar/5.png using Guid(f83704084a7d191459dfcc7f322dc0f9) Importer(815301076,1909f56bfc062723c751e8b465ee728b) (PreviewImporter) -> (artifact id: '15a4e7fe54daf9f8174343d84b43d871') in 0.022099 seconds
Number of updated asset objects reloaded before import = 0Number of asset objects unloaded after import = 3

========================================================================
Received Import Request.
  Time since last request: 0.000023 seconds.
  path: Assets/Resources/res/x4/radar/19.png
  artifactKey: Guid(0ca3229da62a4a1408291bf2c5d1588e) Importer(815301076,1909f56bfc062723c751e8b465ee728b)
Start importing Assets/Resources/res/x4/radar/19.png using Guid(0ca3229da62a4a1408291bf2c5d1588e) Importer(815301076,1909f56bfc062723c751e8b465ee728b) (PreviewImporter) -> (artifact id: 'e4a3d01398d648fa1f0e789eb6541530') in 0.0183021 seconds
Number of updated asset objects reloaded before import = 0Number of asset objects unloaded after import = 3

========================================================================
Received Import Request.
  Time since last request: 0.000087 seconds.
  path: Assets/Resources/res/x4/radar/23.png
  artifactKey: Guid(a2b104c7eacb80649b92e99896b55dcb) Importer(815301076,1909f56bfc062723c751e8b465ee728b)
Start importing Assets/Resources/res/x4/radar/23.png using Guid(a2b104c7eacb80649b92e99896b55dcb) Importer(815301076,1909f56bfc062723c751e8b465ee728b) (PreviewImporter) -> (artifact id: 'eaed84d5c90c9349ff6e7368cc133146') in 0.0192386 seconds
Number of updated asset objects reloaded before import = 0Number of asset objects unloaded after import = 3

========================================================================
Received Import Request.
  Time since last request: 0.000019 seconds.
  path: Assets/Resources/res/x4/radar/4.png
  artifactKey: Guid(a824e0cf337cb1c42854c2e9d9b67f3d) Importer(815301076,1909f56bfc062723c751e8b465ee728b)
Start importing Assets/Resources/res/x4/radar/4.png using Guid(a824e0cf337cb1c42854c2e9d9b67f3d) Importer(815301076,1909f56bfc062723c751e8b465ee728b) (PreviewImporter) -> (artifact id: 'ac60da3f03b483cf810eb6bf0c93270c') in 0.0209492 seconds
Number of updated asset objects reloaded before import = 0Number of asset objects unloaded after import = 3

========================================================================
Received Import Request.
  Time since last request: 0.000037 seconds.
  path: Assets/Resources/res/x4/radar/3.png
  artifactKey: Guid(d19091c69ee76924d9753ea3915d9305) Importer(815301076,1909f56bfc062723c751e8b465ee728b)
Start importing Assets/Resources/res/x4/radar/3.png using Guid(d19091c69ee76924d9753ea3915d9305) Importer(815301076,1909f56bfc062723c751e8b465ee728b) (PreviewImporter) -> (artifact id: 'b25b66935b75ef15d20bc2bdd302c6f7') in 0.0213146 seconds
Number of updated asset objects reloaded before import = 0Number of asset objects unloaded after import = 3

========================================================================
Received Import Request.
  Time since last request: 0.000028 seconds.
  path: Assets/Resources/res/x4/radar/21.png
  artifactKey: Guid(d46ef8259a832d94a8717d03792c02f9) Importer(815301076,1909f56bfc062723c751e8b465ee728b)
Start importing Assets/Resources/res/x4/radar/21.png using Guid(d46ef8259a832d94a8717d03792c02f9) Importer(815301076,1909f56bfc062723c751e8b465ee728b) (PreviewImporter) -> (artifact id: 'cc19a4889ec5063f41603bf32085daac') in 0.0221775 seconds
Number of updated asset objects reloaded before import = 0Number of asset objects unloaded after import = 3

========================================================================
Received Import Request.
  Time since last request: 0.623172 seconds.
  path: Assets/Resources/res/x4/smallimage/Small1085.png
  artifactKey: Guid(477cb74bb49d893429b6befad2b3bebf) Importer(815301076,1909f56bfc062723c751e8b465ee728b)
Start importing Assets/Resources/res/x4/smallimage/Small1085.png using Guid(477cb74bb49d893429b6befad2b3bebf) Importer(815301076,1909f56bfc062723c751e8b465ee728b) (PreviewImporter) -> (artifact id: '7940df104a41834ee5a806a0e8861586') in 0.0216731 seconds
Number of updated asset objects reloaded before import = 0Number of asset objects unloaded after import = 3

========================================================================
Received Import Request.
  Time since last request: 13.848822 seconds.
  path: Assets/Resources/res/sound/0.wav
  artifactKey: Guid(d5216a300f0d9ab45869e559c98db248) Importer(815301076,1909f56bfc062723c751e8b465ee728b)
Start importing Assets/Resources/res/sound/0.wav using Guid(d5216a300f0d9ab45869e559c98db248) Importer(815301076,1909f56bfc062723c751e8b465ee728b) (PreviewImporter) -> (artifact id: '4531b1bc8773a9b87a5d27b8344f9a18') in 0.0209961 seconds
Number of updated asset objects reloaded before import = 0Number of asset objects unloaded after import = 2

========================================================================
Received Import Request.
  Time since last request: 0.000027 seconds.
  path: Assets/Resources/res/sound/24.wav
  artifactKey: Guid(b9df0e4d401bb094085cd8f81755ce68) Importer(815301076,1909f56bfc062723c751e8b465ee728b)
Start importing Assets/Resources/res/sound/24.wav using Guid(b9df0e4d401bb094085cd8f81755ce68) Importer(815301076,1909f56bfc062723c751e8b465ee728b) (PreviewImporter) -> (artifact id: '76359cfb7aa02fee3a2102b0c77aeea1') in 0.0204359 seconds
Number of updated asset objects reloaded before import = 0Number of asset objects unloaded after import = 2

========================================================================
Received Import Request.
  Time since last request: 0.000031 seconds.
  path: Assets/Resources/res/sound/19.wav
  artifactKey: Guid(0b23acdf578134f48ab4dd7b5b6a58ba) Importer(815301076,1909f56bfc062723c751e8b465ee728b)
Start importing Assets/Resources/res/sound/19.wav using Guid(0b23acdf578134f48ab4dd7b5b6a58ba) Importer(815301076,1909f56bfc062723c751e8b465ee728b) (PreviewImporter) -> (artifact id: 'f3985267a412e9f93d5e5c61c774063f') in 0.0191082 seconds
Number of updated asset objects reloaded before import = 0Number of asset objects unloaded after import = 2

========================================================================
Received Import Request.
  Time since last request: 0.000119 seconds.
  path: Assets/Resources/res/sound/29.wav
  artifactKey: Guid(cdaf55232df18ca4b86708eab701acfe) Importer(815301076,1909f56bfc062723c751e8b465ee728b)
Start importing Assets/Resources/res/sound/29.wav using Guid(cdaf55232df18ca4b86708eab701acfe) Importer(815301076,1909f56bfc062723c751e8b465ee728b) (PreviewImporter) -> (artifact id: '6537591ceada7b56f23177932344a2cc') in 0.0208291 seconds
Number of updated asset objects reloaded before import = 0Number of asset objects unloaded after import = 2

========================================================================
Received Import Request.
  Time since last request: 0.000031 seconds.
  path: Assets/Resources/res/sound/14.wav
  artifactKey: Guid(50d95a61a09d4484e817a7ea3bbc3c2c) Importer(815301076,1909f56bfc062723c751e8b465ee728b)
Start importing Assets/Resources/res/sound/14.wav using Guid(50d95a61a09d4484e817a7ea3bbc3c2c) Importer(815301076,1909f56bfc062723c751e8b465ee728b) (PreviewImporter) -> (artifact id: 'c5067bdf2f56402510b33539f6944ebb') in 0.0197922 seconds
Number of updated asset objects reloaded before import = 0Number of asset objects unloaded after import = 2

========================================================================
Received Import Request.
  Time since last request: 0.000048 seconds.
  path: Assets/Resources/res/sound/12.wav
  artifactKey: Guid(056cc68cdf0ce0c418931f8c75fa8591) Importer(815301076,1909f56bfc062723c751e8b465ee728b)
Start importing Assets/Resources/res/sound/12.wav using Guid(056cc68cdf0ce0c418931f8c75fa8591) Importer(815301076,1909f56bfc062723c751e8b465ee728b) (PreviewImporter) -> (artifact id: '75d69309d27d29e32649c847601178a4') in 0.0180446 seconds
Number of updated asset objects reloaded before import = 0Number of asset objects unloaded after import = 2

========================================================================
Received Import Request.
  Time since last request: 0.000022 seconds.
  path: Assets/Resources/res/sound/27.wav
  artifactKey: Guid(a02b58863e98cf5418e7e9278c55789a) Importer(815301076,1909f56bfc062723c751e8b465ee728b)
Start importing Assets/Resources/res/sound/27.wav using Guid(a02b58863e98cf5418e7e9278c55789a) Importer(815301076,1909f56bfc062723c751e8b465ee728b) (PreviewImporter) -> (artifact id: '1913b62116d3f5e7c8ef79c7f56c0d64') in 0.0207718 seconds
Number of updated asset objects reloaded before import = 0Number of asset objects unloaded after import = 2

========================================================================
Received Import Request.
  Time since last request: 0.000066 seconds.
  path: Assets/Resources/res/sound/33.wav
  artifactKey: Guid(fe9fe3cb773769d48a27661643644e97) Importer(815301076,1909f56bfc062723c751e8b465ee728b)
Start importing Assets/Resources/res/sound/33.wav using Guid(fe9fe3cb773769d48a27661643644e97) Importer(815301076,1909f56bfc062723c751e8b465ee728b) (PreviewImporter) -> (artifact id: '8e09bae5fb6619991d32be21c0b6bd47') in 0.0189326 seconds
Number of updated asset objects reloaded before import = 0Number of asset objects unloaded after import = 2

========================================================================
Received Import Request.
  Time since last request: 0.000025 seconds.
  path: Assets/Resources/res/sound/31.wav
  artifactKey: Guid(292681b62fc6c114a86d1fd511ea3cb5) Importer(815301076,1909f56bfc062723c751e8b465ee728b)
Start importing Assets/Resources/res/sound/31.wav using Guid(292681b62fc6c114a86d1fd511ea3cb5) Importer(815301076,1909f56bfc062723c751e8b465ee728b) (PreviewImporter) -> (artifact id: '146307463ebdadedeb3efc7f526ecc24') in 0.019992 seconds
Number of updated asset objects reloaded before import = 0Number of asset objects unloaded after import = 2

========================================================================
Received Import Request.
  Time since last request: 0.000030 seconds.
  path: Assets/Resources/res/sound/18.wav
  artifactKey: Guid(142426a3a94b6644b824d393d004a2a8) Importer(815301076,1909f56bfc062723c751e8b465ee728b)
Start importing Assets/Resources/res/sound/18.wav using Guid(142426a3a94b6644b824d393d004a2a8) Importer(815301076,1909f56bfc062723c751e8b465ee728b) (PreviewImporter) -> (artifact id: '236fda7de601cc41632225e25c9bf507') in 0.0171308 seconds
Number of updated asset objects reloaded before import = 0Number of asset objects unloaded after import = 2

========================================================================
Received Import Request.
  Time since last request: 0.000051 seconds.
  path: Assets/Resources/res/sound/30.wav
  artifactKey: Guid(1a1f66964b07e504b8bebe0e753233cf) Importer(815301076,1909f56bfc062723c751e8b465ee728b)
Start importing Assets/Resources/res/sound/30.wav using Guid(1a1f66964b07e504b8bebe0e753233cf) Importer(815301076,1909f56bfc062723c751e8b465ee728b) (PreviewImporter) -> (artifact id: 'c577271d0374b773f3d2e5611a6cc365') in 0.0200674 seconds
Number of updated asset objects reloaded before import = 0Number of asset objects unloaded after import = 2

========================================================================
Received Import Request.
  Time since last request: 0.000032 seconds.
  path: Assets/Resources/res/sound/15.wav
  artifactKey: Guid(f6f78c9ea0cdc1a4783a136fbc9c8cac) Importer(815301076,1909f56bfc062723c751e8b465ee728b)
Start importing Assets/Resources/res/sound/15.wav using Guid(f6f78c9ea0cdc1a4783a136fbc9c8cac) Importer(815301076,1909f56bfc062723c751e8b465ee728b) (PreviewImporter) -> (artifact id: 'e0797fa8b8a8294aea22a39a353fabfe') in 0.0207186 seconds
Number of updated asset objects reloaded before import = 0Number of asset objects unloaded after import = 2

========================================================================
Received Import Request.
  Time since last request: 0.000024 seconds.
  path: Assets/Resources/res/sound/38.wav
  artifactKey: Guid(2553dfb6320e56b4d9f67a1ecd5f5ff1) Importer(815301076,1909f56bfc062723c751e8b465ee728b)
Start importing Assets/Resources/res/sound/38.wav using Guid(2553dfb6320e56b4d9f67a1ecd5f5ff1) Importer(815301076,1909f56bfc062723c751e8b465ee728b) (PreviewImporter) -> (artifact id: '6737b9b5a2e138b85ed260afbbaacead') in 0.0171335 seconds
Number of updated asset objects reloaded before import = 0Number of asset objects unloaded after import = 2

========================================================================
Received Import Request.
  Time since last request: 36.701918 seconds.
  path: Assets/Scripts/Assembly-CSharp/Assets.src.g/BigBoss.cs
  artifactKey: Guid(9e8661b37599fc3459dcdbcae79ef24a) Importer(815301076,1909f56bfc062723c751e8b465ee728b)
Start importing Assets/Scripts/Assembly-CSharp/Assets.src.g/BigBoss.cs using Guid(9e8661b37599fc3459dcdbcae79ef24a) Importer(815301076,1909f56bfc062723c751e8b465ee728b) (PreviewImporter) -> (artifact id: 'b6624e982a405c150f7c51b4cd492a83') in 0.000646 seconds
Number of updated asset objects reloaded before import = 0Number of asset objects unloaded after import = 0

========================================================================
Received Import Request.
  Time since last request: 9.272964 seconds.
  path: Assets/Scene/Intro
  artifactKey: Guid(003d7a278472e394fa7a3401274347d4) Importer(815301076,1909f56bfc062723c751e8b465ee728b)
Start importing Assets/Scene/Intro using Guid(003d7a278472e394fa7a3401274347d4) Importer(815301076,1909f56bfc062723c751e8b465ee728b) (PreviewImporter) -> (artifact id: '754beaf5ad27cde6a0f745b2bcdbaff4') in 0.0008231 seconds
Number of updated asset objects reloaded before import = 0Number of asset objects unloaded after import = 0

========================================================================
Received Import Request.
  Time since last request: 3.041451 seconds.
  path: Assets/Resources/res/x3/bg
  artifactKey: Guid(485e7c90eb5741c4dabcea353323b6ad) Importer(815301076,1909f56bfc062723c751e8b465ee728b)
Start importing Assets/Resources/res/x3/bg using Guid(485e7c90eb5741c4dabcea353323b6ad) Importer(815301076,1909f56bfc062723c751e8b465ee728b) (PreviewImporter) -> (artifact id: '4f39ce42d56ceb339515b8c916b6202c') in 0.0007434 seconds
Number of updated asset objects reloaded before import = 0Number of asset objects unloaded after import = 0

========================================================================
Received Import Request.
  Time since last request: 12.430322 seconds.
  path: Assets/Resources/res/x2/bg/fog0.png
  artifactKey: Guid(2b007267f40516146a293040300d02cc) Importer(815301076,1909f56bfc062723c751e8b465ee728b)
Start importing Assets/Resources/res/x2/bg/fog0.png using Guid(2b007267f40516146a293040300d02cc) Importer(815301076,1909f56bfc062723c751e8b465ee728b) (PreviewImporter) -> (artifact id: '74bc2eaad56f3b58106157e266091da5') in 0.0281383 seconds
Number of updated asset objects reloaded before import = 0Number of asset objects unloaded after import = 3

========================================================================
Received Import Request.
  Time since last request: 0.000023 seconds.
  path: Assets/Resources/res/x2/bg/light.png
  artifactKey: Guid(b7f59bec0e09fc646aec653a7a842671) Importer(815301076,1909f56bfc062723c751e8b465ee728b)
Start importing Assets/Resources/res/x2/bg/light.png using Guid(b7f59bec0e09fc646aec653a7a842671) Importer(815301076,1909f56bfc062723c751e8b465ee728b) (PreviewImporter) -> (artifact id: 'ec4ae5883343b865760f56407aa86071') in 0.026569 seconds
Number of updated asset objects reloaded before import = 0Number of asset objects unloaded after import = 3

========================================================================
Received Import Request.
  Time since last request: 0.464303 seconds.
  path: Assets/Resources/res/x2/CharEffect/blind.png
  artifactKey: Guid(1b7f113921773f34ea0857d5d26e2ef4) Importer(815301076,1909f56bfc062723c751e8b465ee728b)
Start importing Assets/Resources/res/x2/CharEffect/blind.png using Guid(1b7f113921773f34ea0857d5d26e2ef4) Importer(815301076,1909f56bfc062723c751e8b465ee728b) (PreviewImporter) -> (artifact id: 'cb744347d2b8b9f186021ecc83b31bc2') in 0.0212806 seconds
Number of updated asset objects reloaded before import = 0Number of asset objects unloaded after import = 3

========================================================================
Received Import Request.
  Time since last request: 0.000029 seconds.
  path: Assets/Resources/res/x2/CharEffect/nrd7.png
  artifactKey: Guid(250939f0862661b4b94a998334f6873e) Importer(815301076,1909f56bfc062723c751e8b465ee728b)
Start importing Assets/Resources/res/x2/CharEffect/nrd7.png using Guid(250939f0862661b4b94a998334f6873e) Importer(815301076,1909f56bfc062723c751e8b465ee728b) (PreviewImporter) -> (artifact id: '49dff6fdcb4caa8a6ace5c187066d0bd') in 0.0230614 seconds
Number of updated asset objects reloaded before import = 0Number of asset objects unloaded after import = 3

========================================================================
Received Import Request.
  Time since last request: 0.000022 seconds.
  path: Assets/Resources/res/x2/CharEffect/nrd5.png
  artifactKey: Guid(0053460bd8ddf464cbcd7ffc3b8ef254) Importer(815301076,1909f56bfc062723c751e8b465ee728b)
Start importing Assets/Resources/res/x2/CharEffect/nrd5.png using Guid(0053460bd8ddf464cbcd7ffc3b8ef254) Importer(815301076,1909f56bfc062723c751e8b465ee728b) (PreviewImporter) -> (artifact id: '722980274a9e0cdccd5575ec9127153d') in 0.0239372 seconds
Number of updated asset objects reloaded before import = 0Number of asset objects unloaded after import = 3

========================================================================
Received Import Request.
  Time since last request: 0.000043 seconds.
  path: Assets/Resources/res/x2/CharEffect/whistle.png
  artifactKey: Guid(7cafb270169fd6d409a637e9c68586dd) Importer(815301076,1909f56bfc062723c751e8b465ee728b)
Start importing Assets/Resources/res/x2/CharEffect/whistle.png using Guid(7cafb270169fd6d409a637e9c68586dd) Importer(815301076,1909f56bfc062723c751e8b465ee728b) (PreviewImporter) -> (artifact id: '214d5969c85091b37b3ce11991b9e2e2') in 0.0244494 seconds
Number of updated asset objects reloaded before import = 0Number of asset objects unloaded after import = 3

========================================================================
Received Import Request.
  Time since last request: 0.000118 seconds.
  path: Assets/Resources/res/x2/CharEffect/nrd6.png
  artifactKey: Guid(529d6d12cbe640b49b0753b7cdcdaa00) Importer(815301076,1909f56bfc062723c751e8b465ee728b)
Start importing Assets/Resources/res/x2/CharEffect/nrd6.png using Guid(529d6d12cbe640b49b0753b7cdcdaa00) Importer(815301076,1909f56bfc062723c751e8b465ee728b) (PreviewImporter) -> (artifact id: 'f2485c6f26791129e51fa6c3739be8f7') in 0.0225069 seconds
Number of updated asset objects reloaded before import = 0Number of asset objects unloaded after import = 3

========================================================================
Received Import Request.
  Time since last request: 0.000033 seconds.
  path: Assets/Resources/res/x2/CharEffect/hypnotize.png
  artifactKey: Guid(6293fd0256e2c634e92ad197b7f33cc9) Importer(815301076,1909f56bfc062723c751e8b465ee728b)
Start importing Assets/Resources/res/x2/CharEffect/hypnotize.png using Guid(6293fd0256e2c634e92ad197b7f33cc9) Importer(815301076,1909f56bfc062723c751e8b465ee728b) (PreviewImporter) -> (artifact id: '19dad5805d852f9a5b9580f0def12ff8') in 0.0255714 seconds
Number of updated asset objects reloaded before import = 0Number of asset objects unloaded after import = 3

========================================================================
Received Import Request.
  Time since last request: 0.000024 seconds.
  path: Assets/Resources/res/x2/CharEffect/tie.png
  artifactKey: Guid(95bcc1db69e0efd438119bac01bd1cc2) Importer(815301076,1909f56bfc062723c751e8b465ee728b)
Start importing Assets/Resources/res/x2/CharEffect/tie.png using Guid(95bcc1db69e0efd438119bac01bd1cc2) Importer(815301076,1909f56bfc062723c751e8b465ee728b) (PreviewImporter) -> (artifact id: '4c8f4d16175f1232baac25370ac7fc69') in 0.0201567 seconds
Number of updated asset objects reloaded before import = 0Number of asset objects unloaded after import = 3

========================================================================
Received Import Request.
  Time since last request: 0.000040 seconds.
  path: Assets/Resources/res/x2/CharEffect/shield.png
  artifactKey: Guid(e025b04c785cdd7418dad57dca229d62) Importer(815301076,1909f56bfc062723c751e8b465ee728b)
Start importing Assets/Resources/res/x2/CharEffect/shield.png using Guid(e025b04c785cdd7418dad57dca229d62) Importer(815301076,1909f56bfc062723c751e8b465ee728b) (PreviewImporter) -> (artifact id: 'b12f04561e85d9b8ae49728d2d81d9b3') in 0.0221963 seconds
Number of updated asset objects reloaded before import = 0Number of asset objects unloaded after import = 3

========================================================================
Received Import Request.
  Time since last request: 0.000031 seconds.
  path: Assets/Resources/res/x2/CharEffect/teleport.png
  artifactKey: Guid(5bdcf082ce1181e4fb29155e3f7916db) Importer(815301076,1909f56bfc062723c751e8b465ee728b)
Start importing Assets/Resources/res/x2/CharEffect/teleport.png using Guid(5bdcf082ce1181e4fb29155e3f7916db) Importer(815301076,1909f56bfc062723c751e8b465ee728b) (PreviewImporter) -> (artifact id: 'a05c99e6cd3982e36c3faa44ef428656') in 0.0198383 seconds
Number of updated asset objects reloaded before import = 0Number of asset objects unloaded after import = 3

========================================================================
Received Import Request.
  Time since last request: 0.000034 seconds.
  path: Assets/Resources/res/x2/CharEffect/qckk.png
  artifactKey: Guid(ee64b5c885377a142ab964c392983a4a) Importer(815301076,1909f56bfc062723c751e8b465ee728b)
Start importing Assets/Resources/res/x2/CharEffect/qckk.png using Guid(ee64b5c885377a142ab964c392983a4a) Importer(815301076,1909f56bfc062723c751e8b465ee728b) (PreviewImporter) -> (artifact id: 'd1f94d63023d0aa97958289eb427901c') in 0.0183655 seconds
Number of updated asset objects reloaded before import = 0Number of asset objects unloaded after import = 3

========================================================================
Received Import Request.
  Time since last request: 8.448320 seconds.
  path: Assets/Resources/res/x2/e/b12.png
  artifactKey: Guid(b5dbb559fdbef5142b34e522dc23f572) Importer(815301076,1909f56bfc062723c751e8b465ee728b)
Start importing Assets/Resources/res/x2/e/b12.png using Guid(b5dbb559fdbef5142b34e522dc23f572) Importer(815301076,1909f56bfc062723c751e8b465ee728b) (PreviewImporter) -> (artifact id: '97f475816a9d67babd3e7ed476e030cd') in 0.0227795 seconds
Number of updated asset objects reloaded before import = 0Number of asset objects unloaded after import = 3

========================================================================
Received Import Request.
  Time since last request: 0.000032 seconds.
  path: Assets/Resources/res/x2/e/e_8.png
  artifactKey: Guid(ae9ae0df4b69e8a42a43c87537840e1e) Importer(815301076,1909f56bfc062723c751e8b465ee728b)
Start importing Assets/Resources/res/x2/e/e_8.png using Guid(ae9ae0df4b69e8a42a43c87537840e1e) Importer(815301076,1909f56bfc062723c751e8b465ee728b) (PreviewImporter) -> (artifact id: '852f1f1048cbe522e48f6289480bd3fa') in 0.0210494 seconds
Number of updated asset objects reloaded before import = 0Number of asset objects unloaded after import = 3

========================================================================
Received Import Request.
  Time since last request: 0.000021 seconds.
  path: Assets/Resources/res/x2/e/d13.png
  artifactKey: Guid(683548c5700c20b4a89c6d47b461eb54) Importer(815301076,1909f56bfc062723c751e8b465ee728b)
Start importing Assets/Resources/res/x2/e/d13.png using Guid(683548c5700c20b4a89c6d47b461eb54) Importer(815301076,1909f56bfc062723c751e8b465ee728b) (PreviewImporter) -> (artifact id: 'd82432d05a4a3151f69b915833e3874d') in 0.0261971 seconds
Number of updated asset objects reloaded before import = 0Number of asset objects unloaded after import = 3

========================================================================
Received Import Request.
  Time since last request: 0.000074 seconds.
  path: Assets/Resources/res/x2/e/nut2.png
  artifactKey: Guid(851a53854410b4d4888555018254f28c) Importer(815301076,1909f56bfc062723c751e8b465ee728b)
Start importing Assets/Resources/res/x2/e/nut2.png using Guid(851a53854410b4d4888555018254f28c) Importer(815301076,1909f56bfc062723c751e8b465ee728b) (PreviewImporter) -> (artifact id: '3130e54291ab890ee852f8d083ab9019') in 0.0205275 seconds
Number of updated asset objects reloaded before import = 0Number of asset objects unloaded after import = 3

========================================================================
Received Import Request.
  Time since last request: 0.000023 seconds.
  path: Assets/Resources/res/x2/e/e_14.png
  artifactKey: Guid(c2986324cedb5df438b01e1c120a2265) Importer(815301076,1909f56bfc062723c751e8b465ee728b)
Start importing Assets/Resources/res/x2/e/e_14.png using Guid(c2986324cedb5df438b01e1c120a2265) Importer(815301076,1909f56bfc062723c751e8b465ee728b) (PreviewImporter) -> (artifact id: 'ddb880a2454c05f881ee2b61c9e5e984') in 0.0221907 seconds
Number of updated asset objects reloaded before import = 0Number of asset objects unloaded after import = 3

========================================================================
Received Import Request.
  Time since last request: 0.000020 seconds.
  path: Assets/Resources/res/x2/e/e_15.png
  artifactKey: Guid(2792188a8c82a1447b318add20243e8f) Importer(815301076,1909f56bfc062723c751e8b465ee728b)
Start importing Assets/Resources/res/x2/e/e_15.png using Guid(2792188a8c82a1447b318add20243e8f) Importer(815301076,1909f56bfc062723c751e8b465ee728b) (PreviewImporter) -> (artifact id: '7e5dd0b939a6e2f07742fe8956f6b5fd') in 0.0194611 seconds
Number of updated asset objects reloaded before import = 0Number of asset objects unloaded after import = 3

========================================================================
Received Import Request.
  Time since last request: 0.000202 seconds.
  path: Assets/Resources/res/x2/e/d04.png
  artifactKey: Guid(ab3ac5b6e81756f488471aec127c1b7a) Importer(815301076,1909f56bfc062723c751e8b465ee728b)
Start importing Assets/Resources/res/x2/e/d04.png using Guid(ab3ac5b6e81756f488471aec127c1b7a) Importer(815301076,1909f56bfc062723c751e8b465ee728b) (PreviewImporter) -> (artifact id: 'e552aeb037961de7e9e6aa67a6a2d60c') in 0.0230846 seconds
Number of updated asset objects reloaded before import = 0Number of asset objects unloaded after import = 3

========================================================================
Received Import Request.
  Time since last request: 0.000022 seconds.
  path: Assets/Resources/res/x2/e/e_28.png
  artifactKey: Guid(06bc286b5781b444f85965bc4201e29c) Importer(815301076,1909f56bfc062723c751e8b465ee728b)
Start importing Assets/Resources/res/x2/e/e_28.png using Guid(06bc286b5781b444f85965bc4201e29c) Importer(815301076,1909f56bfc062723c751e8b465ee728b) (PreviewImporter) -> (artifact id: 'dea0226cf217dae801509af526b0b37c') in 0.0223543 seconds
Number of updated asset objects reloaded before import = 0Number of asset objects unloaded after import = 3

========================================================================
Received Import Request.
  Time since last request: 0.000032 seconds.
  path: Assets/Resources/res/x2/e/e_6.png
  artifactKey: Guid(bb876f8b9c6f7de458e7bf06c357336b) Importer(815301076,1909f56bfc062723c751e8b465ee728b)
Start importing Assets/Resources/res/x2/e/e_6.png using Guid(bb876f8b9c6f7de458e7bf06c357336b) Importer(815301076,1909f56bfc062723c751e8b465ee728b) (PreviewImporter) -> (artifact id: '3b568103b5e78d8c9a8d8f279e0588ee') in 0.0214649 seconds
Number of updated asset objects reloaded before import = 0Number of asset objects unloaded after import = 3

========================================================================
Received Import Request.
  Time since last request: 0.000023 seconds.
  path: Assets/Resources/res/x2/e/d12.png
  artifactKey: Guid(37cce8349e21b1445804f96305fba2cd) Importer(815301076,1909f56bfc062723c751e8b465ee728b)
Start importing Assets/Resources/res/x2/e/d12.png using Guid(37cce8349e21b1445804f96305fba2cd) Importer(815301076,1909f56bfc062723c751e8b465ee728b) (PreviewImporter) -> (artifact id: 'ac7de99a6d9b37ff6e5d1dfc04e272b3') in 0.0187689 seconds
Number of updated asset objects reloaded before import = 0Number of asset objects unloaded after import = 3

========================================================================
Received Import Request.
  Time since last request: 0.000021 seconds.
  path: Assets/Resources/res/x2/e/e_10.png
  artifactKey: Guid(27407b5f82707e24ba36d2d4825fb5d1) Importer(815301076,1909f56bfc062723c751e8b465ee728b)
Start importing Assets/Resources/res/x2/e/e_10.png using Guid(27407b5f82707e24ba36d2d4825fb5d1) Importer(815301076,1909f56bfc062723c751e8b465ee728b) (PreviewImporter) -> (artifact id: '75ec5be5bec7c27056195ce38c3acde5') in 0.0215486 seconds
Number of updated asset objects reloaded before import = 0Number of asset objects unloaded after import = 3

========================================================================
Received Import Request.
  Time since last request: 0.000021 seconds.
  path: Assets/Resources/res/x2/e/e_4.png
  artifactKey: Guid(008d96739525fab4abb53aa38fcbfa8d) Importer(815301076,1909f56bfc062723c751e8b465ee728b)
Start importing Assets/Resources/res/x2/e/e_4.png using Guid(008d96739525fab4abb53aa38fcbfa8d) Importer(815301076,1909f56bfc062723c751e8b465ee728b) (PreviewImporter) -> (artifact id: 'bc2e9a8abce7c676b2441f6ba9d04be7') in 0.0227221 seconds
Number of updated asset objects reloaded before import = 0Number of asset objects unloaded after import = 3

========================================================================
Received Import Request.
  Time since last request: 0.000032 seconds.
  path: Assets/Resources/res/x2/e/e_24.png
  artifactKey: Guid(e11626e9f138c044188e38e34eec2911) Importer(815301076,1909f56bfc062723c751e8b465ee728b)
Start importing Assets/Resources/res/x2/e/e_24.png using Guid(e11626e9f138c044188e38e34eec2911) Importer(815301076,1909f56bfc062723c751e8b465ee728b) (PreviewImporter) -> (artifact id: '3ff02640742a04d89af05cce07dbb060') in 0.0277508 seconds
Number of updated asset objects reloaded before import = 0Number of asset objects unloaded after import = 3

========================================================================
Received Import Request.
  Time since last request: 0.000031 seconds.
  path: Assets/Resources/res/x2/e/e_11.png
  artifactKey: Guid(f17eee98fd61e124bbed0d3655e54af5) Importer(815301076,1909f56bfc062723c751e8b465ee728b)
Start importing Assets/Resources/res/x2/e/e_11.png using Guid(f17eee98fd61e124bbed0d3655e54af5) Importer(815301076,1909f56bfc062723c751e8b465ee728b) (PreviewImporter) -> (artifact id: '26020fd5b560676ddb8cdfebde2bad6b') in 0.0201845 seconds
Number of updated asset objects reloaded before import = 0Number of asset objects unloaded after import = 3

========================================================================
Received Import Request.
  Time since last request: 0.000022 seconds.
  path: Assets/Resources/res/x2/e/e_25.png
  artifactKey: Guid(3155681c31ed7bb48879e96da8a6b496) Importer(815301076,1909f56bfc062723c751e8b465ee728b)
Start importing Assets/Resources/res/x2/e/e_25.png using Guid(3155681c31ed7bb48879e96da8a6b496) Importer(815301076,1909f56bfc062723c751e8b465ee728b) (PreviewImporter) -> (artifact id: '9dd60b015754961c88ab0acebad58d3d') in 0.0194197 seconds
Number of updated asset objects reloaded before import = 0Number of asset objects unloaded after import = 3

========================================================================
Received Import Request.
  Time since last request: 0.835650 seconds.
  path: Assets/Resources/res/x2/e/nut3.png
  artifactKey: Guid(a967ad164eb8563498984b66e34e63e0) Importer(815301076,1909f56bfc062723c751e8b465ee728b)
Start importing Assets/Resources/res/x2/e/nut3.png using Guid(a967ad164eb8563498984b66e34e63e0) Importer(815301076,1909f56bfc062723c751e8b465ee728b) (PreviewImporter) -> (artifact id: '64760942ed592106fdf87fa7e52579df') in 0.0205972 seconds
Number of updated asset objects reloaded before import = 0Number of asset objects unloaded after import = 3

========================================================================
Received Import Request.
  Time since last request: 0.000016 seconds.
  path: Assets/Resources/res/x2/e/w1.png
  artifactKey: Guid(ca63b95e19052f042a214b5fe6e06e48) Importer(815301076,1909f56bfc062723c751e8b465ee728b)
Start importing Assets/Resources/res/x2/e/w1.png using Guid(ca63b95e19052f042a214b5fe6e06e48) Importer(815301076,1909f56bfc062723c751e8b465ee728b) (PreviewImporter) -> (artifact id: 'ac438f39ce4e77f2de40a9c1396fee36') in 0.0199122 seconds
Number of updated asset objects reloaded before import = 0Number of asset objects unloaded after import = 3

========================================================================
Received Import Request.
  Time since last request: 15.090989 seconds.
  path: Assets/Resources/res/x2/effectdata/blue
  artifactKey: Guid(6ce39d8641a16d34fbc1b420184c6436) Importer(815301076,1909f56bfc062723c751e8b465ee728b)
Start importing Assets/Resources/res/x2/effectdata/blue using Guid(6ce39d8641a16d34fbc1b420184c6436) Importer(815301076,1909f56bfc062723c751e8b465ee728b) (PreviewImporter) -> (artifact id: 'ccdd593a7b5e5c431b7e28b8149df1fc') in 0.0006139 seconds
Number of updated asset objects reloaded before import = 0Number of asset objects unloaded after import = 0

========================================================================
Received Import Request.
  Time since last request: 0.080464 seconds.
  path: Assets/Resources/res/x2/effectdata/blue/0.png
  artifactKey: Guid(517d593113290de4f88a9dbfd2037a0e) Importer(815301076,1909f56bfc062723c751e8b465ee728b)
Start importing Assets/Resources/res/x2/effectdata/blue/0.png using Guid(517d593113290de4f88a9dbfd2037a0e) Importer(815301076,1909f56bfc062723c751e8b465ee728b) (PreviewImporter) -> (artifact id: '1a96112ac974768576fe366b21b97e35') in 0.0187476 seconds
Number of updated asset objects reloaded before import = 0Number of asset objects unloaded after import = 2

========================================================================
Received Import Request.
  Time since last request: 0.000030 seconds.
  path: Assets/Resources/res/x2/effectdata/blue/5.png
  artifactKey: Guid(f76b085e9449027419681342801272a8) Importer(815301076,1909f56bfc062723c751e8b465ee728b)
Start importing Assets/Resources/res/x2/effectdata/blue/5.png using Guid(f76b085e9449027419681342801272a8) Importer(815301076,1909f56bfc062723c751e8b465ee728b) (PreviewImporter) -> (artifact id: 'e6a76c722634e7432da25d0de8fe097c') in 0.0244934 seconds
Number of updated asset objects reloaded before import = 0Number of asset objects unloaded after import = 2

========================================================================
Received Import Request.
  Time since last request: 2.688169 seconds.
  path: Assets/Resources/res/x2/effectdata/109
  artifactKey: Guid(cf1a02dc77fc8ee42a13c6d1cbcaff3a) Importer(815301076,1909f56bfc062723c751e8b465ee728b)
Start importing Assets/Resources/res/x2/effectdata/109 using Guid(cf1a02dc77fc8ee42a13c6d1cbcaff3a) Importer(815301076,1909f56bfc062723c751e8b465ee728b) (PreviewImporter) -> (artifact id: 'e48780532accaf95cf1f85f88003ff78') in 0.0006694 seconds
Number of updated asset objects reloaded before import = 0Number of asset objects unloaded after import = 0

========================================================================
Received Import Request.
  Time since last request: 0.070361 seconds.
  path: Assets/Resources/res/x2/effectdata/109/img.png
  artifactKey: Guid(fecd5abab723572439bdd1c9df5a553f) Importer(815301076,1909f56bfc062723c751e8b465ee728b)
Start importing Assets/Resources/res/x2/effectdata/109/img.png using Guid(fecd5abab723572439bdd1c9df5a553f) Importer(815301076,1909f56bfc062723c751e8b465ee728b) (PreviewImporter) -> (artifact id: '0f12f4b91dc7f2d47b3448fdc587ce05') in 0.0243388 seconds
Number of updated asset objects reloaded before import = 0Number of asset objects unloaded after import = 3

========================================================================
Received Import Request.
  Time since last request: 9.906553 seconds.
  path: Assets/Resources/res/x2/effectdata/107
  artifactKey: Guid(9e569f81d2fb4f8419c5f9477ee66121) Importer(815301076,1909f56bfc062723c751e8b465ee728b)
Start importing Assets/Resources/res/x2/effectdata/107 using Guid(9e569f81d2fb4f8419c5f9477ee66121) Importer(815301076,1909f56bfc062723c751e8b465ee728b) (PreviewImporter) -> (artifact id: 'b40c2cbb770ab695db78aa952d1347dd') in 0.0010504 seconds
Number of updated asset objects reloaded before import = 0Number of asset objects unloaded after import = 0

========================================================================
Received Import Request.
  Time since last request: 0.349097 seconds.
  path: Assets/Resources/res/x2/effectdata/107/img.png
  artifactKey: Guid(b8388f0c60066d443a73209fd67b9d8d) Importer(815301076,1909f56bfc062723c751e8b465ee728b)
Start importing Assets/Resources/res/x2/effectdata/107/img.png using Guid(b8388f0c60066d443a73209fd67b9d8d) Importer(815301076,1909f56bfc062723c751e8b465ee728b) (PreviewImporter) -> (artifact id: 'fe162b1c9c21bc2088ea503f1810b5c4') in 0.0232816 seconds
Number of updated asset objects reloaded before import = 0Number of asset objects unloaded after import = 3

========================================================================
Received Import Request.
  Time since last request: 5.161618 seconds.
  path: Assets/Resources/res/x2/effectdata/106
  artifactKey: Guid(3c02075a5f9625848a4b8436b8d214df) Importer(815301076,1909f56bfc062723c751e8b465ee728b)
Start importing Assets/Resources/res/x2/effectdata/106 using Guid(3c02075a5f9625848a4b8436b8d214df) Importer(815301076,1909f56bfc062723c751e8b465ee728b) (PreviewImporter) -> (artifact id: '299c16154b71026607d2c5f6c7d88e17') in 0.0005643 seconds
Number of updated asset objects reloaded before import = 0Number of asset objects unloaded after import = 0

========================================================================
Received Import Request.
  Time since last request: 0.070804 seconds.
  path: Assets/Resources/res/x2/effectdata/106/img.png
  artifactKey: Guid(196c7bed160ed98489d391b3445151c4) Importer(815301076,1909f56bfc062723c751e8b465ee728b)
Start importing Assets/Resources/res/x2/effectdata/106/img.png using Guid(196c7bed160ed98489d391b3445151c4) Importer(815301076,1909f56bfc062723c751e8b465ee728b) (PreviewImporter) -> (artifact id: '6eceb29d3b622bec98b2ab332077e345') in 0.021923 seconds
Number of updated asset objects reloaded before import = 0Number of asset objects unloaded after import = 3

========================================================================
Received Import Request.
  Time since last request: 8.066070 seconds.
  path: Assets/Resources/res/x2/effectdata/105
  artifactKey: Guid(c021d668435599541a6fbcf610f239c9) Importer(815301076,1909f56bfc062723c751e8b465ee728b)
Start importing Assets/Resources/res/x2/effectdata/105 using Guid(c021d668435599541a6fbcf610f239c9) Importer(815301076,1909f56bfc062723c751e8b465ee728b) (PreviewImporter) -> (artifact id: 'f5cddc69d784cb0a355407e8c668034b') in 0.0007608 seconds
Number of updated asset objects reloaded before import = 0Number of asset objects unloaded after import = 0

========================================================================
Received Import Request.
  Time since last request: 1.147274 seconds.
  path: Assets/Resources/res/x2/effectdata/105/img.png
  artifactKey: Guid(f89c4424e2ff90242920e9aaa13c78b5) Importer(815301076,1909f56bfc062723c751e8b465ee728b)
Start importing Assets/Resources/res/x2/effectdata/105/img.png using Guid(f89c4424e2ff90242920e9aaa13c78b5) Importer(815301076,1909f56bfc062723c751e8b465ee728b) (PreviewImporter) -> (artifact id: '2caca763b2bbfa2257475f8ae40484e1') in 0.0235296 seconds
Number of updated asset objects reloaded before import = 0Number of asset objects unloaded after import = 3

========================================================================
Received Import Request.
  Time since last request: 4.012348 seconds.
  path: Assets/Resources/res/x2/effectdata/104
  artifactKey: Guid(201377c21090e3e46bbc84a45901df86) Importer(815301076,1909f56bfc062723c751e8b465ee728b)
Start importing Assets/Resources/res/x2/effectdata/104 using Guid(201377c21090e3e46bbc84a45901df86) Importer(815301076,1909f56bfc062723c751e8b465ee728b) (PreviewImporter) -> (artifact id: '113aba439c3db6be00f93b17157f47ad') in 0.0007531 seconds
Number of updated asset objects reloaded before import = 0Number of asset objects unloaded after import = 0

========================================================================
Received Import Request.
  Time since last request: 0.069976 seconds.
  path: Assets/Resources/res/x2/effectdata/104/img.png
  artifactKey: Guid(333bb4f7edb2faf4fa826541c4463d16) Importer(815301076,1909f56bfc062723c751e8b465ee728b)
Start importing Assets/Resources/res/x2/effectdata/104/img.png using Guid(333bb4f7edb2faf4fa826541c4463d16) Importer(815301076,1909f56bfc062723c751e8b465ee728b) (PreviewImporter) -> (artifact id: '1f737cae20a8bf5f8e3a9569186ab4cf') in 0.0248047 seconds
Number of updated asset objects reloaded before import = 0Number of asset objects unloaded after import = 3

========================================================================
Received Import Request.
  Time since last request: 13.079195 seconds.
  path: Assets/Resources/res/x2/effectdata/103
  artifactKey: Guid(55e54050f897f6c4ba80f8135644b8bd) Importer(815301076,1909f56bfc062723c751e8b465ee728b)
Start importing Assets/Resources/res/x2/effectdata/103 using Guid(55e54050f897f6c4ba80f8135644b8bd) Importer(815301076,1909f56bfc062723c751e8b465ee728b) (PreviewImporter) -> (artifact id: '87714bb1a3383fe21a4418a3a34c81c3') in 0.0009188 seconds
Number of updated asset objects reloaded before import = 0Number of asset objects unloaded after import = 0

========================================================================
Received Import Request.
  Time since last request: 0.062670 seconds.
  path: Assets/Resources/res/x2/effectdata/103/img.png
  artifactKey: Guid(015931a0c75abab4fb7d78d9b409b43b) Importer(815301076,1909f56bfc062723c751e8b465ee728b)
Start importing Assets/Resources/res/x2/effectdata/103/img.png using Guid(015931a0c75abab4fb7d78d9b409b43b) Importer(815301076,1909f56bfc062723c751e8b465ee728b) (PreviewImporter) -> (artifact id: 'e4fb53b3f0209c40b60ae8c048597f5f') in 0.0229419 seconds
Number of updated asset objects reloaded before import = 0Number of asset objects unloaded after import = 3

========================================================================
Received Import Request.
  Time since last request: 6.030600 seconds.
  path: Assets/Resources/res/x2/effectdata/102
  artifactKey: Guid(db21fa613fdec2a44bc5042695e2197f) Importer(815301076,1909f56bfc062723c751e8b465ee728b)
Start importing Assets/Resources/res/x2/effectdata/102 using Guid(db21fa613fdec2a44bc5042695e2197f) Importer(815301076,1909f56bfc062723c751e8b465ee728b) (PreviewImporter) -> (artifact id: '13c052ae0a12463f9e6ba06ff866eb40') in 0.0008331 seconds
Number of updated asset objects reloaded before import = 0Number of asset objects unloaded after import = 0

========================================================================
Received Import Request.
  Time since last request: 0.051714 seconds.
  path: Assets/Resources/res/x2/effectdata/102/img.png
  artifactKey: Guid(4bc2aa7ea3c26cc41b4706ca7c62c8a0) Importer(815301076,1909f56bfc062723c751e8b465ee728b)
Start importing Assets/Resources/res/x2/effectdata/102/img.png using Guid(4bc2aa7ea3c26cc41b4706ca7c62c8a0) Importer(815301076,1909f56bfc062723c751e8b465ee728b) (PreviewImporter) -> (artifact id: 'c72b59f7642ac37cbc4a522e67448ba9') in 0.0267107 seconds
Number of updated asset objects reloaded before import = 0Number of asset objects unloaded after import = 3

========================================================================
Received Import Request.
  Time since last request: 2.545067 seconds.
  path: Assets/Resources/res/x2/effectdata/101
  artifactKey: Guid(5320d6f9324546a4881ec91cdb6e8dd4) Importer(815301076,1909f56bfc062723c751e8b465ee728b)
Start importing Assets/Resources/res/x2/effectdata/101 using Guid(5320d6f9324546a4881ec91cdb6e8dd4) Importer(815301076,1909f56bfc062723c751e8b465ee728b) (PreviewImporter) -> (artifact id: 'ec98d7d31f0e04501355e0b394b02002') in 0.0006827 seconds
Number of updated asset objects reloaded before import = 0Number of asset objects unloaded after import = 0

========================================================================
Received Import Request.
  Time since last request: 0.067780 seconds.
  path: Assets/Resources/res/x2/effectdata/101/img.png
  artifactKey: Guid(00351233e23449d4dbf37bcf4cc728d5) Importer(815301076,1909f56bfc062723c751e8b465ee728b)
Start importing Assets/Resources/res/x2/effectdata/101/img.png using Guid(00351233e23449d4dbf37bcf4cc728d5) Importer(815301076,1909f56bfc062723c751e8b465ee728b) (PreviewImporter) -> (artifact id: 'ad728d5d03ede316be321426138f5e19') in 0.0268394 seconds
Number of updated asset objects reloaded before import = 0Number of asset objects unloaded after import = 3

========================================================================
Received Import Request.
  Time since last request: 5.977768 seconds.
  path: Assets/Resources/res/x2/effectdata/100
  artifactKey: Guid(ed07fcd7d4491c543a696ac8c05567d4) Importer(815301076,1909f56bfc062723c751e8b465ee728b)
Start importing Assets/Resources/res/x2/effectdata/100 using Guid(ed07fcd7d4491c543a696ac8c05567d4) Importer(815301076,1909f56bfc062723c751e8b465ee728b) (PreviewImporter) -> (artifact id: '6edb453f760031247af891997f066c51') in 0.0006262 seconds
Number of updated asset objects reloaded before import = 0Number of asset objects unloaded after import = 0

========================================================================
Received Import Request.
  Time since last request: 0.075336 seconds.
  path: Assets/Resources/res/x2/effectdata/100/img.png
  artifactKey: Guid(3fb4b24570b7a8d4d9843dca61953f8a) Importer(815301076,1909f56bfc062723c751e8b465ee728b)
Start importing Assets/Resources/res/x2/effectdata/100/img.png using Guid(3fb4b24570b7a8d4d9843dca61953f8a) Importer(815301076,1909f56bfc062723c751e8b465ee728b) (PreviewImporter) -> (artifact id: '5cdb8a182ac044d41c16c5e2b2229b38') in 0.0231503 seconds
Number of updated asset objects reloaded before import = 0Number of asset objects unloaded after import = 3

========================================================================
Received Import Request.
  Time since last request: 6.375921 seconds.
  path: Assets/Resources/res/x2/effectdata/38
  artifactKey: Guid(b3535ede70453a1458664906128e02eb) Importer(815301076,1909f56bfc062723c751e8b465ee728b)
Start importing Assets/Resources/res/x2/effectdata/38 using Guid(b3535ede70453a1458664906128e02eb) Importer(815301076,1909f56bfc062723c751e8b465ee728b) (PreviewImporter) -> (artifact id: 'd73922574eba30be3b90872d91e17a44') in 0.0008373 seconds
Number of updated asset objects reloaded before import = 0Number of asset objects unloaded after import = 0

========================================================================
Received Import Request.
  Time since last request: 0.062374 seconds.
  path: Assets/Resources/res/x2/effectdata/38/img.png
  artifactKey: Guid(e28eae224efbd4240b45fd6532494a3b) Importer(815301076,1909f56bfc062723c751e8b465ee728b)
Start importing Assets/Resources/res/x2/effectdata/38/img.png using Guid(e28eae224efbd4240b45fd6532494a3b) Importer(815301076,1909f56bfc062723c751e8b465ee728b) (PreviewImporter) -> (artifact id: '59f7232da9a4605c4e8c019c0b1f5577') in 0.0226906 seconds
Number of updated asset objects reloaded before import = 0Number of asset objects unloaded after import = 3

========================================================================
Received Import Request.
  Time since last request: 7.300567 seconds.
  path: Assets/Resources/res/x2/effectdata/34
  artifactKey: Guid(1c87e06b4838e5e45aca49083ad91ccc) Importer(815301076,1909f56bfc062723c751e8b465ee728b)
Start importing Assets/Resources/res/x2/effectdata/34 using Guid(1c87e06b4838e5e45aca49083ad91ccc) Importer(815301076,1909f56bfc062723c751e8b465ee728b) (PreviewImporter) -> (artifact id: '6b1ac4dcce29598cf5c834f89dad0338') in 0.0006489 seconds
Number of updated asset objects reloaded before import = 0Number of asset objects unloaded after import = 0

========================================================================
Received Import Request.
  Time since last request: 0.077591 seconds.
  path: Assets/Resources/res/x2/effectdata/34/img.png
  artifactKey: Guid(0809826bb09bc2f46aba1a0e7ee896d4) Importer(815301076,1909f56bfc062723c751e8b465ee728b)
Start importing Assets/Resources/res/x2/effectdata/34/img.png using Guid(0809826bb09bc2f46aba1a0e7ee896d4) Importer(815301076,1909f56bfc062723c751e8b465ee728b) (PreviewImporter) -> (artifact id: '590ca57c4eee4097e51f8dd3455078da') in 0.023292 seconds
Number of updated asset objects reloaded before import = 0Number of asset objects unloaded after import = 3

========================================================================
Received Import Request.
  Time since last request: 20.452833 seconds.
  path: Assets/Resources/res/x2/effectdata/23
  artifactKey: Guid(4d7a5b415650ca745936d11af4aaf8aa) Importer(815301076,1909f56bfc062723c751e8b465ee728b)
Start importing Assets/Resources/res/x2/effectdata/23 using Guid(4d7a5b415650ca745936d11af4aaf8aa) Importer(815301076,1909f56bfc062723c751e8b465ee728b) (PreviewImporter) -> (artifact id: '8c80488bf01a25712b757e2b32d55f7d') in 0.000731 seconds
Number of updated asset objects reloaded before import = 0Number of asset objects unloaded after import = 0

========================================================================
Received Import Request.
  Time since last request: 6.448895 seconds.
  path: Assets/Resources/res/x2/effectdata/21
  artifactKey: Guid(c71103436a142ce42a9ca441638e8f6d) Importer(815301076,1909f56bfc062723c751e8b465ee728b)
Start importing Assets/Resources/res/x2/effectdata/21 using Guid(c71103436a142ce42a9ca441638e8f6d) Importer(815301076,1909f56bfc062723c751e8b465ee728b) (PreviewImporter) -> (artifact id: 'ebe8621aa24e39da833f4c2ad5a063f3') in 0.0005542 seconds
Number of updated asset objects reloaded before import = 0Number of asset objects unloaded after import = 0

========================================================================
Received Import Request.
  Time since last request: 0.982369 seconds.
  path: Assets/Resources/res/x2/effectdata/21/img.png
  artifactKey: Guid(8af2b4d46c3e74c4fa1540e91112f8ec) Importer(815301076,1909f56bfc062723c751e8b465ee728b)
Start importing Assets/Resources/res/x2/effectdata/21/img.png using Guid(8af2b4d46c3e74c4fa1540e91112f8ec) Importer(815301076,1909f56bfc062723c751e8b465ee728b) (PreviewImporter) -> (artifact id: '874d6ae998c9cfb8b4164c0fa8e2a7e6') in 0.0184197 seconds
Number of updated asset objects reloaded before import = 0Number of asset objects unloaded after import = 2

========================================================================
Received Import Request.
  Time since last request: 4.895222 seconds.
  path: Assets/Resources/res/x2/effectdata/20
  artifactKey: Guid(3d54fccccaaf595419365dff45135f1e) Importer(815301076,1909f56bfc062723c751e8b465ee728b)
Start importing Assets/Resources/res/x2/effectdata/20 using Guid(3d54fccccaaf595419365dff45135f1e) Importer(815301076,1909f56bfc062723c751e8b465ee728b) (PreviewImporter) -> (artifact id: '4d86f14338152fa0f9ed74d06b7f0646') in 0.0007682 seconds
Number of updated asset objects reloaded before import = 0Number of asset objects unloaded after import = 0

========================================================================
Received Import Request.
  Time since last request: 14.595552 seconds.
  path: Assets/Resources/res/x1/effectdata/34
  artifactKey: Guid(9eb1d0976dda3ce47ae736834353e90e) Importer(815301076,1909f56bfc062723c751e8b465ee728b)
Start importing Assets/Resources/res/x1/effectdata/34 using Guid(9eb1d0976dda3ce47ae736834353e90e) Importer(815301076,1909f56bfc062723c751e8b465ee728b) (PreviewImporter) -> (artifact id: '4fba46a54e5b13d4184e89979010634a') in 0.0006287 seconds
Number of updated asset objects reloaded before import = 0Number of asset objects unloaded after import = 0

========================================================================
Received Import Request.
  Time since last request: 0.062738 seconds.
  path: Assets/Resources/res/x1/effectdata/34/img.png
  artifactKey: Guid(19aafafc39e8ef9458032d4f8b2c1788) Importer(815301076,1909f56bfc062723c751e8b465ee728b)
Start importing Assets/Resources/res/x1/effectdata/34/img.png using Guid(19aafafc39e8ef9458032d4f8b2c1788) Importer(815301076,1909f56bfc062723c751e8b465ee728b) (PreviewImporter) -> (artifact id: '866081fc7773e6e2dd21a431d34f9e76') in 0.0222761 seconds
Number of updated asset objects reloaded before import = 0Number of asset objects unloaded after import = 3

========================================================================
Received Import Request.
  Time since last request: 1.686732 seconds.
  path: Assets/Resources/res/x1/effectdata/38
  artifactKey: Guid(21dae2c4789312a47a108700f0a688ce) Importer(815301076,1909f56bfc062723c751e8b465ee728b)
Start importing Assets/Resources/res/x1/effectdata/38 using Guid(21dae2c4789312a47a108700f0a688ce) Importer(815301076,1909f56bfc062723c751e8b465ee728b) (PreviewImporter) -> (artifact id: 'f583bef621b67ef889dfdacbca6ec83b') in 0.0006114 seconds
Number of updated asset objects reloaded before import = 0Number of asset objects unloaded after import = 0

========================================================================
Received Import Request.
  Time since last request: 0.068671 seconds.
  path: Assets/Resources/res/x1/effectdata/38/img.png
  artifactKey: Guid(c6361ca9d0096c544bf0519bd243f0c2) Importer(815301076,1909f56bfc062723c751e8b465ee728b)
Start importing Assets/Resources/res/x1/effectdata/38/img.png using Guid(c6361ca9d0096c544bf0519bd243f0c2) Importer(815301076,1909f56bfc062723c751e8b465ee728b) (PreviewImporter) -> (artifact id: '2b0a0b38c996cc3cd0341a56ed8c3e5b') in 0.020958 seconds
Number of updated asset objects reloaded before import = 0Number of asset objects unloaded after import = 3

========================================================================
Received Import Request.
  Time since last request: 2.585586 seconds.
  path: Assets/Resources/res/x1/effectdata/38/data.bytes
  artifactKey: Guid(50d916adf17286748b70357028f08a1c) Importer(815301076,1909f56bfc062723c751e8b465ee728b)
Start importing Assets/Resources/res/x1/effectdata/38/data.bytes using Guid(50d916adf17286748b70357028f08a1c) Importer(815301076,1909f56bfc062723c751e8b465ee728b) (PreviewImporter) -> (artifact id: 'd197f023f8b66395fa8642689b25eac8') in 0.0012422 seconds
Number of updated asset objects reloaded before import = 0Number of asset objects unloaded after import = 1

========================================================================
Received Import Request.
  Time since last request: 15.027966 seconds.
  path: Assets/Resources/res/x1/effectdata/23/img.png
  artifactKey: Guid(84fc0f48998ae0e4d81b43ede936b6f2) Importer(815301076,1909f56bfc062723c751e8b465ee728b)
Start importing Assets/Resources/res/x1/effectdata/23/img.png using Guid(84fc0f48998ae0e4d81b43ede936b6f2) Importer(815301076,1909f56bfc062723c751e8b465ee728b) (PreviewImporter) -> (artifact id: '7ebef9057bd29c0d7eaa6ee51ac0ab89') in 0.0209807 seconds
Number of updated asset objects reloaded before import = 0Number of asset objects unloaded after import = 3

========================================================================
Received Import Request.
  Time since last request: 0.520754 seconds.
  path: Assets/Resources/res/x1/effectdata/22/img.png
  artifactKey: Guid(2ab64dcd51ad12842a27e67f91c743d9) Importer(815301076,1909f56bfc062723c751e8b465ee728b)
Start importing Assets/Resources/res/x1/effectdata/22/img.png using Guid(2ab64dcd51ad12842a27e67f91c743d9) Importer(815301076,1909f56bfc062723c751e8b465ee728b) (PreviewImporter) -> (artifact id: 'da96ca6f07b40aeb03a9fb39f1fdbf76') in 0.0196379 seconds
Number of updated asset objects reloaded before import = 0Number of asset objects unloaded after import = 3

========================================================================
Received Import Request.
  Time since last request: 0.381076 seconds.
  path: Assets/Resources/res/x1/effectdata/20/img.png
  artifactKey: Guid(0a4e6cf280e51d248bbbe5190e5983d6) Importer(815301076,1909f56bfc062723c751e8b465ee728b)
Start importing Assets/Resources/res/x1/effectdata/20/img.png using Guid(0a4e6cf280e51d248bbbe5190e5983d6) Importer(815301076,1909f56bfc062723c751e8b465ee728b) (PreviewImporter) -> (artifact id: '0ac4d04e75950d3399fd6f2ea0d6a7ca') in 0.020717 seconds
Number of updated asset objects reloaded before import = 0Number of asset objects unloaded after import = 3

========================================================================
Received Import Request.
  Time since last request: 0.417194 seconds.
  path: Assets/Resources/res/x1/effectdata/18/img.png
  artifactKey: Guid(6909213ddea0e3d4d939922c059f8986) Importer(815301076,1909f56bfc062723c751e8b465ee728b)
Start importing Assets/Resources/res/x1/effectdata/18/img.png using Guid(6909213ddea0e3d4d939922c059f8986) Importer(815301076,1909f56bfc062723c751e8b465ee728b) (PreviewImporter) -> (artifact id: '452f67988545dd405d6bdf6121a54c64') in 0.0170986 seconds
Number of updated asset objects reloaded before import = 0Number of asset objects unloaded after import = 3

========================================================================
Received Import Request.
  Time since last request: 1.294834 seconds.
  path: Assets/Resources/res/x1/effectdata/17/img.png
  artifactKey: Guid(a35f6bec776cd6e4a98b65a2c2720b9b) Importer(815301076,1909f56bfc062723c751e8b465ee728b)
Start importing Assets/Resources/res/x1/effectdata/17/img.png using Guid(a35f6bec776cd6e4a98b65a2c2720b9b) Importer(815301076,1909f56bfc062723c751e8b465ee728b) (PreviewImporter) -> (artifact id: 'd2a4d3a2996b3c8f215f990e328b2da0') in 0.0215568 seconds
Number of updated asset objects reloaded before import = 0Number of asset objects unloaded after import = 3

========================================================================
Received Import Request.
  Time since last request: 0.675968 seconds.
  path: Assets/Resources/res/x1/bg/b113.png
  artifactKey: Guid(43f82021761869142bd61ed31b66c122) Importer(815301076,1909f56bfc062723c751e8b465ee728b)
Start importing Assets/Resources/res/x1/bg/b113.png using Guid(43f82021761869142bd61ed31b66c122) Importer(815301076,1909f56bfc062723c751e8b465ee728b) (PreviewImporter) -> (artifact id: '379bc415e044265231776d794465f78e') in 0.0196325 seconds
Number of updated asset objects reloaded before import = 0Number of asset objects unloaded after import = 3

========================================================================
Received Import Request.
  Time since last request: 0.000031 seconds.
  path: Assets/Resources/res/x1/bg/fog1.png
  artifactKey: Guid(16cd79bce3b228f4eb5f26553dcd617e) Importer(815301076,1909f56bfc062723c751e8b465ee728b)
Start importing Assets/Resources/res/x1/bg/fog1.png using Guid(16cd79bce3b228f4eb5f26553dcd617e) Importer(815301076,1909f56bfc062723c751e8b465ee728b) (PreviewImporter) -> (artifact id: '4eedd641ae323744f29ce4cc7be12303') in 0.0234132 seconds
Number of updated asset objects reloaded before import = 0Number of asset objects unloaded after import = 3

========================================================================
Received Import Request.
  Time since last request: 0.000031 seconds.
  path: Assets/Resources/res/x1/bg/sun9.png
  artifactKey: Guid(dbb691fa0245a5946b06d5acae5ea20c) Importer(815301076,1909f56bfc062723c751e8b465ee728b)
Start importing Assets/Resources/res/x1/bg/sun9.png using Guid(dbb691fa0245a5946b06d5acae5ea20c) Importer(815301076,1909f56bfc062723c751e8b465ee728b) (PreviewImporter) -> (artifact id: 'f122da28604f40e65e736788b01d7743') in 0.0219657 seconds
Number of updated asset objects reloaded before import = 0Number of asset objects unloaded after import = 3

========================================================================
Received Import Request.
  Time since last request: 0.000018 seconds.
  path: Assets/Resources/res/x1/bg/b142.png
  artifactKey: Guid(e335fccb39f6f0d42913b7f0b4e4a1c9) Importer(815301076,1909f56bfc062723c751e8b465ee728b)
Start importing Assets/Resources/res/x1/bg/b142.png using Guid(e335fccb39f6f0d42913b7f0b4e4a1c9) Importer(815301076,1909f56bfc062723c751e8b465ee728b) (PreviewImporter) -> (artifact id: '061c86a78cf3df056389f6016f3d8986') in 0.0220196 seconds
Number of updated asset objects reloaded before import = 0Number of asset objects unloaded after import = 3

========================================================================
Received Import Request.
  Time since last request: 0.000030 seconds.
  path: Assets/Resources/res/x1/bg/caycot.png
  artifactKey: Guid(128371ae62259cb468cf3da40dbf548b) Importer(815301076,1909f56bfc062723c751e8b465ee728b)
Start importing Assets/Resources/res/x1/bg/caycot.png using Guid(128371ae62259cb468cf3da40dbf548b) Importer(815301076,1909f56bfc062723c751e8b465ee728b) (PreviewImporter) -> (artifact id: 'b860b9af2f2f88b76baa3b6847bcd4d0') in 0.0240521 seconds
Number of updated asset objects reloaded before import = 0Number of asset objects unloaded after import = 3

========================================================================
Received Import Request.
  Time since last request: 0.000027 seconds.
  path: Assets/Resources/res/x1/bg/trans.png
  artifactKey: Guid(9ad9b55d44e68684fa828aef7321de4d) Importer(815301076,1909f56bfc062723c751e8b465ee728b)
Start importing Assets/Resources/res/x1/bg/trans.png using Guid(9ad9b55d44e68684fa828aef7321de4d) Importer(815301076,1909f56bfc062723c751e8b465ee728b) (PreviewImporter) -> (artifact id: 'a1928d943c40379b28ee62cffe04a23e') in 0.0234362 seconds
Number of updated asset objects reloaded before import = 0Number of asset objects unloaded after import = 3

========================================================================
Received Import Request.
  Time since last request: 0.000037 seconds.
  path: Assets/Resources/res/x1/bg/sun7.png
  artifactKey: Guid(9162352a0be74ad428f89c1724102e48) Importer(815301076,1909f56bfc062723c751e8b465ee728b)
Start importing Assets/Resources/res/x1/bg/sun7.png using Guid(9162352a0be74ad428f89c1724102e48) Importer(815301076,1909f56bfc062723c751e8b465ee728b) (PreviewImporter) -> (artifact id: '71d0508f8e24b7876110bb106b4c42f4') in 0.0213523 seconds
Number of updated asset objects reloaded before import = 0Number of asset objects unloaded after import = 3

========================================================================
Received Import Request.
  Time since last request: 0.000056 seconds.
  path: Assets/Resources/res/x1/bg/lacay3.png
  artifactKey: Guid(cf7d866a8feb6d145b78bc04e60cd12e) Importer(815301076,1909f56bfc062723c751e8b465ee728b)
Start importing Assets/Resources/res/x1/bg/lacay3.png using Guid(cf7d866a8feb6d145b78bc04e60cd12e) Importer(815301076,1909f56bfc062723c751e8b465ee728b) (PreviewImporter) -> (artifact id: '91b4d58414926d6f6f1f1d3905dbd7c3') in 0.0203952 seconds
Number of updated asset objects reloaded before import = 0Number of asset objects unloaded after import = 3

========================================================================
Received Import Request.
  Time since last request: 0.000019 seconds.
  path: Assets/Resources/res/x1/bg/b130.png
  artifactKey: Guid(90071d4ca8bc299448736b77b37f05df) Importer(815301076,1909f56bfc062723c751e8b465ee728b)
Start importing Assets/Resources/res/x1/bg/b130.png using Guid(90071d4ca8bc299448736b77b37f05df) Importer(815301076,1909f56bfc062723c751e8b465ee728b) (PreviewImporter) -> (artifact id: 'd036f25946c454e43974b3c51f943c85') in 0.0215677 seconds
Number of updated asset objects reloaded before import = 0Number of asset objects unloaded after import = 3

========================================================================
Received Import Request.
  Time since last request: 0.000036 seconds.
  path: Assets/Resources/res/x1/bg/sun4.png
  artifactKey: Guid(9092fd238dd71d743b9065e26d0db7c9) Importer(815301076,1909f56bfc062723c751e8b465ee728b)
Start importing Assets/Resources/res/x1/bg/sun4.png using Guid(9092fd238dd71d743b9065e26d0db7c9) Importer(815301076,1909f56bfc062723c751e8b465ee728b) (PreviewImporter) -> (artifact id: '908949b3cfbcaa4f55550e93ff00e98d') in 0.020403 seconds
Number of updated asset objects reloaded before import = 0Number of asset objects unloaded after import = 3

========================================================================
Received Import Request.
  Time since last request: 0.000036 seconds.
  path: Assets/Resources/res/x1/bg/cham-tron1.png
  artifactKey: Guid(24e242bd146238f45bd932b8f5fde0d6) Importer(815301076,1909f56bfc062723c751e8b465ee728b)
Start importing Assets/Resources/res/x1/bg/cham-tron1.png using Guid(24e242bd146238f45bd932b8f5fde0d6) Importer(815301076,1909f56bfc062723c751e8b465ee728b) (PreviewImporter) -> (artifact id: '3fbdf3058a5cfed504e9547e829e244e') in 0.0181323 seconds
Number of updated asset objects reloaded before import = 0Number of asset objects unloaded after import = 3

========================================================================
Received Import Request.
  Time since last request: 0.000023 seconds.
  path: Assets/Resources/res/x1/bg/sun5.png
  artifactKey: Guid(f51de6319527463499e0cdb2b8f12570) Importer(815301076,1909f56bfc062723c751e8b465ee728b)
Start importing Assets/Resources/res/x1/bg/sun5.png using Guid(f51de6319527463499e0cdb2b8f12570) Importer(815301076,1909f56bfc062723c751e8b465ee728b) (PreviewImporter) -> (artifact id: 'eff85fb2cb74b3034f59e0e80715a45b') in 0.0239902 seconds
Number of updated asset objects reloaded before import = 0Number of asset objects unloaded after import = 3

========================================================================
Received Import Request.
  Time since last request: 0.000037 seconds.
  path: Assets/Resources/res/x1/bg/lacay.png
  artifactKey: Guid(92380d10c455fff4daa669f9231285f7) Importer(815301076,1909f56bfc062723c751e8b465ee728b)
Start importing Assets/Resources/res/x1/bg/lacay.png using Guid(92380d10c455fff4daa669f9231285f7) Importer(815301076,1909f56bfc062723c751e8b465ee728b) (PreviewImporter) -> (artifact id: '0671fb9d5574776a8cfb3b352de7fe05') in 0.0252983 seconds
Number of updated asset objects reloaded before import = 0Number of asset objects unloaded after import = 3

========================================================================
Received Import Request.
  Time since last request: 0.000043 seconds.
  path: Assets/Resources/res/x1/bg/fire1.png
  artifactKey: Guid(68b374b5fa308a4469b543a64636de39) Importer(815301076,1909f56bfc062723c751e8b465ee728b)
Start importing Assets/Resources/res/x1/bg/fire1.png using Guid(68b374b5fa308a4469b543a64636de39) Importer(815301076,1909f56bfc062723c751e8b465ee728b) (PreviewImporter) -> (artifact id: 'cb666496f56dada7c1d31b91f1a5006b') in 0.0212868 seconds
Number of updated asset objects reloaded before import = 0Number of asset objects unloaded after import = 3

========================================================================
Received Import Request.
  Time since last request: 0.000026 seconds.
  path: Assets/Resources/res/x1/bg/sun6.png
  artifactKey: Guid(f2bdb1b3e4ba451439f9ada0133f57aa) Importer(815301076,1909f56bfc062723c751e8b465ee728b)
Start importing Assets/Resources/res/x1/bg/sun6.png using Guid(f2bdb1b3e4ba451439f9ada0133f57aa) Importer(815301076,1909f56bfc062723c751e8b465ee728b) (PreviewImporter) -> (artifact id: '646e551008979414f277b6db8f951bf6') in 0.0246905 seconds
Number of updated asset objects reloaded before import = 0Number of asset objects unloaded after import = 3

========================================================================
Received Import Request.
  Time since last request: 0.000028 seconds.
  path: Assets/Resources/res/x1/bg/lacay5.png
  artifactKey: Guid(0ba331a5a500fbf4893f0ba75c09a7e9) Importer(815301076,1909f56bfc062723c751e8b465ee728b)
Start importing Assets/Resources/res/x1/bg/lacay5.png using Guid(0ba331a5a500fbf4893f0ba75c09a7e9) Importer(815301076,1909f56bfc062723c751e8b465ee728b) (PreviewImporter) -> (artifact id: '7820e22b622c3bf6dbfb962bf7e95d50') in 0.0210032 seconds
Number of updated asset objects reloaded before import = 0Number of asset objects unloaded after import = 3

========================================================================
Received Import Request.
  Time since last request: 0.000028 seconds.
  path: Assets/Resources/res/x1/bg/fog0.png
  artifactKey: Guid(81e6e50b233c6254685b7f4fa072812d) Importer(815301076,1909f56bfc062723c751e8b465ee728b)
Start importing Assets/Resources/res/x1/bg/fog0.png using Guid(81e6e50b233c6254685b7f4fa072812d) Importer(815301076,1909f56bfc062723c751e8b465ee728b) (PreviewImporter) -> (artifact id: '717add96fcbb9f1fb161534be3672215') in 0.0244396 seconds
Number of updated asset objects reloaded before import = 0Number of asset objects unloaded after import = 3

========================================================================
Received Import Request.
  Time since last request: 0.000029 seconds.
  path: Assets/Resources/res/x1/bg/cl2.png
  artifactKey: Guid(7e7ac48d9e2eacd429347073b73a3b8f) Importer(815301076,1909f56bfc062723c751e8b465ee728b)
Start importing Assets/Resources/res/x1/bg/cl2.png using Guid(7e7ac48d9e2eacd429347073b73a3b8f) Importer(815301076,1909f56bfc062723c751e8b465ee728b) (PreviewImporter) -> (artifact id: '4dd4af76bc2a0fcb4bb2123dcb5c9545') in 0.0214 seconds
Number of updated asset objects reloaded before import = 0Number of asset objects unloaded after import = 3

========================================================================
Received Import Request.
  Time since last request: 0.000030 seconds.
  path: Assets/Resources/res/x1/bg/sao.png
  artifactKey: Guid(79b1b3e8ba6d6da4091c36943522c665) Importer(815301076,1909f56bfc062723c751e8b465ee728b)
Start importing Assets/Resources/res/x1/bg/sao.png using Guid(79b1b3e8ba6d6da4091c36943522c665) Importer(815301076,1909f56bfc062723c751e8b465ee728b) (PreviewImporter) -> (artifact id: 'fe5921f70130bb001d1606b8677f897f') in 0.019784 seconds
Number of updated asset objects reloaded before import = 0Number of asset objects unloaded after import = 3

========================================================================
Received Import Request.
  Time since last request: 0.000020 seconds.
  path: Assets/Resources/res/x1/bg/sun0.png
  artifactKey: Guid(fae86199bf65356449f69aef94242f19) Importer(815301076,1909f56bfc062723c751e8b465ee728b)
Start importing Assets/Resources/res/x1/bg/sun0.png using Guid(fae86199bf65356449f69aef94242f19) Importer(815301076,1909f56bfc062723c751e8b465ee728b) (PreviewImporter) -> (artifact id: '21223377a60c4d742cbd68d19a68b2f6') in 0.020685 seconds
Number of updated asset objects reloaded before import = 0Number of asset objects unloaded after import = 3

========================================================================
Received Import Request.
  Time since last request: 0.000030 seconds.
  path: Assets/Resources/res/x1/bg/fire2.png
  artifactKey: Guid(892e20e1404322a41801b91694b5c82b) Importer(815301076,1909f56bfc062723c751e8b465ee728b)
Start importing Assets/Resources/res/x1/bg/fire2.png using Guid(892e20e1404322a41801b91694b5c82b) Importer(815301076,1909f56bfc062723c751e8b465ee728b) (PreviewImporter) -> (artifact id: '7c1d9b98d61f98b784648f21ea9eec50') in 0.0216303 seconds
Number of updated asset objects reloaded before import = 0Number of asset objects unloaded after import = 3

========================================================================
Received Import Request.
  Time since last request: 0.000027 seconds.
  path: Assets/Resources/res/x1/bg/sun2.png
  artifactKey: Guid(9f5d39e2ba233864bbc85cd051b932fc) Importer(815301076,1909f56bfc062723c751e8b465ee728b)
Start importing Assets/Resources/res/x1/bg/sun2.png using Guid(9f5d39e2ba233864bbc85cd051b932fc) Importer(815301076,1909f56bfc062723c751e8b465ee728b) (PreviewImporter) -> (artifact id: '3fdc2c5bae90081bb28c351eb3cce77e') in 0.0190887 seconds
Number of updated asset objects reloaded before import = 0Number of asset objects unloaded after import = 3

========================================================================
Received Import Request.
  Time since last request: 0.000035 seconds.
  path: Assets/Resources/res/x1/bg/tuyet.png
  artifactKey: Guid(838c1f61ffc77a64498b11715320127b) Importer(815301076,1909f56bfc062723c751e8b465ee728b)
Start importing Assets/Resources/res/x1/bg/tuyet.png using Guid(838c1f61ffc77a64498b11715320127b) Importer(815301076,1909f56bfc062723c751e8b465ee728b) (PreviewImporter) -> (artifact id: '7a0a638bec0b2ac474998061522fc7d2') in 0.0223154 seconds
Number of updated asset objects reloaded before import = 0Number of asset objects unloaded after import = 3

========================================================================
Received Import Request.
  Time since last request: 4.378570 seconds.
  path: Assets/Resources/res/x1/CharEffect/choco.png
  artifactKey: Guid(ed8d3bb6706a5a9458c7a493be4e7d40) Importer(815301076,1909f56bfc062723c751e8b465ee728b)
Start importing Assets/Resources/res/x1/CharEffect/choco.png using Guid(ed8d3bb6706a5a9458c7a493be4e7d40) Importer(815301076,1909f56bfc062723c751e8b465ee728b) (PreviewImporter) -> (artifact id: '4e3448f39ee80ce789b7a1dc520cf548') in 0.0252885 seconds
Number of updated asset objects reloaded before import = 0Number of asset objects unloaded after import = 3

========================================================================
Received Import Request.
  Time since last request: 0.000036 seconds.
  path: Assets/Resources/res/x1/CharEffect/stone.png
  artifactKey: Guid(81e15db018d386c40a43df88b711917c) Importer(815301076,1909f56bfc062723c751e8b465ee728b)
Start importing Assets/Resources/res/x1/CharEffect/stone.png using Guid(81e15db018d386c40a43df88b711917c) Importer(815301076,1909f56bfc062723c751e8b465ee728b) (PreviewImporter) -> (artifact id: '57da38368058e7f2646f5904efb0405b') in 0.0210526 seconds
Number of updated asset objects reloaded before import = 0Number of asset objects unloaded after import = 3

========================================================================
Received Import Request.
  Time since last request: 0.000021 seconds.
  path: Assets/Resources/res/x1/CharEffect/nrd5.png
  artifactKey: Guid(3d12868fc5a62b74bbdb95103f1a28c1) Importer(815301076,1909f56bfc062723c751e8b465ee728b)
Start importing Assets/Resources/res/x1/CharEffect/nrd5.png using Guid(3d12868fc5a62b74bbdb95103f1a28c1) Importer(815301076,1909f56bfc062723c751e8b465ee728b) (PreviewImporter) -> (artifact id: '53a0bbfdc66c7f0d94d0e4395e4a83e8') in 0.0217917 seconds
Number of updated asset objects reloaded before import = 0Number of asset objects unloaded after import = 3

========================================================================
Received Import Request.
  Time since last request: 0.000046 seconds.
  path: Assets/Resources/res/x1/CharEffect/shield.png
  artifactKey: Guid(1eb40fff113062f45a5770d603276c3a) Importer(815301076,1909f56bfc062723c751e8b465ee728b)
Start importing Assets/Resources/res/x1/CharEffect/shield.png using Guid(1eb40fff113062f45a5770d603276c3a) Importer(815301076,1909f56bfc062723c751e8b465ee728b) (PreviewImporter) -> (artifact id: '82fc302600301de51004d3a785015a7f') in 0.0228702 seconds
Number of updated asset objects reloaded before import = 0Number of asset objects unloaded after import = 3

========================================================================
Received Import Request.
  Time since last request: 0.000041 seconds.
  path: Assets/Resources/res/x1/CharEffect/teleport.png
  artifactKey: Guid(e99a1e1f7eb408841ac2871afc995762) Importer(815301076,1909f56bfc062723c751e8b465ee728b)
Start importing Assets/Resources/res/x1/CharEffect/teleport.png using Guid(e99a1e1f7eb408841ac2871afc995762) Importer(815301076,1909f56bfc062723c751e8b465ee728b) (PreviewImporter) -> (artifact id: '1c7c05bdb13bba470849de464e9a500f') in 0.0226596 seconds
Number of updated asset objects reloaded before import = 0Number of asset objects unloaded after import = 3

========================================================================
Received Import Request.
  Time since last request: 0.000081 seconds.
  path: Assets/Resources/res/x1/CharEffect/nrnm.png
  artifactKey: Guid(0cbbcb146d97ee54480a8664feed4bb3) Importer(815301076,1909f56bfc062723c751e8b465ee728b)
Start importing Assets/Resources/res/x1/CharEffect/nrnm.png using Guid(0cbbcb146d97ee54480a8664feed4bb3) Importer(815301076,1909f56bfc062723c751e8b465ee728b) (PreviewImporter) -> (artifact id: '4e34b4a90eb2bd09fcbe68087066a871') in 0.0211909 seconds
Number of updated asset objects reloaded before import = 0Number of asset objects unloaded after import = 3

========================================================================
Received Import Request.
  Time since last request: 0.000027 seconds.
  path: Assets/Resources/res/x1/CharEffect/nrd3.png
  artifactKey: Guid(2030578801ed3f3458a3c4369fd06352) Importer(815301076,1909f56bfc062723c751e8b465ee728b)
Start importing Assets/Resources/res/x1/CharEffect/nrd3.png using Guid(2030578801ed3f3458a3c4369fd06352) Importer(815301076,1909f56bfc062723c751e8b465ee728b) (PreviewImporter) -> (artifact id: '12cc599b983bf3ce353e14ad6cd0393c') in 0.0192903 seconds
Number of updated asset objects reloaded before import = 0Number of asset objects unloaded after import = 3

========================================================================
Received Import Request.
  Time since last request: 0.000018 seconds.
  path: Assets/Resources/res/x1/CharEffect/nrd4.png
  artifactKey: Guid(b78ffc5635e057444b52816de710937e) Importer(815301076,1909f56bfc062723c751e8b465ee728b)
Start importing Assets/Resources/res/x1/CharEffect/nrd4.png using Guid(b78ffc5635e057444b52816de710937e) Importer(815301076,1909f56bfc062723c751e8b465ee728b) (PreviewImporter) -> (artifact id: 'd30469e1a0c970e3a3c1679d431acb3c') in 0.0197748 seconds
Number of updated asset objects reloaded before import = 0Number of asset objects unloaded after import = 3

========================================================================
Received Import Request.
  Time since last request: 4.556618 seconds.
  path: Assets/Resources/res/x1/e/d01.png
  artifactKey: Guid(f4dc175411a185f4aae3f9b5f9c9091a) Importer(815301076,1909f56bfc062723c751e8b465ee728b)
Start importing Assets/Resources/res/x1/e/d01.png using Guid(f4dc175411a185f4aae3f9b5f9c9091a) Importer(815301076,1909f56bfc062723c751e8b465ee728b) (PreviewImporter) -> (artifact id: '6585345927a68032f00562e83c46779e') in 0.0202105 seconds
Number of updated asset objects reloaded before import = 0Number of asset objects unloaded after import = 3

========================================================================
Received Import Request.
  Time since last request: 0.000020 seconds.
  path: Assets/Resources/res/x1/e/e_15.png
  artifactKey: Guid(6c1629ea7b1652e4782206ea67754c5d) Importer(815301076,1909f56bfc062723c751e8b465ee728b)
Start importing Assets/Resources/res/x1/e/e_15.png using Guid(6c1629ea7b1652e4782206ea67754c5d) Importer(815301076,1909f56bfc062723c751e8b465ee728b) (PreviewImporter) -> (artifact id: '3c17cf6b8a814c0067ba28cc86cc0ac9') in 0.0202747 seconds
Number of updated asset objects reloaded before import = 0Number of asset objects unloaded after import = 3

========================================================================
Received Import Request.
  Time since last request: 0.000027 seconds.
  path: Assets/Resources/res/x1/e/d11.png
  artifactKey: Guid(f3dc4383a17f9464aa019d0e79940daf) Importer(815301076,1909f56bfc062723c751e8b465ee728b)
Start importing Assets/Resources/res/x1/e/d11.png using Guid(f3dc4383a17f9464aa019d0e79940daf) Importer(815301076,1909f56bfc062723c751e8b465ee728b) (PreviewImporter) -> (artifact id: '041ac7ae0ccaea3271ead93fd1abbd51') in 0.0215542 seconds
Number of updated asset objects reloaded before import = 0Number of asset objects unloaded after import = 3

========================================================================
Received Import Request.
  Time since last request: 0.000037 seconds.
  path: Assets/Resources/res/x1/e/nut3.png
  artifactKey: Guid(35916704ce2a89a4199edc6f027a7520) Importer(815301076,1909f56bfc062723c751e8b465ee728b)
Start importing Assets/Resources/res/x1/e/nut3.png using Guid(35916704ce2a89a4199edc6f027a7520) Importer(815301076,1909f56bfc062723c751e8b465ee728b) (PreviewImporter) -> (artifact id: 'b3fa1d8f58a3095a9cddffc63df6b739') in 0.0201003 seconds
Number of updated asset objects reloaded before import = 0Number of asset objects unloaded after import = 3

========================================================================
Received Import Request.
  Time since last request: 0.000058 seconds.
  path: Assets/Resources/res/x1/e/e_0.png
  artifactKey: Guid(b54b7e74fc724c540a7b0f0a5b7e70f5) Importer(815301076,1909f56bfc062723c751e8b465ee728b)
Start importing Assets/Resources/res/x1/e/e_0.png using Guid(b54b7e74fc724c540a7b0f0a5b7e70f5) Importer(815301076,1909f56bfc062723c751e8b465ee728b) (PreviewImporter) -> (artifact id: 'a0fc128cfecd5ec63ac8b8037395b082') in 0.0193575 seconds
Number of updated asset objects reloaded before import = 0Number of asset objects unloaded after import = 2

========================================================================
Received Import Request.
  Time since last request: 0.000020 seconds.
  path: Assets/Resources/res/x1/e/e_23.png
  artifactKey: Guid(704a0ab707123454a887a1a22b8da2ce) Importer(815301076,1909f56bfc062723c751e8b465ee728b)
Start importing Assets/Resources/res/x1/e/e_23.png using Guid(704a0ab707123454a887a1a22b8da2ce) Importer(815301076,1909f56bfc062723c751e8b465ee728b) (PreviewImporter) -> (artifact id: '11a74a8b7b45392e1141892ab62d984e') in 0.0244328 seconds
Number of updated asset objects reloaded before import = 0Number of asset objects unloaded after import = 3

========================================================================
Received Import Request.
  Time since last request: 0.000029 seconds.
  path: Assets/Resources/res/x1/e/sp1.png
  artifactKey: Guid(3d0f6a4b2fa9c714b9568b4e85dd9341) Importer(815301076,1909f56bfc062723c751e8b465ee728b)
Start importing Assets/Resources/res/x1/e/sp1.png using Guid(3d0f6a4b2fa9c714b9568b4e85dd9341) Importer(815301076,1909f56bfc062723c751e8b465ee728b) (PreviewImporter) -> (artifact id: 'd6f4ba03406f62c6e31e894660fdf8b5') in 0.0238399 seconds
Number of updated asset objects reloaded before import = 0Number of asset objects unloaded after import = 3

========================================================================
Received Import Request.
  Time since last request: 0.000029 seconds.
  path: Assets/Resources/res/x1/e/e_11.png
  artifactKey: Guid(04512fae115e71e43843952f2470fe64) Importer(815301076,1909f56bfc062723c751e8b465ee728b)
Start importing Assets/Resources/res/x1/e/e_11.png using Guid(04512fae115e71e43843952f2470fe64) Importer(815301076,1909f56bfc062723c751e8b465ee728b) (PreviewImporter) -> (artifact id: 'e2eb2f2dde4ca98275bd5d5e1a99f13f') in 0.0184351 seconds
Number of updated asset objects reloaded before import = 0Number of asset objects unloaded after import = 3

========================================================================
Received Import Request.
  Time since last request: 0.000039 seconds.
  path: Assets/Resources/res/x1/e/d13.png
  artifactKey: Guid(7867886b925903a4aa3b5b7c5d9b2034) Importer(815301076,1909f56bfc062723c751e8b465ee728b)
Start importing Assets/Resources/res/x1/e/d13.png using Guid(7867886b925903a4aa3b5b7c5d9b2034) Importer(815301076,1909f56bfc062723c751e8b465ee728b) (PreviewImporter) -> (artifact id: 'bf25b388df51d8b586c60704aea46d6c') in 0.0217093 seconds
Number of updated asset objects reloaded before import = 0Number of asset objects unloaded after import = 3

========================================================================
Received Import Request.
  Time since last request: 0.000019 seconds.
  path: Assets/Resources/res/x1/e/sp2.png
  artifactKey: Guid(6f858ea4b48a5e4458a5e952195dd28a) Importer(815301076,1909f56bfc062723c751e8b465ee728b)
Start importing Assets/Resources/res/x1/e/sp2.png using Guid(6f858ea4b48a5e4458a5e952195dd28a) Importer(815301076,1909f56bfc062723c751e8b465ee728b) (PreviewImporter) -> (artifact id: 'dcb788946c97f21024379fdff8a1d456') in 0.0213358 seconds
Number of updated asset objects reloaded before import = 0Number of asset objects unloaded after import = 3

========================================================================
Received Import Request.
  Time since last request: 0.000021 seconds.
  path: Assets/Resources/res/x1/e/e_28.png
  artifactKey: Guid(ea836a2ae50492d418eff7c9478faeb4) Importer(815301076,1909f56bfc062723c751e8b465ee728b)
Start importing Assets/Resources/res/x1/e/e_28.png using Guid(ea836a2ae50492d418eff7c9478faeb4) Importer(815301076,1909f56bfc062723c751e8b465ee728b) (PreviewImporter) -> (artifact id: 'b39238d5efcd4bb3d3399dcfdccfa11a') in 0.0192955 seconds
Number of updated asset objects reloaded before import = 0Number of asset objects unloaded after import = 3

========================================================================
Received Import Request.
  Time since last request: 0.000022 seconds.
  path: Assets/Resources/res/x1/e/e_16.png
  artifactKey: Guid(a4f2bf72be442b744b207797f3cd77a1) Importer(815301076,1909f56bfc062723c751e8b465ee728b)
Start importing Assets/Resources/res/x1/e/e_16.png using Guid(a4f2bf72be442b744b207797f3cd77a1) Importer(815301076,1909f56bfc062723c751e8b465ee728b) (PreviewImporter) -> (artifact id: '8be5a212166f037e6ae2396098b03da0') in 0.0205523 seconds
Number of updated asset objects reloaded before import = 0Number of asset objects unloaded after import = 3

========================================================================
Received Import Request.
  Time since last request: 0.000026 seconds.
  path: Assets/Resources/res/x1/e/e_21.png
  artifactKey: Guid(9ee0b985fd9904f4aa83f694026cbcf7) Importer(815301076,1909f56bfc062723c751e8b465ee728b)
Start importing Assets/Resources/res/x1/e/e_21.png using Guid(9ee0b985fd9904f4aa83f694026cbcf7) Importer(815301076,1909f56bfc062723c751e8b465ee728b) (PreviewImporter) -> (artifact id: '0b6b55cfa8027775a73930567eb75bd1') in 0.0203999 seconds
Number of updated asset objects reloaded before import = 0Number of asset objects unloaded after import = 3

========================================================================
Received Import Request.
  Time since last request: 0.000132 seconds.
  path: Assets/Resources/res/x1/e/e_13.png
  artifactKey: Guid(7342e33ef93d18a45b9949018a5289ee) Importer(815301076,1909f56bfc062723c751e8b465ee728b)
Start importing Assets/Resources/res/x1/e/e_13.png using Guid(7342e33ef93d18a45b9949018a5289ee) Importer(815301076,1909f56bfc062723c751e8b465ee728b) (PreviewImporter) -> (artifact id: '8bee25ab3a13fca99e99019c82a4190c') in 0.0186499 seconds
Number of updated asset objects reloaded before import = 0Number of asset objects unloaded after import = 3

========================================================================
Received Import Request.
  Time since last request: 0.000034 seconds.
  path: Assets/Resources/res/x1/e/e_27.png
  artifactKey: Guid(96edb940466735946a7676bf1b991c26) Importer(815301076,1909f56bfc062723c751e8b465ee728b)
Start importing Assets/Resources/res/x1/e/e_27.png using Guid(96edb940466735946a7676bf1b991c26) Importer(815301076,1909f56bfc062723c751e8b465ee728b) (PreviewImporter) -> (artifact id: 'e40950dcfc4f31d8683c53228420d987') in 0.0166638 seconds
Number of updated asset objects reloaded before import = 0Number of asset objects unloaded after import = 3

========================================================================
Received Import Request.
  Time since last request: 5.033816 seconds.
  path: Assets/Resources/res/x1/t/1/t_02.png
  artifactKey: Guid(4eb6ae920c175c34687337f421f5f039) Importer(815301076,1909f56bfc062723c751e8b465ee728b)
Start importing Assets/Resources/res/x1/t/1/t_02.png using Guid(4eb6ae920c175c34687337f421f5f039) Importer(815301076,1909f56bfc062723c751e8b465ee728b) (PreviewImporter) -> (artifact id: 'e26a002c0aa7cb0a812eb91d9f9021f4') in 0.0224249 seconds
Number of updated asset objects reloaded before import = 0Number of asset objects unloaded after import = 3

========================================================================
Received Import Request.
  Time since last request: 0.000032 seconds.
  path: Assets/Resources/res/x1/t/1/t_30.png
  artifactKey: Guid(5aaf0632edf810c4f9864078db1f32a7) Importer(815301076,1909f56bfc062723c751e8b465ee728b)
Start importing Assets/Resources/res/x1/t/1/t_30.png using Guid(5aaf0632edf810c4f9864078db1f32a7) Importer(815301076,1909f56bfc062723c751e8b465ee728b) (PreviewImporter) -> (artifact id: '4ed7f449e561c3d540cda7d524b192c5') in 0.02224 seconds
Number of updated asset objects reloaded before import = 0Number of asset objects unloaded after import = 3

========================================================================
Received Import Request.
  Time since last request: 0.000130 seconds.
  path: Assets/Resources/res/x1/t/1/t_35.png
  artifactKey: Guid(dd4e616becb19bd46bc75cc84e649a69) Importer(815301076,1909f56bfc062723c751e8b465ee728b)
Start importing Assets/Resources/res/x1/t/1/t_35.png using Guid(dd4e616becb19bd46bc75cc84e649a69) Importer(815301076,1909f56bfc062723c751e8b465ee728b) (PreviewImporter) -> (artifact id: '3bd6c944f6660408ae8e33b97d8b8906') in 0.0252422 seconds
Number of updated asset objects reloaded before import = 0Number of asset objects unloaded after import = 3

========================================================================
Received Import Request.
  Time since last request: 0.000025 seconds.
  path: Assets/Resources/res/x1/t/1/t_17.png
  artifactKey: Guid(d24270fcdd48339428cc995c106009d6) Importer(815301076,1909f56bfc062723c751e8b465ee728b)
Start importing Assets/Resources/res/x1/t/1/t_17.png using Guid(d24270fcdd48339428cc995c106009d6) Importer(815301076,1909f56bfc062723c751e8b465ee728b) (PreviewImporter) -> (artifact id: '6b2e0f42d71268b1b401dedaec18aacb') in 0.0244125 seconds
Number of updated asset objects reloaded before import = 0Number of asset objects unloaded after import = 3

========================================================================
Received Import Request.
  Time since last request: 0.000022 seconds.
  path: Assets/Resources/res/x1/t/1/t_21.png
  artifactKey: Guid(66292d62a56ee434ca03495ca4470a74) Importer(815301076,1909f56bfc062723c751e8b465ee728b)
Start importing Assets/Resources/res/x1/t/1/t_21.png using Guid(66292d62a56ee434ca03495ca4470a74) Importer(815301076,1909f56bfc062723c751e8b465ee728b) (PreviewImporter) -> (artifact id: '1ae5c29c0b9c0e4af0535260187ab3cf') in 0.0214124 seconds
Number of updated asset objects reloaded before import = 0Number of asset objects unloaded after import = 3

========================================================================
Received Import Request.
  Time since last request: 0.000023 seconds.
  path: Assets/Resources/res/x1/t/1/t_39.png
  artifactKey: Guid(b662ef7d35a5ef7458287536a1bf0b24) Importer(815301076,1909f56bfc062723c751e8b465ee728b)
Start importing Assets/Resources/res/x1/t/1/t_39.png using Guid(b662ef7d35a5ef7458287536a1bf0b24) Importer(815301076,1909f56bfc062723c751e8b465ee728b) (PreviewImporter) -> (artifact id: '8bd96c3f01122134c5a63eec2ca465a9') in 0.0231913 seconds
Number of updated asset objects reloaded before import = 0Number of asset objects unloaded after import = 3

========================================================================
Received Import Request.
  Time since last request: 0.000026 seconds.
  path: Assets/Resources/res/x1/t/1/t_28.png
  artifactKey: Guid(7b90e426b64c85c4f9d0fa3809d00b3d) Importer(815301076,1909f56bfc062723c751e8b465ee728b)
Start importing Assets/Resources/res/x1/t/1/t_28.png using Guid(7b90e426b64c85c4f9d0fa3809d00b3d) Importer(815301076,1909f56bfc062723c751e8b465ee728b) (PreviewImporter) -> (artifact id: '082a77aa3b139619d18ebf56479be3aa') in 0.0238302 seconds
Number of updated asset objects reloaded before import = 0Number of asset objects unloaded after import = 3

========================================================================
Received Import Request.
  Time since last request: 0.000020 seconds.
  path: Assets/Resources/res/x1/t/1/t_34.png
  artifactKey: Guid(812d98fce6ac18747964a43eba85e08d) Importer(815301076,1909f56bfc062723c751e8b465ee728b)
Start importing Assets/Resources/res/x1/t/1/t_34.png using Guid(812d98fce6ac18747964a43eba85e08d) Importer(815301076,1909f56bfc062723c751e8b465ee728b) (PreviewImporter) -> (artifact id: '10149403efd7c6eaf2a7423cf0a31bd5') in 0.0284082 seconds
Number of updated asset objects reloaded before import = 0Number of asset objects unloaded after import = 3

========================================================================
Received Import Request.
  Time since last request: 0.000020 seconds.
  path: Assets/Resources/res/x1/t/1/t_19.png
  artifactKey: Guid(8071b543255a8f742af35f5376f06bbd) Importer(815301076,1909f56bfc062723c751e8b465ee728b)
Start importing Assets/Resources/res/x1/t/1/t_19.png using Guid(8071b543255a8f742af35f5376f06bbd) Importer(815301076,1909f56bfc062723c751e8b465ee728b) (PreviewImporter) -> (artifact id: '2df0a79cee2a185b9d14ef745e00c9c5') in 0.0236284 seconds
Number of updated asset objects reloaded before import = 0Number of asset objects unloaded after import = 3

========================================================================
Received Import Request.
  Time since last request: 0.000043 seconds.
  path: Assets/Resources/res/x1/t/1/t_22.png
  artifactKey: Guid(31312de879dbb354a9f13909d0f9a935) Importer(815301076,1909f56bfc062723c751e8b465ee728b)
Start importing Assets/Resources/res/x1/t/1/t_22.png using Guid(31312de879dbb354a9f13909d0f9a935) Importer(815301076,1909f56bfc062723c751e8b465ee728b) (PreviewImporter) -> (artifact id: '2fbc6c21ad002d734be9a39ad6723cad') in 0.0240461 seconds
Number of updated asset objects reloaded before import = 0Number of asset objects unloaded after import = 3

========================================================================
Received Import Request.
  Time since last request: 0.000027 seconds.
  path: Assets/Resources/res/x1/t/1/t_13.png
  artifactKey: Guid(a83bcf0e42945454cb278160ae7a105e) Importer(815301076,1909f56bfc062723c751e8b465ee728b)
Start importing Assets/Resources/res/x1/t/1/t_13.png using Guid(a83bcf0e42945454cb278160ae7a105e) Importer(815301076,1909f56bfc062723c751e8b465ee728b) (PreviewImporter) -> (artifact id: '4e2354f4b841bb8af44f8a72688cd35b') in 0.0226721 seconds
Number of updated asset objects reloaded before import = 0Number of asset objects unloaded after import = 3

========================================================================
Received Import Request.
  Time since last request: 0.000028 seconds.
  path: Assets/Resources/res/x1/t/1/t_18.png
  artifactKey: Guid(b7b5f51cc4c79cf48a0c4b609b0f8181) Importer(815301076,1909f56bfc062723c751e8b465ee728b)
Start importing Assets/Resources/res/x1/t/1/t_18.png using Guid(b7b5f51cc4c79cf48a0c4b609b0f8181) Importer(815301076,1909f56bfc062723c751e8b465ee728b) (PreviewImporter) -> (artifact id: 'f648f23f573121b3f42a71bb0eabdb10') in 0.0206486 seconds
Number of updated asset objects reloaded before import = 0Number of asset objects unloaded after import = 3

========================================================================
Received Import Request.
  Time since last request: 0.000049 seconds.
  path: Assets/Resources/res/x1/t/1/t_06.png
  artifactKey: Guid(9f5c68d43c80f4640afd21086347390b) Importer(815301076,1909f56bfc062723c751e8b465ee728b)
Start importing Assets/Resources/res/x1/t/1/t_06.png using Guid(9f5c68d43c80f4640afd21086347390b) Importer(815301076,1909f56bfc062723c751e8b465ee728b) (PreviewImporter) -> (artifact id: 'bebf1a856529901970761592e8b1860d') in 0.0185704 seconds
Number of updated asset objects reloaded before import = 0Number of asset objects unloaded after import = 3

========================================================================
Received Import Request.
  Time since last request: 2.982206 seconds.
  path: Assets/Resources/res/x1/t/2/t_02.png
  artifactKey: Guid(06a58918a9e515b47ba55131e8a5b7d9) Importer(815301076,1909f56bfc062723c751e8b465ee728b)
Start importing Assets/Resources/res/x1/t/2/t_02.png using Guid(06a58918a9e515b47ba55131e8a5b7d9) Importer(815301076,1909f56bfc062723c751e8b465ee728b) (PreviewImporter) -> (artifact id: '032a235ba5f720eaf601a88579a3633a') in 0.0162251 seconds
Number of updated asset objects reloaded before import = 0Number of asset objects unloaded after import = 3

========================================================================
Received Import Request.
  Time since last request: 0.000027 seconds.
  path: Assets/Resources/res/x1/t/2/t_12.png
  artifactKey: Guid(00ed7974e7ed1a944864e461585d2bef) Importer(815301076,1909f56bfc062723c751e8b465ee728b)
Start importing Assets/Resources/res/x1/t/2/t_12.png using Guid(00ed7974e7ed1a944864e461585d2bef) Importer(815301076,1909f56bfc062723c751e8b465ee728b) (PreviewImporter) -> (artifact id: '091361712d30550a1eff15025f5976bb') in 0.0216056 seconds
Number of updated asset objects reloaded before import = 0Number of asset objects unloaded after import = 3

========================================================================
Received Import Request.
  Time since last request: 0.000021 seconds.
  path: Assets/Resources/res/x1/t/2/t_09.png
  artifactKey: Guid(e5c02b377fd0989478f0cd29cb99df03) Importer(815301076,1909f56bfc062723c751e8b465ee728b)
Start importing Assets/Resources/res/x1/t/2/t_09.png using Guid(e5c02b377fd0989478f0cd29cb99df03) Importer(815301076,1909f56bfc062723c751e8b465ee728b) (PreviewImporter) -> (artifact id: '8f683c2c0baabb5fe2af0b32d6694c7b') in 0.0185585 seconds
Number of updated asset objects reloaded before import = 0Number of asset objects unloaded after import = 3

========================================================================
Received Import Request.
  Time since last request: 0.000019 seconds.
  path: Assets/Resources/res/x1/t/2/t_04.png
  artifactKey: Guid(5469a531a785f1049ac0c28ee0831683) Importer(815301076,1909f56bfc062723c751e8b465ee728b)
Start importing Assets/Resources/res/x1/t/2/t_04.png using Guid(5469a531a785f1049ac0c28ee0831683) Importer(815301076,1909f56bfc062723c751e8b465ee728b) (PreviewImporter) -> (artifact id: 'e19ee740d47aa5203d1674c39190a4f7') in 0.0195178 seconds
Number of updated asset objects reloaded before import = 0Number of asset objects unloaded after import = 3

========================================================================
Received Import Request.
  Time since last request: 0.000036 seconds.
  path: Assets/Resources/res/x1/t/2/t_27.png
  artifactKey: Guid(e65231bd6b88cd94286ffd53dc9353e0) Importer(815301076,1909f56bfc062723c751e8b465ee728b)
Start importing Assets/Resources/res/x1/t/2/t_27.png using Guid(e65231bd6b88cd94286ffd53dc9353e0) Importer(815301076,1909f56bfc062723c751e8b465ee728b) (PreviewImporter) -> (artifact id: '278f97866a2c47fa0134423e5020cac0') in 0.0184506 seconds
Number of updated asset objects reloaded before import = 0Number of asset objects unloaded after import = 3

========================================================================
Received Import Request.
  Time since last request: 0.000038 seconds.
  path: Assets/Resources/res/x1/t/2/t_34.png
  artifactKey: Guid(2648e9a11e76ede449bdb5f4264d2c9e) Importer(815301076,1909f56bfc062723c751e8b465ee728b)
Start importing Assets/Resources/res/x1/t/2/t_34.png using Guid(2648e9a11e76ede449bdb5f4264d2c9e) Importer(815301076,1909f56bfc062723c751e8b465ee728b) (PreviewImporter) -> (artifact id: '83f051f6c4773ab3818ce53756cd4036') in 0.0203274 seconds
Number of updated asset objects reloaded before import = 0Number of asset objects unloaded after import = 3

========================================================================
Received Import Request.
  Time since last request: 0.000021 seconds.
  path: Assets/Resources/res/x1/t/2/t_31.png
  artifactKey: Guid(06f377e0bde0efb4699a5171ecb924f6) Importer(815301076,1909f56bfc062723c751e8b465ee728b)
Start importing Assets/Resources/res/x1/t/2/t_31.png using Guid(06f377e0bde0efb4699a5171ecb924f6) Importer(815301076,1909f56bfc062723c751e8b465ee728b) (PreviewImporter) -> (artifact id: '4c8117f2693bd9bf899b1b35b60355ff') in 0.0182126 seconds
Number of updated asset objects reloaded before import = 0Number of asset objects unloaded after import = 3

========================================================================
Received Import Request.
  Time since last request: 0.000021 seconds.
  path: Assets/Resources/res/x1/t/2/t_20.png
  artifactKey: Guid(2edad35281231674b81752b7d7ba60a3) Importer(815301076,1909f56bfc062723c751e8b465ee728b)
Start importing Assets/Resources/res/x1/t/2/t_20.png using Guid(2edad35281231674b81752b7d7ba60a3) Importer(815301076,1909f56bfc062723c751e8b465ee728b) (PreviewImporter) -> (artifact id: 'b4ceddc9dda0ecd17aeedb6850daaf4d') in 0.0245011 seconds
Number of updated asset objects reloaded before import = 0Number of asset objects unloaded after import = 3

========================================================================
Received Import Request.
  Time since last request: 0.000027 seconds.
  path: Assets/Resources/res/x1/t/2/t_11.png
  artifactKey: Guid(5150d937b2a4957428522c848231d2c6) Importer(815301076,1909f56bfc062723c751e8b465ee728b)
Start importing Assets/Resources/res/x1/t/2/t_11.png using Guid(5150d937b2a4957428522c848231d2c6) Importer(815301076,1909f56bfc062723c751e8b465ee728b) (PreviewImporter) -> (artifact id: '15008aabc87cc151c11d0969569bcc28') in 0.0245302 seconds
Number of updated asset objects reloaded before import = 0Number of asset objects unloaded after import = 3

========================================================================
Received Import Request.
  Time since last request: 0.000026 seconds.
  path: Assets/Resources/res/x1/t/2/t_32.png
  artifactKey: Guid(8d174b5f7542f2948841bd35d067f822) Importer(815301076,1909f56bfc062723c751e8b465ee728b)
Start importing Assets/Resources/res/x1/t/2/t_32.png using Guid(8d174b5f7542f2948841bd35d067f822) Importer(815301076,1909f56bfc062723c751e8b465ee728b) (PreviewImporter) -> (artifact id: 'e31698c67d9227c1095eb2a8c6828272') in 0.0197223 seconds
Number of updated asset objects reloaded before import = 0Number of asset objects unloaded after import = 3

========================================================================
Received Import Request.
  Time since last request: 0.000027 seconds.
  path: Assets/Resources/res/x1/t/2/t_22.png
  artifactKey: Guid(80d70d2e655f8ca45998321b13bd126b) Importer(815301076,1909f56bfc062723c751e8b465ee728b)
Start importing Assets/Resources/res/x1/t/2/t_22.png using Guid(80d70d2e655f8ca45998321b13bd126b) Importer(815301076,1909f56bfc062723c751e8b465ee728b) (PreviewImporter) -> (artifact id: '558457b02b2a04215f23228de610db3b') in 0.01608 seconds
Number of updated asset objects reloaded before import = 0Number of asset objects unloaded after import = 3

========================================================================
Received Import Request.
  Time since last request: 1.224438 seconds.
  path: Assets/Resources/res/x1/t/3/t_02.png
  artifactKey: Guid(5d184f0f15451794aad4de0c554a8358) Importer(815301076,1909f56bfc062723c751e8b465ee728b)
Start importing Assets/Resources/res/x1/t/3/t_02.png using Guid(5d184f0f15451794aad4de0c554a8358) Importer(815301076,1909f56bfc062723c751e8b465ee728b) (PreviewImporter) -> (artifact id: '1231dacade10a81314d9b973272142eb') in 0.0200838 seconds
Number of updated asset objects reloaded before import = 0Number of asset objects unloaded after import = 3

========================================================================
Received Import Request.
  Time since last request: 0.000059 seconds.
  path: Assets/Resources/res/x1/t/3/t_13.png
  artifactKey: Guid(ddc568ba263250346a21ea42fc784093) Importer(815301076,1909f56bfc062723c751e8b465ee728b)
Start importing Assets/Resources/res/x1/t/3/t_13.png using Guid(ddc568ba263250346a21ea42fc784093) Importer(815301076,1909f56bfc062723c751e8b465ee728b) (PreviewImporter) -> (artifact id: '48b5e45d9b87f95db17304d07c4ec598') in 0.0152432 seconds
Number of updated asset objects reloaded before import = 0Number of asset objects unloaded after import = 3

========================================================================
Received Import Request.
  Time since last request: 0.000020 seconds.
  path: Assets/Resources/res/x1/t/3/t_07.png
  artifactKey: Guid(6745e85cc5e7c5041a95e53809162e5e) Importer(815301076,1909f56bfc062723c751e8b465ee728b)
Start importing Assets/Resources/res/x1/t/3/t_07.png using Guid(6745e85cc5e7c5041a95e53809162e5e) Importer(815301076,1909f56bfc062723c751e8b465ee728b) (PreviewImporter) -> (artifact id: 'f09717ac341ad679d3a9b17aa1625edf') in 0.0205966 seconds
Number of updated asset objects reloaded before import = 0Number of asset objects unloaded after import = 3

========================================================================
Received Import Request.
  Time since last request: 0.000032 seconds.
  path: Assets/Resources/res/x1/t/3/t_54.png
  artifactKey: Guid(a1e96ef9e3097a841aac791270efa055) Importer(815301076,1909f56bfc062723c751e8b465ee728b)
Start importing Assets/Resources/res/x1/t/3/t_54.png using Guid(a1e96ef9e3097a841aac791270efa055) Importer(815301076,1909f56bfc062723c751e8b465ee728b) (PreviewImporter) -> (artifact id: 'a607ca9850589adba19c462081533ceb') in 0.0126021 seconds
Number of updated asset objects reloaded before import = 0Number of asset objects unloaded after import = 3

========================================================================
Received Import Request.
  Time since last request: 0.000030 seconds.
  path: Assets/Resources/res/x1/t/3/t_06.png
  artifactKey: Guid(e22661a393383914a883deb0246d108c) Importer(815301076,1909f56bfc062723c751e8b465ee728b)
Start importing Assets/Resources/res/x1/t/3/t_06.png using Guid(e22661a393383914a883deb0246d108c) Importer(815301076,1909f56bfc062723c751e8b465ee728b) (PreviewImporter) -> (artifact id: 'cf94f1d0e6c6978455cbdfef8302c8c7') in 0.0192979 seconds
Number of updated asset objects reloaded before import = 0Number of asset objects unloaded after import = 3

========================================================================
Received Import Request.
  Time since last request: 0.000023 seconds.
  path: Assets/Resources/res/x1/t/3/t_25.png
  artifactKey: Guid(5c5cab81b73baa64b827a7b1f1de90a5) Importer(815301076,1909f56bfc062723c751e8b465ee728b)
Start importing Assets/Resources/res/x1/t/3/t_25.png using Guid(5c5cab81b73baa64b827a7b1f1de90a5) Importer(815301076,1909f56bfc062723c751e8b465ee728b) (PreviewImporter) -> (artifact id: 'ce803292f46159f47d1cf1713818f13c') in 0.0206689 seconds
Number of updated asset objects reloaded before import = 0Number of asset objects unloaded after import = 3

========================================================================
Received Import Request.
  Time since last request: 0.000024 seconds.
  path: Assets/Resources/res/x1/t/3/t_21.png
  artifactKey: Guid(87f5df2d7ec1f524e8c260099c9f8094) Importer(815301076,1909f56bfc062723c751e8b465ee728b)
Start importing Assets/Resources/res/x1/t/3/t_21.png using Guid(87f5df2d7ec1f524e8c260099c9f8094) Importer(815301076,1909f56bfc062723c751e8b465ee728b) (PreviewImporter) -> (artifact id: '373a794c0054fc98e82b089346e66aa5') in 0.0209843 seconds
Number of updated asset objects reloaded before import = 0Number of asset objects unloaded after import = 3

========================================================================
Received Import Request.
  Time since last request: 0.000021 seconds.
  path: Assets/Resources/res/x1/t/3/t_39.png
  artifactKey: Guid(f602859c193a29e4d8ce2244fa030177) Importer(815301076,1909f56bfc062723c751e8b465ee728b)
Start importing Assets/Resources/res/x1/t/3/t_39.png using Guid(f602859c193a29e4d8ce2244fa030177) Importer(815301076,1909f56bfc062723c751e8b465ee728b) (PreviewImporter) -> (artifact id: '78070233d830f496bcc517da2bc5e362') in 0.020939 seconds
Number of updated asset objects reloaded before import = 0Number of asset objects unloaded after import = 3

========================================================================
Received Import Request.
  Time since last request: 0.000024 seconds.
  path: Assets/Resources/res/x1/t/3/t_47.png
  artifactKey: Guid(d9a6e2a015995b247873f9e69d9c5ab7) Importer(815301076,1909f56bfc062723c751e8b465ee728b)
Start importing Assets/Resources/res/x1/t/3/t_47.png using Guid(d9a6e2a015995b247873f9e69d9c5ab7) Importer(815301076,1909f56bfc062723c751e8b465ee728b) (PreviewImporter) -> (artifact id: '3ce60ec6c5c33316f30d0d9b9148e3af') in 0.0187948 seconds
Number of updated asset objects reloaded before import = 0Number of asset objects unloaded after import = 3

========================================================================
Received Import Request.
  Time since last request: 0.000026 seconds.
  path: Assets/Resources/res/x1/t/3/t_38.png
  artifactKey: Guid(17726a25e5a7d4440b9a2d880fa5d434) Importer(815301076,1909f56bfc062723c751e8b465ee728b)
Start importing Assets/Resources/res/x1/t/3/t_38.png using Guid(17726a25e5a7d4440b9a2d880fa5d434) Importer(815301076,1909f56bfc062723c751e8b465ee728b) (PreviewImporter) -> (artifact id: '13b9747499a1de153667e663f28d24b7') in 0.0213942 seconds
Number of updated asset objects reloaded before import = 0Number of asset objects unloaded after import = 3

========================================================================
Received Import Request.
  Time since last request: 0.000046 seconds.
  path: Assets/Resources/res/x1/t/3/t_19.png
  artifactKey: Guid(553c1ed4266557545b74b42b8fe31201) Importer(815301076,1909f56bfc062723c751e8b465ee728b)
Start importing Assets/Resources/res/x1/t/3/t_19.png using Guid(553c1ed4266557545b74b42b8fe31201) Importer(815301076,1909f56bfc062723c751e8b465ee728b) (PreviewImporter) -> (artifact id: '8424a1a3d88bca17cf5f540b06b16cfe') in 0.0202524 seconds
Number of updated asset objects reloaded before import = 0Number of asset objects unloaded after import = 3

========================================================================
Received Import Request.
  Time since last request: 0.000028 seconds.
  path: Assets/Resources/res/x1/t/3/t_42.png
  artifactKey: Guid(cf839dd28cc555a488fe86cdba580254) Importer(815301076,1909f56bfc062723c751e8b465ee728b)
Start importing Assets/Resources/res/x1/t/3/t_42.png using Guid(cf839dd28cc555a488fe86cdba580254) Importer(815301076,1909f56bfc062723c751e8b465ee728b) (PreviewImporter) -> (artifact id: '5c67dd1e6cd87f7577190ffc5a92ebe1') in 0.0184549 seconds
Number of updated asset objects reloaded before import = 0Number of asset objects unloaded after import = 3

========================================================================
Received Import Request.
  Time since last request: 0.000038 seconds.
  path: Assets/Resources/res/x1/t/3/t_04.png
  artifactKey: Guid(70625c56a4bdd384bb93b737e003552e) Importer(815301076,1909f56bfc062723c751e8b465ee728b)
Start importing Assets/Resources/res/x1/t/3/t_04.png using Guid(70625c56a4bdd384bb93b737e003552e) Importer(815301076,1909f56bfc062723c751e8b465ee728b) (PreviewImporter) -> (artifact id: 'c8a8f531d11a30642dd966a7466e5e59') in 0.0180542 seconds
Number of updated asset objects reloaded before import = 0Number of asset objects unloaded after import = 3

========================================================================
Received Import Request.
  Time since last request: 0.000024 seconds.
  path: Assets/Resources/res/x1/t/3/t_50.png
  artifactKey: Guid(f33e4b39f493d1946a63296b08690f58) Importer(815301076,1909f56bfc062723c751e8b465ee728b)
Start importing Assets/Resources/res/x1/t/3/t_50.png using Guid(f33e4b39f493d1946a63296b08690f58) Importer(815301076,1909f56bfc062723c751e8b465ee728b) (PreviewImporter) -> (artifact id: '1835c52b26da2fa5c4f806f340634868') in 0.0186242 seconds
Number of updated asset objects reloaded before import = 0Number of asset objects unloaded after import = 3

========================================================================
Received Import Request.
  Time since last request: 0.000028 seconds.
  path: Assets/Resources/res/x1/t/3/t_45.png
  artifactKey: Guid(83e5805eda2488142bf2ff67680703ab) Importer(815301076,1909f56bfc062723c751e8b465ee728b)
Start importing Assets/Resources/res/x1/t/3/t_45.png using Guid(83e5805eda2488142bf2ff67680703ab) Importer(815301076,1909f56bfc062723c751e8b465ee728b) (PreviewImporter) -> (artifact id: 'ad9c9edefae3eba87600528571c90c38') in 0.0169839 seconds
Number of updated asset objects reloaded before import = 0Number of asset objects unloaded after import = 3

========================================================================
Received Import Request.
  Time since last request: 0.000036 seconds.
  path: Assets/Resources/res/x1/t/3/t_48.png
  artifactKey: Guid(411751e3e14deb94db4d865f38a414a0) Importer(815301076,1909f56bfc062723c751e8b465ee728b)
Start importing Assets/Resources/res/x1/t/3/t_48.png using Guid(411751e3e14deb94db4d865f38a414a0) Importer(815301076,1909f56bfc062723c751e8b465ee728b) (PreviewImporter) -> (artifact id: 'fd5ba31e0989129b0d5afdbf3efb0808') in 0.0178681 seconds
Number of updated asset objects reloaded before import = 0Number of asset objects unloaded after import = 3

========================================================================
Received Import Request.
  Time since last request: 0.000021 seconds.
  path: Assets/Resources/res/x1/t/3/t_17.png
  artifactKey: Guid(c60fd52174493ad45b6170fe5bd1f848) Importer(815301076,1909f56bfc062723c751e8b465ee728b)
Start importing Assets/Resources/res/x1/t/3/t_17.png using Guid(c60fd52174493ad45b6170fe5bd1f848) Importer(815301076,1909f56bfc062723c751e8b465ee728b) (PreviewImporter) -> (artifact id: '2d199ab322a14be6b46a0a1f8630b95a') in 0.0191066 seconds
Number of updated asset objects reloaded before import = 0Number of asset objects unloaded after import = 3

========================================================================
Received Import Request.
  Time since last request: 0.000029 seconds.
  path: Assets/Resources/res/x1/t/3/t_18.png
  artifactKey: Guid(81bb042a4b04a484391fa070986e63b4) Importer(815301076,1909f56bfc062723c751e8b465ee728b)
Start importing Assets/Resources/res/x1/t/3/t_18.png using Guid(81bb042a4b04a484391fa070986e63b4) Importer(815301076,1909f56bfc062723c751e8b465ee728b) (PreviewImporter) -> (artifact id: 'cf17d54572952dd09199f382257b09aa') in 0.0169482 seconds
Number of updated asset objects reloaded before import = 0Number of asset objects unloaded after import = 3

========================================================================
Received Import Request.
  Time since last request: 0.000021 seconds.
  path: Assets/Resources/res/x1/t/3/t_11.png
  artifactKey: Guid(c6447b34a727ece4fb955d2ff8265173) Importer(815301076,1909f56bfc062723c751e8b465ee728b)
Start importing Assets/Resources/res/x1/t/3/t_11.png using Guid(c6447b34a727ece4fb955d2ff8265173) Importer(815301076,1909f56bfc062723c751e8b465ee728b) (PreviewImporter) -> (artifact id: 'fceebe83c80ab7c6dca8688b2ddbeafc') in 0.0193122 seconds
Number of updated asset objects reloaded before import = 0Number of asset objects unloaded after import = 3

========================================================================
Received Import Request.
  Time since last request: 0.489937 seconds.
  path: Assets/Resources/res/x1/t/5/t_02.png
  artifactKey: Guid(449759934e7ce654ca6774e60bb5fc4a) Importer(815301076,1909f56bfc062723c751e8b465ee728b)
Start importing Assets/Resources/res/x1/t/5/t_02.png using Guid(449759934e7ce654ca6774e60bb5fc4a) Importer(815301076,1909f56bfc062723c751e8b465ee728b) (PreviewImporter) -> (artifact id: '6a4e480b9408b1ce800532adca5d8ce8') in 0.0177029 seconds
Number of updated asset objects reloaded before import = 0Number of asset objects unloaded after import = 3

========================================================================
Received Import Request.
  Time since last request: 0.000073 seconds.
  path: Assets/Resources/res/x1/t/5/t_16.png
  artifactKey: Guid(ab26b62a83f00fa44abbb4e6df1331af) Importer(815301076,1909f56bfc062723c751e8b465ee728b)
Start importing Assets/Resources/res/x1/t/5/t_16.png using Guid(ab26b62a83f00fa44abbb4e6df1331af) Importer(815301076,1909f56bfc062723c751e8b465ee728b) (PreviewImporter) -> (artifact id: '691371956d80d191cd567c6e7483f451') in 0.0177125 seconds
Number of updated asset objects reloaded before import = 0Number of asset objects unloaded after import = 3

========================================================================
Received Import Request.
  Time since last request: 0.000024 seconds.
  path: Assets/Resources/res/x1/t/5/t_37.png
  artifactKey: Guid(89a1b683e232ac14892c3b3232e71497) Importer(815301076,1909f56bfc062723c751e8b465ee728b)
Start importing Assets/Resources/res/x1/t/5/t_37.png using Guid(89a1b683e232ac14892c3b3232e71497) Importer(815301076,1909f56bfc062723c751e8b465ee728b) (PreviewImporter) -> (artifact id: '72178487ad7e79fbc0f7da9332e29863') in 0.0187817 seconds
Number of updated asset objects reloaded before import = 0Number of asset objects unloaded after import = 3

========================================================================
Received Import Request.
  Time since last request: 0.000043 seconds.
  path: Assets/Resources/res/x1/t/5/t_26.png
  artifactKey: Guid(d24c56bdcdaab6c4cb313be667c49f8d) Importer(815301076,1909f56bfc062723c751e8b465ee728b)
Start importing Assets/Resources/res/x1/t/5/t_26.png using Guid(d24c56bdcdaab6c4cb313be667c49f8d) Importer(815301076,1909f56bfc062723c751e8b465ee728b) (PreviewImporter) -> (artifact id: '9d7b507d0a3441c90443deb4e6c0c254') in 0.0176756 seconds
Number of updated asset objects reloaded before import = 0Number of asset objects unloaded after import = 3

========================================================================
Received Import Request.
  Time since last request: 0.000042 seconds.
  path: Assets/Resources/res/x1/t/5/t_08.png
  artifactKey: Guid(ce78b1d9ce2bb724e9669afdee7c0fad) Importer(815301076,1909f56bfc062723c751e8b465ee728b)
Start importing Assets/Resources/res/x1/t/5/t_08.png using Guid(ce78b1d9ce2bb724e9669afdee7c0fad) Importer(815301076,1909f56bfc062723c751e8b465ee728b) (PreviewImporter) -> (artifact id: 'e448e0778bb0f88d2616030600065348') in 0.0185757 seconds
Number of updated asset objects reloaded before import = 0Number of asset objects unloaded after import = 3

========================================================================
Received Import Request.
  Time since last request: 0.000034 seconds.
  path: Assets/Resources/res/x1/t/5/t_06.png
  artifactKey: Guid(73f4893abdd162540ab718fa9d6f0cef) Importer(815301076,1909f56bfc062723c751e8b465ee728b)
Start importing Assets/Resources/res/x1/t/5/t_06.png using Guid(73f4893abdd162540ab718fa9d6f0cef) Importer(815301076,1909f56bfc062723c751e8b465ee728b) (PreviewImporter) -> (artifact id: '5e2bd55e74b15152f7d5635abb1eafc5') in 0.0176656 seconds
Number of updated asset objects reloaded before import = 0Number of asset objects unloaded after import = 3

========================================================================
Received Import Request.
  Time since last request: 0.000019 seconds.
  path: Assets/Resources/res/x1/t/5/t_11.png
  artifactKey: Guid(ed52e35013d71554cb03122c6fd52e1a) Importer(815301076,1909f56bfc062723c751e8b465ee728b)
Start importing Assets/Resources/res/x1/t/5/t_11.png using Guid(ed52e35013d71554cb03122c6fd52e1a) Importer(815301076,1909f56bfc062723c751e8b465ee728b) (PreviewImporter) -> (artifact id: '73e800ab8f7fb24b7a80db4726a6328a') in 0.0175927 seconds
Number of updated asset objects reloaded before import = 0Number of asset objects unloaded after import = 3

========================================================================
Received Import Request.
  Time since last request: 0.000034 seconds.
  path: Assets/Resources/res/x1/t/5/t_38.png
  artifactKey: Guid(6d8245cc45f5a7d4aa0069ba2b19533c) Importer(815301076,1909f56bfc062723c751e8b465ee728b)
Start importing Assets/Resources/res/x1/t/5/t_38.png using Guid(6d8245cc45f5a7d4aa0069ba2b19533c) Importer(815301076,1909f56bfc062723c751e8b465ee728b) (PreviewImporter) -> (artifact id: 'c0e52d1827958de280e0cd5f7a23d108') in 0.0098609 seconds
Number of updated asset objects reloaded before import = 0Number of asset objects unloaded after import = 3

========================================================================
Received Import Request.
  Time since last request: 0.000029 seconds.
  path: Assets/Resources/res/x1/t/5/t_31.png
  artifactKey: Guid(6a2fb3dbc4e895f4bb2cc220796b1a46) Importer(815301076,1909f56bfc062723c751e8b465ee728b)
Start importing Assets/Resources/res/x1/t/5/t_31.png using Guid(6a2fb3dbc4e895f4bb2cc220796b1a46) Importer(815301076,1909f56bfc062723c751e8b465ee728b) (PreviewImporter) -> (artifact id: 'e315d5068f52c9a9011511f6d623d7e4') in 0.019674 seconds
Number of updated asset objects reloaded before import = 0Number of asset objects unloaded after import = 3

========================================================================
Received Import Request.
  Time since last request: 0.000043 seconds.
  path: Assets/Resources/res/x1/t/5/t_09.png
  artifactKey: Guid(0e46a2650d8cde141bb4d70d63b84519) Importer(815301076,1909f56bfc062723c751e8b465ee728b)
Start importing Assets/Resources/res/x1/t/5/t_09.png using Guid(0e46a2650d8cde141bb4d70d63b84519) Importer(815301076,1909f56bfc062723c751e8b465ee728b) (PreviewImporter) -> (artifact id: 'affab36ab8be78339e7f0a9b94b8f336') in 0.0245158 seconds
Number of updated asset objects reloaded before import = 0Number of asset objects unloaded after import = 3

========================================================================
Received Import Request.
  Time since last request: 0.000020 seconds.
  path: Assets/Resources/res/x1/t/5/t_07.png
  artifactKey: Guid(751e7871e4958334293e32cf0fc35d94) Importer(815301076,1909f56bfc062723c751e8b465ee728b)
Start importing Assets/Resources/res/x1/t/5/t_07.png using Guid(751e7871e4958334293e32cf0fc35d94) Importer(815301076,1909f56bfc062723c751e8b465ee728b) (PreviewImporter) -> (artifact id: 'c66aabf9e712243d8aa9f5572367e2d1') in 0.0216011 seconds
Number of updated asset objects reloaded before import = 0Number of asset objects unloaded after import = 3

========================================================================
Received Import Request.
  Time since last request: 0.000044 seconds.
  path: Assets/Resources/res/x1/t/5/t_32.png
  artifactKey: Guid(0c19baeb56f18bb418be76d76f444529) Importer(815301076,1909f56bfc062723c751e8b465ee728b)
Start importing Assets/Resources/res/x1/t/5/t_32.png using Guid(0c19baeb56f18bb418be76d76f444529) Importer(815301076,1909f56bfc062723c751e8b465ee728b) (PreviewImporter) -> (artifact id: '31df31a530e5e0718918d3467f00ff19') in 0.0200806 seconds
Number of updated asset objects reloaded before import = 0Number of asset objects unloaded after import = 3

========================================================================
Received Import Request.
  Time since last request: 0.000023 seconds.
  path: Assets/Resources/res/x1/t/5/t_05.png
  artifactKey: Guid(b792aa92b8c082b44a9257695203721b) Importer(815301076,1909f56bfc062723c751e8b465ee728b)
Start importing Assets/Resources/res/x1/t/5/t_05.png using Guid(b792aa92b8c082b44a9257695203721b) Importer(815301076,1909f56bfc062723c751e8b465ee728b) (PreviewImporter) -> (artifact id: 'e306905a98c2838c2122bd9b5d977002') in 0.0174037 seconds
Number of updated asset objects reloaded before import = 0Number of asset objects unloaded after import = 3

========================================================================
Received Import Request.
  Time since last request: 0.200806 seconds.
  path: Assets/Resources/res/x1/t/6/t_02.png
  artifactKey: Guid(4606086335875ce4da7ff4bd8437a765) Importer(815301076,1909f56bfc062723c751e8b465ee728b)
Start importing Assets/Resources/res/x1/t/6/t_02.png using Guid(4606086335875ce4da7ff4bd8437a765) Importer(815301076,1909f56bfc062723c751e8b465ee728b) (PreviewImporter) -> (artifact id: 'cd286acba6cc0e058e2c00407c1b89fd') in 0.0155444 seconds
Number of updated asset objects reloaded before import = 0Number of asset objects unloaded after import = 3

========================================================================
Received Import Request.
  Time since last request: 0.000020 seconds.
  path: Assets/Resources/res/x1/t/6/t_10.png
  artifactKey: Guid(b8d40485fef69304f9fc1dc1a627743c) Importer(815301076,1909f56bfc062723c751e8b465ee728b)
Start importing Assets/Resources/res/x1/t/6/t_10.png using Guid(b8d40485fef69304f9fc1dc1a627743c) Importer(815301076,1909f56bfc062723c751e8b465ee728b) (PreviewImporter) -> (artifact id: '52fa2e0bf0a299da5d2a96b1ce0e1c13') in 0.018088 seconds
Number of updated asset objects reloaded before import = 0Number of asset objects unloaded after import = 3

========================================================================
Received Import Request.
  Time since last request: 0.000021 seconds.
  path: Assets/Resources/res/x1/t/6/t_11.png
  artifactKey: Guid(6a90896f185b2494ca18f312a681dc15) Importer(815301076,1909f56bfc062723c751e8b465ee728b)
Start importing Assets/Resources/res/x1/t/6/t_11.png using Guid(6a90896f185b2494ca18f312a681dc15) Importer(815301076,1909f56bfc062723c751e8b465ee728b) (PreviewImporter) -> (artifact id: '9010f17bc7bbb19742dc724c87f12932') in 0.0178284 seconds
Number of updated asset objects reloaded before import = 0Number of asset objects unloaded after import = 3

========================================================================
Received Import Request.
  Time since last request: 0.000023 seconds.
  path: Assets/Resources/res/x1/t/6/t_07.png
  artifactKey: Guid(1db002dcb8b281f448a6e848c8fa1574) Importer(815301076,1909f56bfc062723c751e8b465ee728b)
Start importing Assets/Resources/res/x1/t/6/t_07.png using Guid(1db002dcb8b281f448a6e848c8fa1574) Importer(815301076,1909f56bfc062723c751e8b465ee728b) (PreviewImporter) -> (artifact id: '42b6501bf31e89c383566e922a46c27a') in 0.0192388 seconds
Number of updated asset objects reloaded before import = 0Number of asset objects unloaded after import = 3

========================================================================
Received Import Request.
  Time since last request: 0.000051 seconds.
  path: Assets/Resources/res/x1/t/6/t_18.png
  artifactKey: Guid(6d2c32a2485a057419877e2dfd112f7e) Importer(815301076,1909f56bfc062723c751e8b465ee728b)
Start importing Assets/Resources/res/x1/t/6/t_18.png using Guid(6d2c32a2485a057419877e2dfd112f7e) Importer(815301076,1909f56bfc062723c751e8b465ee728b) (PreviewImporter) -> (artifact id: 'e9e20dc920d4b90699e43f2b3d1b28e0') in 0.0195745 seconds
Number of updated asset objects reloaded before import = 0Number of asset objects unloaded after import = 3

========================================================================
Received Import Request.
  Time since last request: 0.000019 seconds.
  path: Assets/Resources/res/x1/t/6/t_27.png
  artifactKey: Guid(2fe9493ac7f316c42a4e3474c64f4129) Importer(815301076,1909f56bfc062723c751e8b465ee728b)
Start importing Assets/Resources/res/x1/t/6/t_27.png using Guid(2fe9493ac7f316c42a4e3474c64f4129) Importer(815301076,1909f56bfc062723c751e8b465ee728b) (PreviewImporter) -> (artifact id: 'b12760e4006dfb5db34b52d1fd8c62b7') in 0.0185295 seconds
Number of updated asset objects reloaded before import = 0Number of asset objects unloaded after import = 3

========================================================================
Received Import Request.
  Time since last request: 0.000031 seconds.
  path: Assets/Resources/res/x1/t/6/t_21.png
  artifactKey: Guid(ea70090a957bfa249ad29be875a5b9f7) Importer(815301076,1909f56bfc062723c751e8b465ee728b)
Start importing Assets/Resources/res/x1/t/6/t_21.png using Guid(ea70090a957bfa249ad29be875a5b9f7) Importer(815301076,1909f56bfc062723c751e8b465ee728b) (PreviewImporter) -> (artifact id: '11700dc41b8ae682dc84dd7efccc7878') in 0.01834 seconds
Number of updated asset objects reloaded before import = 0Number of asset objects unloaded after import = 3

========================================================================
Received Import Request.
  Time since last request: 0.000021 seconds.
  path: Assets/Resources/res/x1/t/6/t_19.png
  artifactKey: Guid(18e6b4473cfed6a46a3f3cd90d51a693) Importer(815301076,1909f56bfc062723c751e8b465ee728b)
Start importing Assets/Resources/res/x1/t/6/t_19.png using Guid(18e6b4473cfed6a46a3f3cd90d51a693) Importer(815301076,1909f56bfc062723c751e8b465ee728b) (PreviewImporter) -> (artifact id: '1c3d71967508186aa77c8ead0187e915') in 0.0204898 seconds
Number of updated asset objects reloaded before import = 0Number of asset objects unloaded after import = 3

========================================================================
Received Import Request.
  Time since last request: 0.000038 seconds.
  path: Assets/Resources/res/x1/t/6/t_28.png
  artifactKey: Guid(fbd2b4da0bd5aeb47a5f92586ea695be) Importer(815301076,1909f56bfc062723c751e8b465ee728b)
Start importing Assets/Resources/res/x1/t/6/t_28.png using Guid(fbd2b4da0bd5aeb47a5f92586ea695be) Importer(815301076,1909f56bfc062723c751e8b465ee728b) (PreviewImporter) -> (artifact id: 'b4ad5f89bb97786cdbeb414ec67bef67') in 0.0212262 seconds
Number of updated asset objects reloaded before import = 0Number of asset objects unloaded after import = 3

========================================================================
Received Import Request.
  Time since last request: 0.000025 seconds.
  path: Assets/Resources/res/x1/t/6/t_30.png
  artifactKey: Guid(01a64aa1c9dfc2a4cab5d160f353588c) Importer(815301076,1909f56bfc062723c751e8b465ee728b)
Start importing Assets/Resources/res/x1/t/6/t_30.png using Guid(01a64aa1c9dfc2a4cab5d160f353588c) Importer(815301076,1909f56bfc062723c751e8b465ee728b) (PreviewImporter) -> (artifact id: '2fa823b75d3c2748e0bb08b83a4d8b96') in 0.0193287 seconds
Number of updated asset objects reloaded before import = 0Number of asset objects unloaded after import = 3

========================================================================
Received Import Request.
  Time since last request: 0.000081 seconds.
  path: Assets/Resources/res/x1/t/6/t_26.png
  artifactKey: Guid(43ecfbb3033d6c54fa9b74d6908c3375) Importer(815301076,1909f56bfc062723c751e8b465ee728b)
Start importing Assets/Resources/res/x1/t/6/t_26.png using Guid(43ecfbb3033d6c54fa9b74d6908c3375) Importer(815301076,1909f56bfc062723c751e8b465ee728b) (PreviewImporter) -> (artifact id: '42183c546aad63de4b64a9b41c092619') in 0.0190225 seconds
Number of updated asset objects reloaded before import = 0Number of asset objects unloaded after import = 3

========================================================================
Received Import Request.
  Time since last request: 0.446965 seconds.
  path: Assets/Resources/res/x1/t/8/t_02.png
  artifactKey: Guid(86007c47b3b76684b8de792412b0c261) Importer(815301076,1909f56bfc062723c751e8b465ee728b)
Start importing Assets/Resources/res/x1/t/8/t_02.png using Guid(86007c47b3b76684b8de792412b0c261) Importer(815301076,1909f56bfc062723c751e8b465ee728b) (PreviewImporter) -> (artifact id: '8d2d3fa2e7b9b3feb9d0f7fa2f053ef5') in 0.0185187 seconds
Number of updated asset objects reloaded before import = 0Number of asset objects unloaded after import = 3

========================================================================
Received Import Request.
  Time since last request: 0.000100 seconds.
  path: Assets/Resources/res/x1/t/8/t_27.png
  artifactKey: Guid(b5f669a5218765f4cb22e7145f521f06) Importer(815301076,1909f56bfc062723c751e8b465ee728b)
Start importing Assets/Resources/res/x1/t/8/t_27.png using Guid(b5f669a5218765f4cb22e7145f521f06) Importer(815301076,1909f56bfc062723c751e8b465ee728b) (PreviewImporter) -> (artifact id: '78db0bc1bb2423ce3ce50a977e4a13bb') in 0.0170972 seconds
Number of updated asset objects reloaded before import = 0Number of asset objects unloaded after import = 3

========================================================================
Received Import Request.
  Time since last request: 0.000021 seconds.
  path: Assets/Resources/res/x1/t/8/t_36.png
  artifactKey: Guid(37edbcdbfbc1458408aec517d4d48035) Importer(815301076,1909f56bfc062723c751e8b465ee728b)
Start importing Assets/Resources/res/x1/t/8/t_36.png using Guid(37edbcdbfbc1458408aec517d4d48035) Importer(815301076,1909f56bfc062723c751e8b465ee728b) (PreviewImporter) -> (artifact id: 'f8ffdd8933b810975d8e9a06d196226d') in 0.0174183 seconds
Number of updated asset objects reloaded before import = 0Number of asset objects unloaded after import = 3

========================================================================
Received Import Request.
  Time since last request: 0.000017 seconds.
  path: Assets/Resources/res/x1/t/8/t_07.png
  artifactKey: Guid(c05ece1a6e4522b4a9cd59d3adf90b42) Importer(815301076,1909f56bfc062723c751e8b465ee728b)
Start importing Assets/Resources/res/x1/t/8/t_07.png using Guid(c05ece1a6e4522b4a9cd59d3adf90b42) Importer(815301076,1909f56bfc062723c751e8b465ee728b) (PreviewImporter) -> (artifact id: '72a23ccf1a33e7e21faaaf3ea6bffc76') in 0.0180624 seconds
Number of updated asset objects reloaded before import = 0Number of asset objects unloaded after import = 3

========================================================================
Received Import Request.
  Time since last request: 0.000052 seconds.
  path: Assets/Resources/res/x1/t/8/t_18.png
  artifactKey: Guid(f4b626ac9477a5a458c88915e2de31b7) Importer(815301076,1909f56bfc062723c751e8b465ee728b)
Start importing Assets/Resources/res/x1/t/8/t_18.png using Guid(f4b626ac9477a5a458c88915e2de31b7) Importer(815301076,1909f56bfc062723c751e8b465ee728b) (PreviewImporter) -> (artifact id: '7c0fa6a17e2bfe0403dc37571fdd7a42') in 0.0173394 seconds
Number of updated asset objects reloaded before import = 0Number of asset objects unloaded after import = 3

========================================================================
Received Import Request.
  Time since last request: 0.000031 seconds.
  path: Assets/Resources/res/x1/t/8/t_30.png
  artifactKey: Guid(9940dc352fb9e5741b8228a8e754aeb8) Importer(815301076,1909f56bfc062723c751e8b465ee728b)
Start importing Assets/Resources/res/x1/t/8/t_30.png using Guid(9940dc352fb9e5741b8228a8e754aeb8) Importer(815301076,1909f56bfc062723c751e8b465ee728b) (PreviewImporter) -> (artifact id: 'b1ccf859b156cea5b00c6643f5dee672') in 0.0178115 seconds
Number of updated asset objects reloaded before import = 0Number of asset objects unloaded after import = 3

========================================================================
Received Import Request.
  Time since last request: 0.000017 seconds.
  path: Assets/Resources/res/x1/t/8/t_39.png
  artifactKey: Guid(06bd4a4fc1c45f24aa9400e956bb2b8c) Importer(815301076,1909f56bfc062723c751e8b465ee728b)
Start importing Assets/Resources/res/x1/t/8/t_39.png using Guid(06bd4a4fc1c45f24aa9400e956bb2b8c) Importer(815301076,1909f56bfc062723c751e8b465ee728b) (PreviewImporter) -> (artifact id: '0b34c544c56e8046933d0462f8fba1fe') in 0.0175061 seconds
Number of updated asset objects reloaded before import = 0Number of asset objects unloaded after import = 3

========================================================================
Received Import Request.
  Time since last request: 0.000026 seconds.
  path: Assets/Resources/res/x1/t/8/t_12.png
  artifactKey: Guid(02d6d57acb91718429216439e769a9ab) Importer(815301076,1909f56bfc062723c751e8b465ee728b)
Start importing Assets/Resources/res/x1/t/8/t_12.png using Guid(02d6d57acb91718429216439e769a9ab) Importer(815301076,1909f56bfc062723c751e8b465ee728b) (PreviewImporter) -> (artifact id: '5f41f90632fab3ed44707fdeda5dc982') in 0.0197935 seconds
Number of updated asset objects reloaded before import = 0Number of asset objects unloaded after import = 3

========================================================================
Received Import Request.
  Time since last request: 0.000017 seconds.
  path: Assets/Resources/res/x1/t/8/t_23.png
  artifactKey: Guid(9aeb18b7d24b72948b998f4e3dacbade) Importer(815301076,1909f56bfc062723c751e8b465ee728b)
Start importing Assets/Resources/res/x1/t/8/t_23.png using Guid(9aeb18b7d24b72948b998f4e3dacbade) Importer(815301076,1909f56bfc062723c751e8b465ee728b) (PreviewImporter) -> (artifact id: 'de8da64ca0e7534a19624d6eda9e389d') in 0.0214997 seconds
Number of updated asset objects reloaded before import = 0Number of asset objects unloaded after import = 3

========================================================================
Received Import Request.
  Time since last request: 0.000017 seconds.
  path: Assets/Resources/res/x1/t/8/t_29.png
  artifactKey: Guid(6919b8ea90b070948ac97b480932ef68) Importer(815301076,1909f56bfc062723c751e8b465ee728b)
Start importing Assets/Resources/res/x1/t/8/t_29.png using Guid(6919b8ea90b070948ac97b480932ef68) Importer(815301076,1909f56bfc062723c751e8b465ee728b) (PreviewImporter) -> (artifact id: 'dae9188fe59c3cbbd36b87834ed9a088') in 0.0198797 seconds
Number of updated asset objects reloaded before import = 0Number of asset objects unloaded after import = 3

========================================================================
Received Import Request.
  Time since last request: 0.000018 seconds.
  path: Assets/Resources/res/x1/t/8/t_43.png
  artifactKey: Guid(af5157705b647ec41b92869bc0d5152c) Importer(815301076,1909f56bfc062723c751e8b465ee728b)
Start importing Assets/Resources/res/x1/t/8/t_43.png using Guid(af5157705b647ec41b92869bc0d5152c) Importer(815301076,1909f56bfc062723c751e8b465ee728b) (PreviewImporter) -> (artifact id: 'd261d7eeaabff775a6b1c60f5745014c') in 0.020749 seconds
Number of updated asset objects reloaded before import = 0Number of asset objects unloaded after import = 3

========================================================================
Received Import Request.
  Time since last request: 0.000035 seconds.
  path: Assets/Resources/res/x1/t/8/t_35.png
  artifactKey: Guid(126444f4cb7c7bf4a9850da9de18cc31) Importer(815301076,1909f56bfc062723c751e8b465ee728b)
Start importing Assets/Resources/res/x1/t/8/t_35.png using Guid(126444f4cb7c7bf4a9850da9de18cc31) Importer(815301076,1909f56bfc062723c751e8b465ee728b) (PreviewImporter) -> (artifact id: 'db4bf5215a755e74bf8a22faa035a69d') in 0.0189251 seconds
Number of updated asset objects reloaded before import = 0Number of asset objects unloaded after import = 3

========================================================================
Received Import Request.
  Time since last request: 0.000020 seconds.
  path: Assets/Resources/res/x1/t/8/t_08.png
  artifactKey: Guid(e67dfb69de9a97a4db7c26f5bef4fe09) Importer(815301076,1909f56bfc062723c751e8b465ee728b)
Start importing Assets/Resources/res/x1/t/8/t_08.png using Guid(e67dfb69de9a97a4db7c26f5bef4fe09) Importer(815301076,1909f56bfc062723c751e8b465ee728b) (PreviewImporter) -> (artifact id: '666930eddf40a787fdb8c8b6702e1677') in 0.0232129 seconds
Number of updated asset objects reloaded before import = 0Number of asset objects unloaded after import = 3

========================================================================
Received Import Request.
  Time since last request: 0.000040 seconds.
  path: Assets/Resources/res/x1/t/8/t_16.png
  artifactKey: Guid(64f72a29e3434d64787034fdb69be9f6) Importer(815301076,1909f56bfc062723c751e8b465ee728b)
Start importing Assets/Resources/res/x1/t/8/t_16.png using Guid(64f72a29e3434d64787034fdb69be9f6) Importer(815301076,1909f56bfc062723c751e8b465ee728b) (PreviewImporter) -> (artifact id: 'd5fd5786f7938e9cf09dbe9b3e9c3aec') in 0.0191062 seconds
Number of updated asset objects reloaded before import = 0Number of asset objects unloaded after import = 3

========================================================================
Received Import Request.
  Time since last request: 0.601827 seconds.
  path: Assets/Resources/res/x1/t/10/t_02.png
  artifactKey: Guid(339c9508858cf31449614f0398c8f225) Importer(815301076,1909f56bfc062723c751e8b465ee728b)
Start importing Assets/Resources/res/x1/t/10/t_02.png using Guid(339c9508858cf31449614f0398c8f225) Importer(815301076,1909f56bfc062723c751e8b465ee728b) (PreviewImporter) -> (artifact id: '28a9243b90834158a23b17222be8daa1') in 0.0148263 seconds
Number of updated asset objects reloaded before import = 0Number of asset objects unloaded after import = 3

========================================================================
Received Import Request.
  Time since last request: 0.000027 seconds.
  path: Assets/Resources/res/x1/t/10/t_13.png
  artifactKey: Guid(2892257988552fd4a95d72e6db792a19) Importer(815301076,1909f56bfc062723c751e8b465ee728b)
Start importing Assets/Resources/res/x1/t/10/t_13.png using Guid(2892257988552fd4a95d72e6db792a19) Importer(815301076,1909f56bfc062723c751e8b465ee728b) (PreviewImporter) -> (artifact id: '0b3bcdbe3de02cf7a87d4faadfb8843e') in 0.0178743 seconds
Number of updated asset objects reloaded before import = 0Number of asset objects unloaded after import = 3

========================================================================
Received Import Request.
  Time since last request: 0.000045 seconds.
  path: Assets/Resources/res/x1/t/10/t_12.png
  artifactKey: Guid(92051e1d4c52a8646aa6eeb859e4ec99) Importer(815301076,1909f56bfc062723c751e8b465ee728b)
Start importing Assets/Resources/res/x1/t/10/t_12.png using Guid(92051e1d4c52a8646aa6eeb859e4ec99) Importer(815301076,1909f56bfc062723c751e8b465ee728b) (PreviewImporter) -> (artifact id: '2fd503b837498d3b5fe45fdf33ab8cd7') in 0.0197387 seconds
Number of updated asset objects reloaded before import = 0Number of asset objects unloaded after import = 3

========================================================================
Received Import Request.
  Time since last request: 0.000037 seconds.
  path: Assets/Resources/res/x1/t/10/t_18.png
  artifactKey: Guid(e29f06140af4b67459e1c35bcacb1e8c) Importer(815301076,1909f56bfc062723c751e8b465ee728b)
Start importing Assets/Resources/res/x1/t/10/t_18.png using Guid(e29f06140af4b67459e1c35bcacb1e8c) Importer(815301076,1909f56bfc062723c751e8b465ee728b) (PreviewImporter) -> (artifact id: '8e9a0d3647d88b5ace7d34ef6c2f1e31') in 0.0198754 seconds
Number of updated asset objects reloaded before import = 0Number of asset objects unloaded after import = 3

========================================================================
Received Import Request.
  Time since last request: 0.000019 seconds.
  path: Assets/Resources/res/x1/t/10/t_04.png
  artifactKey: Guid(10d363f06165cad42864dd26bbc7b7ca) Importer(815301076,1909f56bfc062723c751e8b465ee728b)
Start importing Assets/Resources/res/x1/t/10/t_04.png using Guid(10d363f06165cad42864dd26bbc7b7ca) Importer(815301076,1909f56bfc062723c751e8b465ee728b) (PreviewImporter) -> (artifact id: '37075446ff5a783979686657e17ef218') in 0.0188818 seconds
Number of updated asset objects reloaded before import = 0Number of asset objects unloaded after import = 3

========================================================================
Received Import Request.
  Time since last request: 0.000025 seconds.
  path: Assets/Resources/res/x1/t/10/t_27.png
  artifactKey: Guid(c758a3fcf35d23b40bfd6f7122405205) Importer(815301076,1909f56bfc062723c751e8b465ee728b)
Start importing Assets/Resources/res/x1/t/10/t_27.png using Guid(c758a3fcf35d23b40bfd6f7122405205) Importer(815301076,1909f56bfc062723c751e8b465ee728b) (PreviewImporter) -> (artifact id: '2aefd5948ad6282a2653cc3933c4dece') in 0.0179589 seconds
Number of updated asset objects reloaded before import = 0Number of asset objects unloaded after import = 3

========================================================================
Received Import Request.
  Time since last request: 0.000073 seconds.
  path: Assets/Resources/res/x1/t/10/t_16.png
  artifactKey: Guid(832331b8f53fe554cbeb64d82a2411e7) Importer(815301076,1909f56bfc062723c751e8b465ee728b)
Start importing Assets/Resources/res/x1/t/10/t_16.png using Guid(832331b8f53fe554cbeb64d82a2411e7) Importer(815301076,1909f56bfc062723c751e8b465ee728b) (PreviewImporter) -> (artifact id: '100bf056ffb2d6089e49ae47fa96ffb0') in 0.0190279 seconds
Number of updated asset objects reloaded before import = 0Number of asset objects unloaded after import = 3

========================================================================
Received Import Request.
  Time since last request: 0.000038 seconds.
  path: Assets/Resources/res/x1/t/10/t_07.png
  artifactKey: Guid(dc420cb360887914ebd47cd73edf0db1) Importer(815301076,1909f56bfc062723c751e8b465ee728b)
Start importing Assets/Resources/res/x1/t/10/t_07.png using Guid(dc420cb360887914ebd47cd73edf0db1) Importer(815301076,1909f56bfc062723c751e8b465ee728b) (PreviewImporter) -> (artifact id: '9c54aaebe04f626b4a95c1675b1b3bc0') in 0.0206601 seconds
Number of updated asset objects reloaded before import = 0Number of asset objects unloaded after import = 3

========================================================================
Received Import Request.
  Time since last request: 0.000022 seconds.
  path: Assets/Resources/res/x1/t/10/t_09.png
  artifactKey: Guid(3fe0cb9f0d16abf43ba6f1669c112a41) Importer(815301076,1909f56bfc062723c751e8b465ee728b)
Start importing Assets/Resources/res/x1/t/10/t_09.png using Guid(3fe0cb9f0d16abf43ba6f1669c112a41) Importer(815301076,1909f56bfc062723c751e8b465ee728b) (PreviewImporter) -> (artifact id: 'd733ba451faaf186d8dd84150bc630b0') in 0.0184917 seconds
Number of updated asset objects reloaded before import = 0Number of asset objects unloaded after import = 3

========================================================================
Received Import Request.
  Time since last request: 1.396709 seconds.
  path: Assets/Resources/res/x1/t/11/t_02.png
  artifactKey: Guid(a23277fc05df23b4cb60bd5f01dfa0d0) Importer(815301076,1909f56bfc062723c751e8b465ee728b)
Start importing Assets/Resources/res/x1/t/11/t_02.png using Guid(a23277fc05df23b4cb60bd5f01dfa0d0) Importer(815301076,1909f56bfc062723c751e8b465ee728b) (PreviewImporter) -> (artifact id: '844e3a4c9bbfc7c5d71fc6affa0be203') in 0.0186615 seconds
Number of updated asset objects reloaded before import = 0Number of asset objects unloaded after import = 3

========================================================================
Received Import Request.
  Time since last request: 0.000021 seconds.
  path: Assets/Resources/res/x1/t/11/t_16.png
  artifactKey: Guid(885dc3c6cfe41c24783831a44a1dc5a9) Importer(815301076,1909f56bfc062723c751e8b465ee728b)
Start importing Assets/Resources/res/x1/t/11/t_16.png using Guid(885dc3c6cfe41c24783831a44a1dc5a9) Importer(815301076,1909f56bfc062723c751e8b465ee728b) (PreviewImporter) -> (artifact id: '37008f7cbc654c3db983d1c1f4d3c60b') in 0.0200443 seconds
Number of updated asset objects reloaded before import = 0Number of asset objects unloaded after import = 3

========================================================================
Received Import Request.
  Time since last request: 0.000042 seconds.
  path: Assets/Resources/res/x1/t/11/t_09.png
  artifactKey: Guid(addccf94feedb2e4bb66390ac1d4bb2a) Importer(815301076,1909f56bfc062723c751e8b465ee728b)
Start importing Assets/Resources/res/x1/t/11/t_09.png using Guid(addccf94feedb2e4bb66390ac1d4bb2a) Importer(815301076,1909f56bfc062723c751e8b465ee728b) (PreviewImporter) -> (artifact id: 'ad12b172a4f0df2b7d6383fd5da6e12e') in 0.0191965 seconds
Number of updated asset objects reloaded before import = 0Number of asset objects unloaded after import = 3

========================================================================
Received Import Request.
  Time since last request: 0.000036 seconds.
  path: Assets/Resources/res/x1/t/11/t_10.png
  artifactKey: Guid(44ccbc60ab9a5a24e84b5a4ea978276c) Importer(815301076,1909f56bfc062723c751e8b465ee728b)
Start importing Assets/Resources/res/x1/t/11/t_10.png using Guid(44ccbc60ab9a5a24e84b5a4ea978276c) Importer(815301076,1909f56bfc062723c751e8b465ee728b) (PreviewImporter) -> (artifact id: '9ad259488adaf6573a728789ea5ba85b') in 0.0208142 seconds
Number of updated asset objects reloaded before import = 0Number of asset objects unloaded after import = 3

========================================================================
Received Import Request.
  Time since last request: 0.000023 seconds.
  path: Assets/Resources/res/x1/t/11/t_20.png
  artifactKey: Guid(a5a16a2f0c91afb41b992a63201b96f6) Importer(815301076,1909f56bfc062723c751e8b465ee728b)
Start importing Assets/Resources/res/x1/t/11/t_20.png using Guid(a5a16a2f0c91afb41b992a63201b96f6) Importer(815301076,1909f56bfc062723c751e8b465ee728b) (PreviewImporter) -> (artifact id: '3872a5f5b557f1761cbc7e55f5157474') in 0.0207506 seconds
Number of updated asset objects reloaded before import = 0Number of asset objects unloaded after import = 3

========================================================================
Received Import Request.
  Time since last request: 0.000019 seconds.
  path: Assets/Resources/res/x1/t/11/t_17.png
  artifactKey: Guid(0968c433743b25c40a38cc8b00bf8dc6) Importer(815301076,1909f56bfc062723c751e8b465ee728b)
Start importing Assets/Resources/res/x1/t/11/t_17.png using Guid(0968c433743b25c40a38cc8b00bf8dc6) Importer(815301076,1909f56bfc062723c751e8b465ee728b) (PreviewImporter) -> (artifact id: 'ea5c1c45cc646cc8a949264ddff2e0cf') in 0.0198543 seconds
Number of updated asset objects reloaded before import = 0Number of asset objects unloaded after import = 3

========================================================================
Received Import Request.
  Time since last request: 0.000018 seconds.
  path: Assets/Resources/res/x1/t/11/t_07.png
  artifactKey: Guid(319342580816f3c44bae812ba19cc944) Importer(815301076,1909f56bfc062723c751e8b465ee728b)
Start importing Assets/Resources/res/x1/t/11/t_07.png using Guid(319342580816f3c44bae812ba19cc944) Importer(815301076,1909f56bfc062723c751e8b465ee728b) (PreviewImporter) -> (artifact id: 'cf4377740180e70097b43ecfff94862b') in 0.020726 seconds
Number of updated asset objects reloaded before import = 0Number of asset objects unloaded after import = 3

========================================================================
Received Import Request.
  Time since last request: 0.252722 seconds.
  path: Assets/Resources/res/x1/t/12/t_02.png
  artifactKey: Guid(abe8726eaecc55045a9c70af51f49950) Importer(815301076,1909f56bfc062723c751e8b465ee728b)
Start importing Assets/Resources/res/x1/t/12/t_02.png using Guid(abe8726eaecc55045a9c70af51f49950) Importer(815301076,1909f56bfc062723c751e8b465ee728b) (PreviewImporter) -> (artifact id: 'fe4bcf626356307316b08c37ac39c5cc') in 0.0162217 seconds
Number of updated asset objects reloaded before import = 0Number of asset objects unloaded after import = 3

========================================================================
Received Import Request.
  Time since last request: 0.000019 seconds.
  path: Assets/Resources/res/x1/t/12/t_28.png
  artifactKey: Guid(eb516ad73a27b90409e3a31dcad5ed47) Importer(815301076,1909f56bfc062723c751e8b465ee728b)
Start importing Assets/Resources/res/x1/t/12/t_28.png using Guid(eb516ad73a27b90409e3a31dcad5ed47) Importer(815301076,1909f56bfc062723c751e8b465ee728b) (PreviewImporter) -> (artifact id: '764f43c2d71a6be5c9c86a8a98a0b3c8') in 0.0202495 seconds
Number of updated asset objects reloaded before import = 0Number of asset objects unloaded after import = 3

========================================================================
Received Import Request.
  Time since last request: 0.000030 seconds.
  path: Assets/Resources/res/x1/t/12/t_07.png
  artifactKey: Guid(dc1bbd198544ebe4eb1b1bb0aa95fd11) Importer(815301076,1909f56bfc062723c751e8b465ee728b)
Start importing Assets/Resources/res/x1/t/12/t_07.png using Guid(dc1bbd198544ebe4eb1b1bb0aa95fd11) Importer(815301076,1909f56bfc062723c751e8b465ee728b) (PreviewImporter) -> (artifact id: '81784dcc7c1cf0a3f71ff8f555e80065') in 0.0187868 seconds
Number of updated asset objects reloaded before import = 0Number of asset objects unloaded after import = 3

========================================================================
Received Import Request.
  Time since last request: 0.000033 seconds.
  path: Assets/Resources/res/x1/t/12/t_13.png
  artifactKey: Guid(e07ab496940d1374e97a9ca9ec075ffb) Importer(815301076,1909f56bfc062723c751e8b465ee728b)
Start importing Assets/Resources/res/x1/t/12/t_13.png using Guid(e07ab496940d1374e97a9ca9ec075ffb) Importer(815301076,1909f56bfc062723c751e8b465ee728b) (PreviewImporter) -> (artifact id: 'a9bd7b5215fb396d19d54b5300f2f7a8') in 0.0197279 seconds
Number of updated asset objects reloaded before import = 0Number of asset objects unloaded after import = 3

========================================================================
Received Import Request.
  Time since last request: 0.000031 seconds.
  path: Assets/Resources/res/x1/t/12/t_20.png
  artifactKey: Guid(a7dcf4182b5754f4fb99ff7abf19a8b8) Importer(815301076,1909f56bfc062723c751e8b465ee728b)
Start importing Assets/Resources/res/x1/t/12/t_20.png using Guid(a7dcf4182b5754f4fb99ff7abf19a8b8) Importer(815301076,1909f56bfc062723c751e8b465ee728b) (PreviewImporter) -> (artifact id: '5563df78331b62dd319b596900dc8751') in 0.0205192 seconds
Number of updated asset objects reloaded before import = 0Number of asset objects unloaded after import = 3

========================================================================
Received Import Request.
  Time since last request: 0.000042 seconds.
  path: Assets/Resources/res/x1/t/12/t_31.png
  artifactKey: Guid(9ffa11b008bc63445b3fc1464f42ec56) Importer(815301076,1909f56bfc062723c751e8b465ee728b)
Start importing Assets/Resources/res/x1/t/12/t_31.png using Guid(9ffa11b008bc63445b3fc1464f42ec56) Importer(815301076,1909f56bfc062723c751e8b465ee728b) (PreviewImporter) -> (artifact id: '66249d4893d6c1820fc0d829fd042d2e') in 0.0215014 seconds
Number of updated asset objects reloaded before import = 0Number of asset objects unloaded after import = 3

========================================================================
Received Import Request.
  Time since last request: 0.000029 seconds.
  path: Assets/Resources/res/x1/t/12/t_14.png
  artifactKey: Guid(22ab29f5db48ed041881ff0c8cb427ba) Importer(815301076,1909f56bfc062723c751e8b465ee728b)
Start importing Assets/Resources/res/x1/t/12/t_14.png using Guid(22ab29f5db48ed041881ff0c8cb427ba) Importer(815301076,1909f56bfc062723c751e8b465ee728b) (PreviewImporter) -> (artifact id: 'ec9faa40f250f99884552aee33ce2046') in 0.0199267 seconds
Number of updated asset objects reloaded before import = 0Number of asset objects unloaded after import = 3

========================================================================
Received Import Request.
  Time since last request: 0.000021 seconds.
  path: Assets/Resources/res/x1/t/12/t_09.png
  artifactKey: Guid(18fcc8fef6a27444f903627600716d33) Importer(815301076,1909f56bfc062723c751e8b465ee728b)
Start importing Assets/Resources/res/x1/t/12/t_09.png using Guid(18fcc8fef6a27444f903627600716d33) Importer(815301076,1909f56bfc062723c751e8b465ee728b) (PreviewImporter) -> (artifact id: '770070dc9a6ef66fff0ceef518ba1ca7') in 0.0194085 seconds
Number of updated asset objects reloaded before import = 0Number of asset objects unloaded after import = 3

========================================================================
Received Import Request.
  Time since last request: 0.000029 seconds.
  path: Assets/Resources/res/x1/t/12/t_08.png
  artifactKey: Guid(96812b1c3adc17c4ba7391c05aee85cb) Importer(815301076,1909f56bfc062723c751e8b465ee728b)
Start importing Assets/Resources/res/x1/t/12/t_08.png using Guid(96812b1c3adc17c4ba7391c05aee85cb) Importer(815301076,1909f56bfc062723c751e8b465ee728b) (PreviewImporter) -> (artifact id: 'ffdd1a8d9041be25a6b1200d9ee01805') in 0.0202161 seconds
Number of updated asset objects reloaded before import = 0Number of asset objects unloaded after import = 3

========================================================================
Received Import Request.
  Time since last request: 0.000016 seconds.
  path: Assets/Resources/res/x1/t/12/t_16.png
  artifactKey: Guid(d141c587d44385a4d8529c85461204d8) Importer(815301076,1909f56bfc062723c751e8b465ee728b)
Start importing Assets/Resources/res/x1/t/12/t_16.png using Guid(d141c587d44385a4d8529c85461204d8) Importer(815301076,1909f56bfc062723c751e8b465ee728b) (PreviewImporter) -> (artifact id: 'b0e4cd3a432e45a76a69da581df10aea') in 0.0190646 seconds
Number of updated asset objects reloaded before import = 0Number of asset objects unloaded after import = 3

========================================================================
Received Import Request.
  Time since last request: 0.000023 seconds.
  path: Assets/Resources/res/x1/t/12/t_19.png
  artifactKey: Guid(2593eb125c9d1cd46a468daaa16d9f4d) Importer(815301076,1909f56bfc062723c751e8b465ee728b)
Start importing Assets/Resources/res/x1/t/12/t_19.png using Guid(2593eb125c9d1cd46a468daaa16d9f4d) Importer(815301076,1909f56bfc062723c751e8b465ee728b) (PreviewImporter) -> (artifact id: '6fb629c13f7a3c852e0b2f382bd44da1') in 0.0205952 seconds
Number of updated asset objects reloaded before import = 0Number of asset objects unloaded after import = 3

========================================================================
Received Import Request.
  Time since last request: 0.216525 seconds.
  path: Assets/Resources/res/x1/t/14/t_02.png
  artifactKey: Guid(14e0ebd4ed076c740bcd54605f427ce9) Importer(815301076,1909f56bfc062723c751e8b465ee728b)
Start importing Assets/Resources/res/x1/t/14/t_02.png using Guid(14e0ebd4ed076c740bcd54605f427ce9) Importer(815301076,1909f56bfc062723c751e8b465ee728b) (PreviewImporter) -> (artifact id: '251e5c06bbf613fa28258d92be4649d8') in 0.0213523 seconds
Number of updated asset objects reloaded before import = 0Number of asset objects unloaded after import = 3

========================================================================
Received Import Request.
  Time since last request: 0.000024 seconds.
  path: Assets/Resources/res/x1/t/14/t_06.png
  artifactKey: Guid(b8f4e57b2e8f35a43a62bf6e21755b86) Importer(815301076,1909f56bfc062723c751e8b465ee728b)
Start importing Assets/Resources/res/x1/t/14/t_06.png using Guid(b8f4e57b2e8f35a43a62bf6e21755b86) Importer(815301076,1909f56bfc062723c751e8b465ee728b) (PreviewImporter) -> (artifact id: 'e80c3b7e1e794f302b69b2ae2160a323') in 0.0221102 seconds
Number of updated asset objects reloaded before import = 0Number of asset objects unloaded after import = 3

========================================================================
Received Import Request.
  Time since last request: 0.661774 seconds.
  path: Assets/Resources/res/x1/t/15/t_02.png
  artifactKey: Guid(4cb03381aa2f8f242ab84dbac72d176b) Importer(815301076,1909f56bfc062723c751e8b465ee728b)
Start importing Assets/Resources/res/x1/t/15/t_02.png using Guid(4cb03381aa2f8f242ab84dbac72d176b) Importer(815301076,1909f56bfc062723c751e8b465ee728b) (PreviewImporter) -> (artifact id: '7be4ab919ca645361876a11265399036') in 0.0175734 seconds
Number of updated asset objects reloaded before import = 0Number of asset objects unloaded after import = 3

========================================================================
Received Import Request.
  Time since last request: 0.000022 seconds.
  path: Assets/Resources/res/x1/t/15/t_10.png
  artifactKey: Guid(8c004506acd23294aa7e398d8d16205d) Importer(815301076,1909f56bfc062723c751e8b465ee728b)
Start importing Assets/Resources/res/x1/t/15/t_10.png using Guid(8c004506acd23294aa7e398d8d16205d) Importer(815301076,1909f56bfc062723c751e8b465ee728b) (PreviewImporter) -> (artifact id: '969c7434a38ca663062abab99e2c167f') in 0.0192193 seconds
Number of updated asset objects reloaded before import = 0Number of asset objects unloaded after import = 3

========================================================================
Received Import Request.
  Time since last request: 0.000033 seconds.
  path: Assets/Resources/res/x1/t/15/t_11.png
  artifactKey: Guid(a800d7dcdaedf104a934daf75c74af41) Importer(815301076,1909f56bfc062723c751e8b465ee728b)
Start importing Assets/Resources/res/x1/t/15/t_11.png using Guid(a800d7dcdaedf104a934daf75c74af41) Importer(815301076,1909f56bfc062723c751e8b465ee728b) (PreviewImporter) -> (artifact id: '17b2741d47fcfda01b51dc3c009d9219') in 0.0190426 seconds
Number of updated asset objects reloaded before import = 0Number of asset objects unloaded after import = 3

========================================================================
Received Import Request.
  Time since last request: 0.000023 seconds.
  path: Assets/Resources/res/x1/t/15/t_07.png
  artifactKey: Guid(92605fe0464af7749a320e1d88f27847) Importer(815301076,1909f56bfc062723c751e8b465ee728b)
Start importing Assets/Resources/res/x1/t/15/t_07.png using Guid(92605fe0464af7749a320e1d88f27847) Importer(815301076,1909f56bfc062723c751e8b465ee728b) (PreviewImporter) -> (artifact id: '1576efd2dd15f43e14f3f589e0530601') in 0.0276601 seconds
Number of updated asset objects reloaded before import = 0Number of asset objects unloaded after import = 3

========================================================================
Received Import Request.
  Time since last request: 0.540710 seconds.
  path: Assets/Resources/res/x1/t/17/t_02.png
  artifactKey: Guid(d1906da709c9428499f9dd387743321b) Importer(815301076,1909f56bfc062723c751e8b465ee728b)
Start importing Assets/Resources/res/x1/t/17/t_02.png using Guid(d1906da709c9428499f9dd387743321b) Importer(815301076,1909f56bfc062723c751e8b465ee728b) (PreviewImporter) -> (artifact id: '04e43dafd9b1e2660a9ce82779bb8f27') in 0.0172162 seconds
Number of updated asset objects reloaded before import = 0Number of asset objects unloaded after import = 3

========================================================================
Received Import Request.
  Time since last request: 0.000026 seconds.
  path: Assets/Resources/res/x1/t/17/t_25.png
  artifactKey: Guid(1c0655635f0dea946bf768751dae5fe6) Importer(815301076,1909f56bfc062723c751e8b465ee728b)
Start importing Assets/Resources/res/x1/t/17/t_25.png using Guid(1c0655635f0dea946bf768751dae5fe6) Importer(815301076,1909f56bfc062723c751e8b465ee728b) (PreviewImporter) -> (artifact id: '0f782fb017aec96aaab4efb3f5f59860') in 0.020313 seconds
Number of updated asset objects reloaded before import = 0Number of asset objects unloaded after import = 3

========================================================================
Received Import Request.
  Time since last request: 0.000027 seconds.
  path: Assets/Resources/res/x1/t/17/t_08.png
  artifactKey: Guid(29efbf2b4ae8a034cb46a8da96e14ff6) Importer(815301076,1909f56bfc062723c751e8b465ee728b)
Start importing Assets/Resources/res/x1/t/17/t_08.png using Guid(29efbf2b4ae8a034cb46a8da96e14ff6) Importer(815301076,1909f56bfc062723c751e8b465ee728b) (PreviewImporter) -> (artifact id: 'ae9b634ecabfe164bfa9b2f6ae58b307') in 0.0212675 seconds
Number of updated asset objects reloaded before import = 0Number of asset objects unloaded after import = 3

========================================================================
Received Import Request.
  Time since last request: 0.000020 seconds.
  path: Assets/Resources/res/x1/t/17/t_34.png
  artifactKey: Guid(79d96731b6b2f594a83af9826e3d5cbe) Importer(815301076,1909f56bfc062723c751e8b465ee728b)
Start importing Assets/Resources/res/x1/t/17/t_34.png using Guid(79d96731b6b2f594a83af9826e3d5cbe) Importer(815301076,1909f56bfc062723c751e8b465ee728b) (PreviewImporter) -> (artifact id: '6a42eebd480b52d3d4dbc7e40998ebf3') in 0.0207021 seconds
Number of updated asset objects reloaded before import = 0Number of asset objects unloaded after import = 3

========================================================================
Received Import Request.
  Time since last request: 0.000035 seconds.
  path: Assets/Resources/res/x1/t/17/t_27.png
  artifactKey: Guid(630efec38faeb274f9b7a61a13c8bed3) Importer(815301076,1909f56bfc062723c751e8b465ee728b)
Start importing Assets/Resources/res/x1/t/17/t_27.png using Guid(630efec38faeb274f9b7a61a13c8bed3) Importer(815301076,1909f56bfc062723c751e8b465ee728b) (PreviewImporter) -> (artifact id: 'd21bbe2e033f74081cfa4737e553cdfd') in 0.0199647 seconds
Number of updated asset objects reloaded before import = 0Number of asset objects unloaded after import = 3

========================================================================
Received Import Request.
  Time since last request: 0.000021 seconds.
  path: Assets/Resources/res/x1/t/17/t_16.png
  artifactKey: Guid(d0eda52083c86ec46ba4c3f9ee3f1fa7) Importer(815301076,1909f56bfc062723c751e8b465ee728b)
Start importing Assets/Resources/res/x1/t/17/t_16.png using Guid(d0eda52083c86ec46ba4c3f9ee3f1fa7) Importer(815301076,1909f56bfc062723c751e8b465ee728b) (PreviewImporter) -> (artifact id: '0612851eaa7c967d80e862fc2c00341a') in 0.0229384 seconds
Number of updated asset objects reloaded before import = 0Number of asset objects unloaded after import = 3

========================================================================
Received Import Request.
  Time since last request: 0.000026 seconds.
  path: Assets/Resources/res/x1/t/17/t_24.png
  artifactKey: Guid(b23fe81609856964e89ec57936ac9b06) Importer(815301076,1909f56bfc062723c751e8b465ee728b)
Start importing Assets/Resources/res/x1/t/17/t_24.png using Guid(b23fe81609856964e89ec57936ac9b06) Importer(815301076,1909f56bfc062723c751e8b465ee728b) (PreviewImporter) -> (artifact id: 'f40b0199219b95ade61b0ed1f0af6403') in 0.0207549 seconds
Number of updated asset objects reloaded before import = 0Number of asset objects unloaded after import = 3

========================================================================
Received Import Request.
  Time since last request: 0.000025 seconds.
  path: Assets/Resources/res/x1/t/17/t_18.png
  artifactKey: Guid(4d6bcd377fe60d14fa3e403206122507) Importer(815301076,1909f56bfc062723c751e8b465ee728b)
Start importing Assets/Resources/res/x1/t/17/t_18.png using Guid(4d6bcd377fe60d14fa3e403206122507) Importer(815301076,1909f56bfc062723c751e8b465ee728b) (PreviewImporter) -> (artifact id: 'dc37dedc6323c7d2869afea94f0dc6e0') in 0.0180305 seconds
Number of updated asset objects reloaded before import = 0Number of asset objects unloaded after import = 3

========================================================================
Received Import Request.
  Time since last request: 0.000046 seconds.
  path: Assets/Resources/res/x1/t/17/t_17.png
  artifactKey: Guid(eea24deed4cf48c4c8314f502742f0e7) Importer(815301076,1909f56bfc062723c751e8b465ee728b)
Start importing Assets/Resources/res/x1/t/17/t_17.png using Guid(eea24deed4cf48c4c8314f502742f0e7) Importer(815301076,1909f56bfc062723c751e8b465ee728b) (PreviewImporter) -> (artifact id: '8a5b3736050a84866f0fef40e1b32591') in 0.0191691 seconds
Number of updated asset objects reloaded before import = 0Number of asset objects unloaded after import = 3

========================================================================
Received Import Request.
  Time since last request: 0.000024 seconds.
  path: Assets/Resources/res/x1/t/17/t_10.png
  artifactKey: Guid(1aa88cbb825cd8648882b580154a73f9) Importer(815301076,1909f56bfc062723c751e8b465ee728b)
Start importing Assets/Resources/res/x1/t/17/t_10.png using Guid(1aa88cbb825cd8648882b580154a73f9) Importer(815301076,1909f56bfc062723c751e8b465ee728b) (PreviewImporter) -> (artifact id: '7a5f6157a4b28a65516a41c99767291a') in 0.0207066 seconds
Number of updated asset objects reloaded before import = 0Number of asset objects unloaded after import = 3

========================================================================
Received Import Request.
  Time since last request: 0.000017 seconds.
  path: Assets/Resources/res/x1/t/17/t_07.png
  artifactKey: Guid(27e3d72315efc5441a8643c15c4ae2c0) Importer(815301076,1909f56bfc062723c751e8b465ee728b)
Start importing Assets/Resources/res/x1/t/17/t_07.png using Guid(27e3d72315efc5441a8643c15c4ae2c0) Importer(815301076,1909f56bfc062723c751e8b465ee728b) (PreviewImporter) -> (artifact id: '8b1a023b2dabc718c987b1df10f620a8') in 0.0227177 seconds
Number of updated asset objects reloaded before import = 0Number of asset objects unloaded after import = 3

========================================================================
Received Import Request.
  Time since last request: 1.166454 seconds.
  path: Assets/Resources/res/x1/t/18/t_02.png
  artifactKey: Guid(ba6e905dc7f31cb49ac69114c979acc7) Importer(815301076,1909f56bfc062723c751e8b465ee728b)
Start importing Assets/Resources/res/x1/t/18/t_02.png using Guid(ba6e905dc7f31cb49ac69114c979acc7) Importer(815301076,1909f56bfc062723c751e8b465ee728b) (PreviewImporter) -> (artifact id: 'db3b2b6d89143150b3f01710a766c929') in 0.0167465 seconds
Number of updated asset objects reloaded before import = 0Number of asset objects unloaded after import = 3

========================================================================
Received Import Request.
  Time since last request: 0.000030 seconds.
  path: Assets/Resources/res/x1/t/18/t_11.png
  artifactKey: Guid(06d2dae212a6d2e4aa95e999a5704a7d) Importer(815301076,1909f56bfc062723c751e8b465ee728b)
Start importing Assets/Resources/res/x1/t/18/t_11.png using Guid(06d2dae212a6d2e4aa95e999a5704a7d) Importer(815301076,1909f56bfc062723c751e8b465ee728b) (PreviewImporter) -> (artifact id: '4c07cc0a2214ef5c0a6e7916ba6094d7') in 0.0202871 seconds
Number of updated asset objects reloaded before import = 0Number of asset objects unloaded after import = 3

========================================================================
Received Import Request.
  Time since last request: 0.000094 seconds.
  path: Assets/Resources/res/x1/t/18/t_08.png
  artifactKey: Guid(2aa809fb6c8ae0b41a7e397d6c31733b) Importer(815301076,1909f56bfc062723c751e8b465ee728b)
Start importing Assets/Resources/res/x1/t/18/t_08.png using Guid(2aa809fb6c8ae0b41a7e397d6c31733b) Importer(815301076,1909f56bfc062723c751e8b465ee728b) (PreviewImporter) -> (artifact id: 'ca994903af3a900ddfa47cd98c61646a') in 0.0200437 seconds
Number of updated asset objects reloaded before import = 0Number of asset objects unloaded after import = 3

========================================================================
Received Import Request.
  Time since last request: 0.000019 seconds.
  path: Assets/Resources/res/x1/t/18/t_05.png
  artifactKey: Guid(1d24fb9aed387414f971bf76414b284b) Importer(815301076,1909f56bfc062723c751e8b465ee728b)
Start importing Assets/Resources/res/x1/t/18/t_05.png using Guid(1d24fb9aed387414f971bf76414b284b) Importer(815301076,1909f56bfc062723c751e8b465ee728b) (PreviewImporter) -> (artifact id: 'c8454718cd55f53e92b9911e3f75fb8e') in 0.0213187 seconds
Number of updated asset objects reloaded before import = 0Number of asset objects unloaded after import = 3

========================================================================
Received Import Request.
  Time since last request: 0.000033 seconds.
  path: Assets/Resources/res/x1/t/18/t_16.png
  artifactKey: Guid(b9c261b6c2647a8419031556a2e9829a) Importer(815301076,1909f56bfc062723c751e8b465ee728b)
Start importing Assets/Resources/res/x1/t/18/t_16.png using Guid(b9c261b6c2647a8419031556a2e9829a) Importer(815301076,1909f56bfc062723c751e8b465ee728b) (PreviewImporter) -> (artifact id: '4353626df85d8ff5652ed8d0f85fd42f') in 0.0219439 seconds
Number of updated asset objects reloaded before import = 0Number of asset objects unloaded after import = 3

========================================================================
Received Import Request.
  Time since last request: 0.000017 seconds.
  path: Assets/Resources/res/x1/t/18/t_21.png
  artifactKey: Guid(5aa329a1ffe52c04993e54ecf9c748ae) Importer(815301076,1909f56bfc062723c751e8b465ee728b)
Start importing Assets/Resources/res/x1/t/18/t_21.png using Guid(5aa329a1ffe52c04993e54ecf9c748ae) Importer(815301076,1909f56bfc062723c751e8b465ee728b) (PreviewImporter) -> (artifact id: '4b65cef7b5adafcac856294468068dab') in 0.0213127 seconds
Number of updated asset objects reloaded before import = 0Number of asset objects unloaded after import = 3

========================================================================
Received Import Request.
  Time since last request: 0.000029 seconds.
  path: Assets/Resources/res/x1/t/18/t_15.png
  artifactKey: Guid(a7885d6e7ec590c4fa4312ab271ce341) Importer(815301076,1909f56bfc062723c751e8b465ee728b)
Start importing Assets/Resources/res/x1/t/18/t_15.png using Guid(a7885d6e7ec590c4fa4312ab271ce341) Importer(815301076,1909f56bfc062723c751e8b465ee728b) (PreviewImporter) -> (artifact id: '019f23eee11446598584fc4299c7bb3b') in 0.0250588 seconds
Number of updated asset objects reloaded before import = 0Number of asset objects unloaded after import = 3

========================================================================
Received Import Request.
  Time since last request: 0.340453 seconds.
  path: Assets/Resources/res/x1/t/19/t_02.png
  artifactKey: Guid(59a097b3a8e2c82479bc458dc4eb6fba) Importer(815301076,1909f56bfc062723c751e8b465ee728b)
Start importing Assets/Resources/res/x1/t/19/t_02.png using Guid(59a097b3a8e2c82479bc458dc4eb6fba) Importer(815301076,1909f56bfc062723c751e8b465ee728b) (PreviewImporter) -> (artifact id: '9fe4771a1b7ccbc95c955a2d37c9cfff') in 0.0151749 seconds
Number of updated asset objects reloaded before import = 0Number of asset objects unloaded after import = 3

========================================================================
Received Import Request.
  Time since last request: 0.000021 seconds.
  path: Assets/Resources/res/x1/t/19/t_14.png
  artifactKey: Guid(458c7bcfc85df9f4bbd8677e399f2ee7) Importer(815301076,1909f56bfc062723c751e8b465ee728b)
Start importing Assets/Resources/res/x1/t/19/t_14.png using Guid(458c7bcfc85df9f4bbd8677e399f2ee7) Importer(815301076,1909f56bfc062723c751e8b465ee728b) (PreviewImporter) -> (artifact id: '41cee07f5cca9ef503c9dbc19f30acd9') in 0.0191491 seconds
Number of updated asset objects reloaded before import = 0Number of asset objects unloaded after import = 3

========================================================================
Received Import Request.
  Time since last request: 0.000020 seconds.
  path: Assets/Resources/res/x1/t/19/t_25.png
  artifactKey: Guid(2c180d9f6bd35e0439873564f2329684) Importer(815301076,1909f56bfc062723c751e8b465ee728b)
Start importing Assets/Resources/res/x1/t/19/t_25.png using Guid(2c180d9f6bd35e0439873564f2329684) Importer(815301076,1909f56bfc062723c751e8b465ee728b) (PreviewImporter) -> (artifact id: '2c7b3902cf7e4c8a63c28a85798b6fcb') in 0.0182141 seconds
Number of updated asset objects reloaded before import = 0Number of asset objects unloaded after import = 3

========================================================================
Received Import Request.
  Time since last request: 0.000021 seconds.
  path: Assets/Resources/res/x1/t/19/t_11.png
  artifactKey: Guid(730e538f21d334a48a45078bb01c7f23) Importer(815301076,1909f56bfc062723c751e8b465ee728b)
Start importing Assets/Resources/res/x1/t/19/t_11.png using Guid(730e538f21d334a48a45078bb01c7f23) Importer(815301076,1909f56bfc062723c751e8b465ee728b) (PreviewImporter) -> (artifact id: '0558cf35398913de200ffeb71e5a6b42') in 0.018797 seconds
Number of updated asset objects reloaded before import = 0Number of asset objects unloaded after import = 3

========================================================================
Received Import Request.
  Time since last request: 0.000021 seconds.
  path: Assets/Resources/res/x1/t/19/t_10.png
  artifactKey: Guid(8711b4caa4295934b90b491a61ea3b85) Importer(815301076,1909f56bfc062723c751e8b465ee728b)
Start importing Assets/Resources/res/x1/t/19/t_10.png using Guid(8711b4caa4295934b90b491a61ea3b85) Importer(815301076,1909f56bfc062723c751e8b465ee728b) (PreviewImporter) -> (artifact id: '36f156e9b4ff17dcf09bc74f1691cd2d') in 0.0188358 seconds
Number of updated asset objects reloaded before import = 0Number of asset objects unloaded after import = 3

========================================================================
Received Import Request.
  Time since last request: 0.000018 seconds.
  path: Assets/Resources/res/x1/t/19/t_13.png
  artifactKey: Guid(66466a1f93dcdf346b68898c73dc2ae8) Importer(815301076,1909f56bfc062723c751e8b465ee728b)
Start importing Assets/Resources/res/x1/t/19/t_13.png using Guid(66466a1f93dcdf346b68898c73dc2ae8) Importer(815301076,1909f56bfc062723c751e8b465ee728b) (PreviewImporter) -> (artifact id: 'c3f15b6891ded3f0c2249b57a4513782') in 0.0194237 seconds
Number of updated asset objects reloaded before import = 0Number of asset objects unloaded after import = 3

========================================================================
Received Import Request.
  Time since last request: 0.000017 seconds.
  path: Assets/Resources/res/x1/t/19/t_09.png
  artifactKey: Guid(847fc4cd217447e4bbc0c5e6bf3e17c3) Importer(815301076,1909f56bfc062723c751e8b465ee728b)
Start importing Assets/Resources/res/x1/t/19/t_09.png using Guid(847fc4cd217447e4bbc0c5e6bf3e17c3) Importer(815301076,1909f56bfc062723c751e8b465ee728b) (PreviewImporter) -> (artifact id: '6fd4c7895ce258b2520ed8b93c1ab654') in 0.0189722 seconds
Number of updated asset objects reloaded before import = 0Number of asset objects unloaded after import = 3

========================================================================
Received Import Request.
  Time since last request: 0.000017 seconds.
  path: Assets/Resources/res/x1/t/19/t_18.png
  artifactKey: Guid(65910f74bbd1df647bf8d57357d8ea23) Importer(815301076,1909f56bfc062723c751e8b465ee728b)
Start importing Assets/Resources/res/x1/t/19/t_18.png using Guid(65910f74bbd1df647bf8d57357d8ea23) Importer(815301076,1909f56bfc062723c751e8b465ee728b) (PreviewImporter) -> (artifact id: '6bfde67112d06ffac49090caff0e2327') in 0.0203739 seconds
Number of updated asset objects reloaded before import = 0Number of asset objects unloaded after import = 3

========================================================================
Received Import Request.
  Time since last request: 0.000020 seconds.
  path: Assets/Resources/res/x1/t/19/t_27.png
  artifactKey: Guid(1a79913647a8d4941abd861c48bd299e) Importer(815301076,1909f56bfc062723c751e8b465ee728b)
Start importing Assets/Resources/res/x1/t/19/t_27.png using Guid(1a79913647a8d4941abd861c48bd299e) Importer(815301076,1909f56bfc062723c751e8b465ee728b) (PreviewImporter) -> (artifact id: 'e25da2d671aeb20226475f50b99d40fb') in 0.0104389 seconds
Number of updated asset objects reloaded before import = 0Number of asset objects unloaded after import = 3

========================================================================
Received Import Request.
  Time since last request: 0.000033 seconds.
  path: Assets/Resources/res/x1/t/19/t_28.png
  artifactKey: Guid(69ff7709d90038c4ca0f9201e16e3ba1) Importer(815301076,1909f56bfc062723c751e8b465ee728b)
Start importing Assets/Resources/res/x1/t/19/t_28.png using Guid(69ff7709d90038c4ca0f9201e16e3ba1) Importer(815301076,1909f56bfc062723c751e8b465ee728b) (PreviewImporter) -> (artifact id: '5c981df9f279122fd85627ef282bdc60') in 0.0181399 seconds
Number of updated asset objects reloaded before import = 0Number of asset objects unloaded after import = 3

========================================================================
Received Import Request.
  Time since last request: 0.306307 seconds.
  path: Assets/Resources/res/x1/t/20/t_02.png
  artifactKey: Guid(44f7e444f649a9b4e9e12695f8174961) Importer(815301076,1909f56bfc062723c751e8b465ee728b)
Start importing Assets/Resources/res/x1/t/20/t_02.png using Guid(44f7e444f649a9b4e9e12695f8174961) Importer(815301076,1909f56bfc062723c751e8b465ee728b) (PreviewImporter) -> (artifact id: '07bcb6803a160da98698254698401ab1') in 0.0151652 seconds
Number of updated asset objects reloaded before import = 0Number of asset objects unloaded after import = 3

========================================================================
Received Import Request.
  Time since last request: 0.000025 seconds.
  path: Assets/Resources/res/x1/t/20/t_12.png
  artifactKey: Guid(b8568b414d9d108498bb8b64f94a127d) Importer(815301076,1909f56bfc062723c751e8b465ee728b)
Start importing Assets/Resources/res/x1/t/20/t_12.png using Guid(b8568b414d9d108498bb8b64f94a127d) Importer(815301076,1909f56bfc062723c751e8b465ee728b) (PreviewImporter) -> (artifact id: '44f5050e1fa1c509e8303e3f6ab72faf') in 0.0192928 seconds
Number of updated asset objects reloaded before import = 0Number of asset objects unloaded after import = 3

========================================================================
Received Import Request.
  Time since last request: 0.000016 seconds.
  path: Assets/Resources/res/x1/t/20/t_09.png
  artifactKey: Guid(22449aeb00c148648bea24e42e824712) Importer(815301076,1909f56bfc062723c751e8b465ee728b)
Start importing Assets/Resources/res/x1/t/20/t_09.png using Guid(22449aeb00c148648bea24e42e824712) Importer(815301076,1909f56bfc062723c751e8b465ee728b) (PreviewImporter) -> (artifact id: 'a03949666592aab4d41ba17ed355606a') in 0.0185483 seconds
Number of updated asset objects reloaded before import = 0Number of asset objects unloaded after import = 3

========================================================================
Received Import Request.
  Time since last request: 0.000031 seconds.
  path: Assets/Resources/res/x1/t/20/t_31.png
  artifactKey: Guid(be9730c1ba16f314cbad89115b6643ca) Importer(815301076,1909f56bfc062723c751e8b465ee728b)
Start importing Assets/Resources/res/x1/t/20/t_31.png using Guid(be9730c1ba16f314cbad89115b6643ca) Importer(815301076,1909f56bfc062723c751e8b465ee728b) (PreviewImporter) -> (artifact id: 'a2f819586cf14b0f160258495e41f16e') in 0.0182277 seconds
Number of updated asset objects reloaded before import = 0Number of asset objects unloaded after import = 3

========================================================================
Received Import Request.
  Time since last request: 0.000141 seconds.
  path: Assets/Resources/res/x1/t/20/t_06.png
  artifactKey: Guid(c56b0d1a20ff8e24786ac4f292109f13) Importer(815301076,1909f56bfc062723c751e8b465ee728b)
Start importing Assets/Resources/res/x1/t/20/t_06.png using Guid(c56b0d1a20ff8e24786ac4f292109f13) Importer(815301076,1909f56bfc062723c751e8b465ee728b) (PreviewImporter) -> (artifact id: 'c4fa44d4d838bf92a985237d1986305d') in 0.0186056 seconds
Number of updated asset objects reloaded before import = 0Number of asset objects unloaded after import = 3

========================================================================
Received Import Request.
  Time since last request: 0.000058 seconds.
  path: Assets/Resources/res/x1/t/20/t_34.png
  artifactKey: Guid(e5c8f38d6e00c4f4d983343bf7ad2351) Importer(815301076,1909f56bfc062723c751e8b465ee728b)
Start importing Assets/Resources/res/x1/t/20/t_34.png using Guid(e5c8f38d6e00c4f4d983343bf7ad2351) Importer(815301076,1909f56bfc062723c751e8b465ee728b) (PreviewImporter) -> (artifact id: '52a1587aaf8f9309f55fe7e467f231b5') in 0.0215562 seconds
Number of updated asset objects reloaded before import = 0Number of asset objects unloaded after import = 3

========================================================================
Received Import Request.
  Time since last request: 0.000022 seconds.
  path: Assets/Resources/res/x1/t/20/t_11.png
  artifactKey: Guid(1f212498266941e479af460fbf6faa0c) Importer(815301076,1909f56bfc062723c751e8b465ee728b)
Start importing Assets/Resources/res/x1/t/20/t_11.png using Guid(1f212498266941e479af460fbf6faa0c) Importer(815301076,1909f56bfc062723c751e8b465ee728b) (PreviewImporter) -> (artifact id: 'd630983214fd463e7d3ff2f818e02c61') in 0.0183682 seconds
Number of updated asset objects reloaded before import = 0Number of asset objects unloaded after import = 3

========================================================================
Received Import Request.
  Time since last request: 0.000032 seconds.
  path: Assets/Resources/res/x1/t/20/t_38.png
  artifactKey: Guid(8281542a4c07a4547b9cba6fe7b4b670) Importer(815301076,1909f56bfc062723c751e8b465ee728b)
Start importing Assets/Resources/res/x1/t/20/t_38.png using Guid(8281542a4c07a4547b9cba6fe7b4b670) Importer(815301076,1909f56bfc062723c751e8b465ee728b) (PreviewImporter) -> (artifact id: '06b0661b4fe70f004ed42be26726d1c9') in 0.0200721 seconds
Number of updated asset objects reloaded before import = 0Number of asset objects unloaded after import = 3

========================================================================
Received Import Request.
  Time since last request: 0.000026 seconds.
  path: Assets/Resources/res/x1/t/20/t_29.png
  artifactKey: Guid(5d5b0646e2a87904198f5d1f570e8ca8) Importer(815301076,1909f56bfc062723c751e8b465ee728b)
Start importing Assets/Resources/res/x1/t/20/t_29.png using Guid(5d5b0646e2a87904198f5d1f570e8ca8) Importer(815301076,1909f56bfc062723c751e8b465ee728b) (PreviewImporter) -> (artifact id: '80dc47ab9a4f4ca6f3db3fef0c4518cd') in 0.0191825 seconds
Number of updated asset objects reloaded before import = 0Number of asset objects unloaded after import = 3

========================================================================
Received Import Request.
  Time since last request: 0.000026 seconds.
  path: Assets/Resources/res/x1/t/20/t_16.png
  artifactKey: Guid(69c27844f63be4b4c8c3ea0817bcd4f2) Importer(815301076,1909f56bfc062723c751e8b465ee728b)
Start importing Assets/Resources/res/x1/t/20/t_16.png using Guid(69c27844f63be4b4c8c3ea0817bcd4f2) Importer(815301076,1909f56bfc062723c751e8b465ee728b) (PreviewImporter) -> (artifact id: '5d34b090cff842e0de94bb9b6dc14bf7') in 0.0193612 seconds
Number of updated asset objects reloaded before import = 0Number of asset objects unloaded after import = 3

========================================================================
Received Import Request.
  Time since last request: 0.000040 seconds.
  path: Assets/Resources/res/x1/t/20/t_13.png
  artifactKey: Guid(2d77638d971f5ba4ea5fab0865192a20) Importer(815301076,1909f56bfc062723c751e8b465ee728b)
Start importing Assets/Resources/res/x1/t/20/t_13.png using Guid(2d77638d971f5ba4ea5fab0865192a20) Importer(815301076,1909f56bfc062723c751e8b465ee728b) (PreviewImporter) -> (artifact id: '509761a634d7a9caaac3f2d35a898fb7') in 0.0206273 seconds
Number of updated asset objects reloaded before import = 0Number of asset objects unloaded after import = 3

========================================================================
Received Import Request.
  Time since last request: 0.000024 seconds.
  path: Assets/Resources/res/x1/t/20/t_23.png
  artifactKey: Guid(9034e7c73d61616449e0b69ec142529e) Importer(815301076,1909f56bfc062723c751e8b465ee728b)
Start importing Assets/Resources/res/x1/t/20/t_23.png using Guid(9034e7c73d61616449e0b69ec142529e) Importer(815301076,1909f56bfc062723c751e8b465ee728b) (PreviewImporter) -> (artifact id: '92eeee3783b72ae1ba678c571cf01f6a') in 0.0192862 seconds
Number of updated asset objects reloaded before import = 0Number of asset objects unloaded after import = 3

========================================================================
Received Import Request.
  Time since last request: 0.957078 seconds.
  path: Assets/Resources/res/x1/t/21/t_02.png
  artifactKey: Guid(9457f2c22e7d17d45bfeeaeb1ace90d6) Importer(815301076,1909f56bfc062723c751e8b465ee728b)
Start importing Assets/Resources/res/x1/t/21/t_02.png using Guid(9457f2c22e7d17d45bfeeaeb1ace90d6) Importer(815301076,1909f56bfc062723c751e8b465ee728b) (PreviewImporter) -> (artifact id: '199218b811fe52f30f11ad3a06f4a0fc') in 0.0178342 seconds
Number of updated asset objects reloaded before import = 0Number of asset objects unloaded after import = 3

========================================================================
Received Import Request.
  Time since last request: 0.000042 seconds.
  path: Assets/Resources/res/x1/t/21/t_09.png
  artifactKey: Guid(3a28e085a8a54e74ca45f0de5f2fc9fb) Importer(815301076,1909f56bfc062723c751e8b465ee728b)
Start importing Assets/Resources/res/x1/t/21/t_09.png using Guid(3a28e085a8a54e74ca45f0de5f2fc9fb) Importer(815301076,1909f56bfc062723c751e8b465ee728b) (PreviewImporter) -> (artifact id: '2b714e5a51fd7bc77da3142fd92b8521') in 0.0226117 seconds
Number of updated asset objects reloaded before import = 0Number of asset objects unloaded after import = 3

========================================================================
Received Import Request.
  Time since last request: 0.000018 seconds.
  path: Assets/Resources/res/x1/t/21/t_16.png
  artifactKey: Guid(fdb733f71b6e63b44b41a84299eddfea) Importer(815301076,1909f56bfc062723c751e8b465ee728b)
Start importing Assets/Resources/res/x1/t/21/t_16.png using Guid(fdb733f71b6e63b44b41a84299eddfea) Importer(815301076,1909f56bfc062723c751e8b465ee728b) (PreviewImporter) -> (artifact id: 'bd02878b96751859205973db4691d21e') in 0.0228086 seconds
Number of updated asset objects reloaded before import = 0Number of asset objects unloaded after import = 3

========================================================================
Received Import Request.
  Time since last request: 0.000026 seconds.
  path: Assets/Resources/res/x1/t/21/t_17.png
  artifactKey: Guid(f4c52a587822f464bb84f6ba0fc3542d) Importer(815301076,1909f56bfc062723c751e8b465ee728b)
Start importing Assets/Resources/res/x1/t/21/t_17.png using Guid(f4c52a587822f464bb84f6ba0fc3542d) Importer(815301076,1909f56bfc062723c751e8b465ee728b) (PreviewImporter) -> (artifact id: '2b6db5099cfd6879e4acee2d913ab502') in 0.0123152 seconds
Number of updated asset objects reloaded before import = 0Number of asset objects unloaded after import = 3

========================================================================
Received Import Request.
  Time since last request: 0.000077 seconds.
  path: Assets/Resources/res/x1/t/21/t_06.png
  artifactKey: Guid(5787131fd35e32d419a4265eab7fe84c) Importer(815301076,1909f56bfc062723c751e8b465ee728b)
Start importing Assets/Resources/res/x1/t/21/t_06.png using Guid(5787131fd35e32d419a4265eab7fe84c) Importer(815301076,1909f56bfc062723c751e8b465ee728b) (PreviewImporter) -> (artifact id: '9e62dc63706ccc5a499395b7f9aa4f6f') in 0.0094537 seconds
Number of updated asset objects reloaded before import = 0Number of asset objects unloaded after import = 3

========================================================================
Received Import Request.
  Time since last request: 0.000039 seconds.
  path: Assets/Resources/res/x1/t/21/t_13.png
  artifactKey: Guid(907d901ea44301c44aef2d939c54a98f) Importer(815301076,1909f56bfc062723c751e8b465ee728b)
Start importing Assets/Resources/res/x1/t/21/t_13.png using Guid(907d901ea44301c44aef2d939c54a98f) Importer(815301076,1909f56bfc062723c751e8b465ee728b) (PreviewImporter) -> (artifact id: '80eeea9c424a8a218a5c2b9221c5f285') in 0.0212751 seconds
Number of updated asset objects reloaded before import = 0Number of asset objects unloaded after import = 3

========================================================================
Received Import Request.
  Time since last request: 0.000039 seconds.
  path: Assets/Resources/res/x1/t/21/t_10.png
  artifactKey: Guid(4e9ee5f05fd2f294c8859fc009ad5590) Importer(815301076,1909f56bfc062723c751e8b465ee728b)
Start importing Assets/Resources/res/x1/t/21/t_10.png using Guid(4e9ee5f05fd2f294c8859fc009ad5590) Importer(815301076,1909f56bfc062723c751e8b465ee728b) (PreviewImporter) -> (artifact id: '0f519c9702a8967ca7fe5d248c1df317') in 0.0213568 seconds
Number of updated asset objects reloaded before import = 0Number of asset objects unloaded after import = 3

========================================================================
Received Import Request.
  Time since last request: 0.282311 seconds.
  path: Assets/Resources/res/x1/t/22/t_02.png
  artifactKey: Guid(5b1cd3161f2af1842b8167f5de79b5a4) Importer(815301076,1909f56bfc062723c751e8b465ee728b)
Start importing Assets/Resources/res/x1/t/22/t_02.png using Guid(5b1cd3161f2af1842b8167f5de79b5a4) Importer(815301076,1909f56bfc062723c751e8b465ee728b) (PreviewImporter) -> (artifact id: 'd730b665fa0d01376626e5f5f38edc85') in 0.0169171 seconds
Number of updated asset objects reloaded before import = 0Number of asset objects unloaded after import = 3

========================================================================
Received Import Request.
  Time since last request: 0.000029 seconds.
  path: Assets/Resources/res/x1/t/22/t_04.png
  artifactKey: Guid(f1364706082a20145a8eede681c68edc) Importer(815301076,1909f56bfc062723c751e8b465ee728b)
Start importing Assets/Resources/res/x1/t/22/t_04.png using Guid(f1364706082a20145a8eede681c68edc) Importer(815301076,1909f56bfc062723c751e8b465ee728b) (PreviewImporter) -> (artifact id: '7b0ccd8cacda86a1c3db410ebeabdcb4') in 0.0199328 seconds
Number of updated asset objects reloaded before import = 0Number of asset objects unloaded after import = 3

========================================================================
Received Import Request.
  Time since last request: 0.000019 seconds.
  path: Assets/Resources/res/x1/t/22/t_15.png
  artifactKey: Guid(f5cc5716763c2654aaf2ee7b42b1b755) Importer(815301076,1909f56bfc062723c751e8b465ee728b)
Start importing Assets/Resources/res/x1/t/22/t_15.png using Guid(f5cc5716763c2654aaf2ee7b42b1b755) Importer(815301076,1909f56bfc062723c751e8b465ee728b) (PreviewImporter) -> (artifact id: '5b16fc83b7834a0dbcd9adbd0f5ffb1b') in 0.0222629 seconds
Number of updated asset objects reloaded before import = 0Number of asset objects unloaded after import = 3

========================================================================
Received Import Request.
  Time since last request: 0.000071 seconds.
  path: Assets/Resources/res/x1/t/22/t_06.png
  artifactKey: Guid(99bb8f99cc4640943aa2400a36321d22) Importer(815301076,1909f56bfc062723c751e8b465ee728b)
Start importing Assets/Resources/res/x1/t/22/t_06.png using Guid(99bb8f99cc4640943aa2400a36321d22) Importer(815301076,1909f56bfc062723c751e8b465ee728b) (PreviewImporter) -> (artifact id: 'd2901debfd513ff9ecc12e072c853ff7') in 0.0194109 seconds
Number of updated asset objects reloaded before import = 0Number of asset objects unloaded after import = 3

========================================================================
Received Import Request.
  Time since last request: 0.000046 seconds.
  path: Assets/Resources/res/x1/t/22/t_14.png
  artifactKey: Guid(3c6f82666b6919d43accd63e3ce43b86) Importer(815301076,1909f56bfc062723c751e8b465ee728b)
Start importing Assets/Resources/res/x1/t/22/t_14.png using Guid(3c6f82666b6919d43accd63e3ce43b86) Importer(815301076,1909f56bfc062723c751e8b465ee728b) (PreviewImporter) -> (artifact id: '04def5ede5b7e32dcd825a4d47f02c59') in 0.0223277 seconds
Number of updated asset objects reloaded before import = 0Number of asset objects unloaded after import = 3

========================================================================
Received Import Request.
  Time since last request: 0.402652 seconds.
  path: Assets/Resources/res/x1/t/23/t_02.png
  artifactKey: Guid(254b8efcb82e8ca4caba66ae44bdd9b9) Importer(815301076,1909f56bfc062723c751e8b465ee728b)
Start importing Assets/Resources/res/x1/t/23/t_02.png using Guid(254b8efcb82e8ca4caba66ae44bdd9b9) Importer(815301076,1909f56bfc062723c751e8b465ee728b) (PreviewImporter) -> (artifact id: '744837602679068f672614da3d9ac40b') in 0.0157808 seconds
Number of updated asset objects reloaded before import = 0Number of asset objects unloaded after import = 3

========================================================================
Received Import Request.
  Time since last request: 0.000064 seconds.
  path: Assets/Resources/res/x1/t/23/t_19.png
  artifactKey: Guid(bf6024412d5fec342a76863723a785e0) Importer(815301076,1909f56bfc062723c751e8b465ee728b)
Start importing Assets/Resources/res/x1/t/23/t_19.png using Guid(bf6024412d5fec342a76863723a785e0) Importer(815301076,1909f56bfc062723c751e8b465ee728b) (PreviewImporter) -> (artifact id: '2b1dbfd7d44effdf134292edab945b20') in 0.0201541 seconds
Number of updated asset objects reloaded before import = 0Number of asset objects unloaded after import = 3

========================================================================
Received Import Request.
  Time since last request: 0.000020 seconds.
  path: Assets/Resources/res/x1/t/23/t_11.png
  artifactKey: Guid(ec02152da57054d41948edc12afe556d) Importer(815301076,1909f56bfc062723c751e8b465ee728b)
Start importing Assets/Resources/res/x1/t/23/t_11.png using Guid(ec02152da57054d41948edc12afe556d) Importer(815301076,1909f56bfc062723c751e8b465ee728b) (PreviewImporter) -> (artifact id: 'fa29eddb552777fa15f578529ef659f9') in 0.0199806 seconds
Number of updated asset objects reloaded before import = 0Number of asset objects unloaded after import = 3

========================================================================
Received Import Request.
  Time since last request: 0.000131 seconds.
  path: Assets/Resources/res/x1/t/23/t_23.png
  artifactKey: Guid(d8c871fd9b372b54f8089dd62ead8346) Importer(815301076,1909f56bfc062723c751e8b465ee728b)
Start importing Assets/Resources/res/x1/t/23/t_23.png using Guid(d8c871fd9b372b54f8089dd62ead8346) Importer(815301076,1909f56bfc062723c751e8b465ee728b) (PreviewImporter) -> (artifact id: '505c63b50e012f3c0486a67dfd20382a') in 0.0097925 seconds
Number of updated asset objects reloaded before import = 0Number of asset objects unloaded after import = 3

========================================================================
Received Import Request.
  Time since last request: 0.000028 seconds.
  path: Assets/Resources/res/x1/t/23/t_08.png
  artifactKey: Guid(2cb795cefdee65a4faa95a5666ed06db) Importer(815301076,1909f56bfc062723c751e8b465ee728b)
Start importing Assets/Resources/res/x1/t/23/t_08.png using Guid(2cb795cefdee65a4faa95a5666ed06db) Importer(815301076,1909f56bfc062723c751e8b465ee728b) (PreviewImporter) -> (artifact id: 'eee16a106779db9a2720977c6c85d86f') in 0.0237236 seconds
Number of updated asset objects reloaded before import = 0Number of asset objects unloaded after import = 3

========================================================================
Received Import Request.
  Time since last request: 0.000027 seconds.
  path: Assets/Resources/res/x1/t/23/t_09.png
  artifactKey: Guid(35933d58d64229b43a50951d48ad049f) Importer(815301076,1909f56bfc062723c751e8b465ee728b)
Start importing Assets/Resources/res/x1/t/23/t_09.png using Guid(35933d58d64229b43a50951d48ad049f) Importer(815301076,1909f56bfc062723c751e8b465ee728b) (PreviewImporter) -> (artifact id: '01714b47f0d982be53392bc7da8a78f7') in 0.0222554 seconds
Number of updated asset objects reloaded before import = 0Number of asset objects unloaded after import = 3

========================================================================
Received Import Request.
  Time since last request: 0.000020 seconds.
  path: Assets/Resources/res/x1/t/23/t_05.png
  artifactKey: Guid(a54fb84604dfd3e45b6c199bcf558af6) Importer(815301076,1909f56bfc062723c751e8b465ee728b)
Start importing Assets/Resources/res/x1/t/23/t_05.png using Guid(a54fb84604dfd3e45b6c199bcf558af6) Importer(815301076,1909f56bfc062723c751e8b465ee728b) (PreviewImporter) -> (artifact id: '67c0609c33401959ab6b3dcfec7ff3b1') in 0.0207332 seconds
Number of updated asset objects reloaded before import = 0Number of asset objects unloaded after import = 3

========================================================================
Received Import Request.
  Time since last request: 0.000051 seconds.
  path: Assets/Resources/res/x1/t/23/t_06.png
  artifactKey: Guid(76f931e1fbd0dbf4ab05779adfdfecec) Importer(815301076,1909f56bfc062723c751e8b465ee728b)
Start importing Assets/Resources/res/x1/t/23/t_06.png using Guid(76f931e1fbd0dbf4ab05779adfdfecec) Importer(815301076,1909f56bfc062723c751e8b465ee728b) (PreviewImporter) -> (artifact id: '18f679742d7afb112d882fa4b2253205') in 0.0182394 seconds
Number of updated asset objects reloaded before import = 0Number of asset objects unloaded after import = 3

========================================================================
Received Import Request.
  Time since last request: 17.773958 seconds.
  path: Assets/Resources/res/x1/smallimage/Small1086.png
  artifactKey: Guid(b907f26bc914a7946989a11e74ccfc38) Importer(815301076,1909f56bfc062723c751e8b465ee728b)
Start importing Assets/Resources/res/x1/smallimage/Small1086.png using Guid(b907f26bc914a7946989a11e74ccfc38) Importer(815301076,1909f56bfc062723c751e8b465ee728b) (PreviewImporter) -> (artifact id: 'd0619e6064ea7afef11ea7ada9229c9e') in 0.0248299 seconds
Number of updated asset objects reloaded before import = 0Number of asset objects unloaded after import = 3

========================================================================
Received Import Request.
  Time since last request: 0.916479 seconds.
  path: Assets/Resources/res/x1/radar/1.png
  artifactKey: Guid(e622c2c672e84c2438062ff817ecb76e) Importer(815301076,1909f56bfc062723c751e8b465ee728b)
Start importing Assets/Resources/res/x1/radar/1.png using Guid(e622c2c672e84c2438062ff817ecb76e) Importer(815301076,1909f56bfc062723c751e8b465ee728b) (PreviewImporter) -> (artifact id: '38515497b7e9903d3a09fa88a88419d9') in 0.0192382 seconds
Number of updated asset objects reloaded before import = 0Number of asset objects unloaded after import = 3

========================================================================
Received Import Request.
  Time since last request: 0.000030 seconds.
  path: Assets/Resources/res/x1/radar/16.png
  artifactKey: Guid(70b43139a52c020439bab06600f515d6) Importer(815301076,1909f56bfc062723c751e8b465ee728b)
Start importing Assets/Resources/res/x1/radar/16.png using Guid(70b43139a52c020439bab06600f515d6) Importer(815301076,1909f56bfc062723c751e8b465ee728b) (PreviewImporter) -> (artifact id: 'b3f30409a3ced4ba89c98cd2e8e14f1f') in 0.0235282 seconds
Number of updated asset objects reloaded before import = 0Number of asset objects unloaded after import = 3

========================================================================
Received Import Request.
  Time since last request: 0.000026 seconds.
  path: Assets/Resources/res/x1/radar/17.png
  artifactKey: Guid(caea7d314dd8ff2499c2833f8bc22197) Importer(815301076,1909f56bfc062723c751e8b465ee728b)
Start importing Assets/Resources/res/x1/radar/17.png using Guid(caea7d314dd8ff2499c2833f8bc22197) Importer(815301076,1909f56bfc062723c751e8b465ee728b) (PreviewImporter) -> (artifact id: '531f4e1dcd798faed96c54a548fb31a3') in 0.0193293 seconds
Number of updated asset objects reloaded before import = 0Number of asset objects unloaded after import = 3

========================================================================
Received Import Request.
  Time since last request: 0.000022 seconds.
  path: Assets/Resources/res/x1/radar/21.png
  artifactKey: Guid(cbc8cede913d3b44fba538924f986f85) Importer(815301076,1909f56bfc062723c751e8b465ee728b)
Start importing Assets/Resources/res/x1/radar/21.png using Guid(cbc8cede913d3b44fba538924f986f85) Importer(815301076,1909f56bfc062723c751e8b465ee728b) (PreviewImporter) -> (artifact id: '7f40f4003d80b9b6e45e6a7e2260260b') in 0.0234201 seconds
Number of updated asset objects reloaded before import = 0Number of asset objects unloaded after import = 3

========================================================================
Received Import Request.
  Time since last request: 0.000022 seconds.
  path: Assets/Resources/res/x1/radar/20.png
  artifactKey: Guid(e814c67a1451afc49a1c44c58ae3e3bb) Importer(815301076,1909f56bfc062723c751e8b465ee728b)
Start importing Assets/Resources/res/x1/radar/20.png using Guid(e814c67a1451afc49a1c44c58ae3e3bb) Importer(815301076,1909f56bfc062723c751e8b465ee728b) (PreviewImporter) -> (artifact id: '856d8a5126d77e3da5c376355b56db76') in 0.0253984 seconds
Number of updated asset objects reloaded before import = 0Number of asset objects unloaded after import = 3

========================================================================
Received Import Request.
  Time since last request: 0.000028 seconds.
  path: Assets/Resources/res/x1/radar/19.png
  artifactKey: Guid(c0ba32fc5ad174843a0ff1719a13e16a) Importer(815301076,1909f56bfc062723c751e8b465ee728b)
Start importing Assets/Resources/res/x1/radar/19.png using Guid(c0ba32fc5ad174843a0ff1719a13e16a) Importer(815301076,1909f56bfc062723c751e8b465ee728b) (PreviewImporter) -> (artifact id: '270f929a9418b8c4299a7773a1e79e02') in 0.026595 seconds
Number of updated asset objects reloaded before import = 0Number of asset objects unloaded after import = 3

========================================================================
Received Import Request.
  Time since last request: 0.000052 seconds.
  path: Assets/Resources/res/x1/radar/18.png
  artifactKey: Guid(91da17f0382096b4db038e2d4982ad7b) Importer(815301076,1909f56bfc062723c751e8b465ee728b)
Start importing Assets/Resources/res/x1/radar/18.png using Guid(91da17f0382096b4db038e2d4982ad7b) Importer(815301076,1909f56bfc062723c751e8b465ee728b) (PreviewImporter) -> (artifact id: '19d630b2bf64ddcc9ca4b098dbda0f57') in 0.0230405 seconds
Number of updated asset objects reloaded before import = 0Number of asset objects unloaded after import = 3

========================================================================
Received Import Request.
  Time since last request: 0.000017 seconds.
  path: Assets/Resources/res/x1/radar/15.png
  artifactKey: Guid(9daa500faa184e84eb64a86b6cbc8e0f) Importer(815301076,1909f56bfc062723c751e8b465ee728b)
Start importing Assets/Resources/res/x1/radar/15.png using Guid(9daa500faa184e84eb64a86b6cbc8e0f) Importer(815301076,1909f56bfc062723c751e8b465ee728b) (PreviewImporter) -> (artifact id: '823e133b5483a3218c5850b15abd9ee9') in 0.0216863 seconds
Number of updated asset objects reloaded before import = 0Number of asset objects unloaded after import = 3

========================================================================
Received Import Request.
  Time since last request: 1.231094 seconds.
  path: Assets/Resources/res/x1/pc/chat2.png
  artifactKey: Guid(7d3032397210ad8488e2365361280378) Importer(815301076,1909f56bfc062723c751e8b465ee728b)
Start importing Assets/Resources/res/x1/pc/chat2.png using Guid(7d3032397210ad8488e2365361280378) Importer(815301076,1909f56bfc062723c751e8b465ee728b) (PreviewImporter) -> (artifact id: '04b594b2b083334582b828e9ca820f5c') in 0.0224056 seconds
Number of updated asset objects reloaded before import = 0Number of asset objects unloaded after import = 3

========================================================================
Received Import Request.
  Time since last request: 0.914927 seconds.
  path: Assets/Resources/res/x1/mainimage/btn0left.png
  artifactKey: Guid(96c8f321e52857d42986e8adef314607) Importer(815301076,1909f56bfc062723c751e8b465ee728b)
Start importing Assets/Resources/res/x1/mainimage/btn0left.png using Guid(96c8f321e52857d42986e8adef314607) Importer(815301076,1909f56bfc062723c751e8b465ee728b) (PreviewImporter) -> (artifact id: 'ee1cf238e3e670a4013f52393d69380f') in 0.0210191 seconds
Number of updated asset objects reloaded before import = 0Number of asset objects unloaded after import = 3

========================================================================
Received Import Request.
  Time since last request: 0.000020 seconds.
  path: Assets/Resources/res/x1/mainimage/myTexture2dbd0.png
  artifactKey: Guid(72bb4686fecc22245afe8fd1a725bbd1) Importer(815301076,1909f56bfc062723c751e8b465ee728b)
Start importing Assets/Resources/res/x1/mainimage/myTexture2dbd0.png using Guid(72bb4686fecc22245afe8fd1a725bbd1) Importer(815301076,1909f56bfc062723c751e8b465ee728b) (PreviewImporter) -> (artifact id: '8a58b173f3bd178da304f38aeeea6885') in 0.0208946 seconds
Number of updated asset objects reloaded before import = 0Number of asset objects unloaded after import = 3

========================================================================
Received Import Request.
  Time since last request: 0.000022 seconds.
  path: Assets/Resources/res/x1/mainimage/myTexture2dhatdau.png
  artifactKey: Guid(7d14493b6e2582b49861937e354906d1) Importer(815301076,1909f56bfc062723c751e8b465ee728b)
Start importing Assets/Resources/res/x1/mainimage/myTexture2dhatdau.png using Guid(7d14493b6e2582b49861937e354906d1) Importer(815301076,1909f56bfc062723c751e8b465ee728b) (PreviewImporter) -> (artifact id: '7f217dee5173b0779d85b6195e4674e4') in 0.0213147 seconds
Number of updated asset objects reloaded before import = 0Number of asset objects unloaded after import = 3

========================================================================
Received Import Request.
  Time since last request: 0.000027 seconds.
  path: Assets/Resources/res/x1/mainimage/myTexture2dmaybay4b.png
  artifactKey: Guid(a2bc70c5ed4570649be1179a264f7466) Importer(815301076,1909f56bfc062723c751e8b465ee728b)
Start importing Assets/Resources/res/x1/mainimage/myTexture2dmaybay4b.png using Guid(a2bc70c5ed4570649be1179a264f7466) Importer(815301076,1909f56bfc062723c751e8b465ee728b) (PreviewImporter) -> (artifact id: 'b754032b04985dba7320ea2048f6bbab') in 0.0178215 seconds
Number of updated asset objects reloaded before import = 0Number of asset objects unloaded after import = 3

========================================================================
Received Import Request.
  Time since last request: 0.000049 seconds.
  path: Assets/Resources/res/x1/mainimage/myTexture2darrow3.png
  artifactKey: Guid(8da71b88f3b3e30409e7ff348cc3cfe5) Importer(815301076,1909f56bfc062723c751e8b465ee728b)
Start importing Assets/Resources/res/x1/mainimage/myTexture2darrow3.png using Guid(8da71b88f3b3e30409e7ff348cc3cfe5) Importer(815301076,1909f56bfc062723c751e8b465ee728b) (PreviewImporter) -> (artifact id: 'e1f2f12ef2f164205ed5b0dcae592bb7') in 0.022737 seconds
Number of updated asset objects reloaded before import = 0Number of asset objects unloaded after import = 3

========================================================================
Received Import Request.
  Time since last request: 0.000024 seconds.
  path: Assets/Resources/res/x1/mainimage/myTexture2dimgPopup2.png
  artifactKey: Guid(9a80ef5d79b550e41bc31b4f8fa2271f) Importer(815301076,1909f56bfc062723c751e8b465ee728b)
Start importing Assets/Resources/res/x1/mainimage/myTexture2dimgPopup2.png using Guid(9a80ef5d79b550e41bc31b4f8fa2271f) Importer(815301076,1909f56bfc062723c751e8b465ee728b) (PreviewImporter) -> (artifact id: 'aa933b2e5f13463169a501664cfaec9b') in 0.0186029 seconds
Number of updated asset objects reloaded before import = 0Number of asset objects unloaded after import = 3

========================================================================
Received Import Request.
  Time since last request: 0.000035 seconds.
  path: Assets/Resources/res/x1/mainimage/myTexture2dmaybay1.png
  artifactKey: Guid(54d4e787fa0336248ad40611d589a26d) Importer(815301076,1909f56bfc062723c751e8b465ee728b)
Start importing Assets/Resources/res/x1/mainimage/myTexture2dmaybay1.png using Guid(54d4e787fa0336248ad40611d589a26d) Importer(815301076,1909f56bfc062723c751e8b465ee728b) (PreviewImporter) -> (artifact id: 'b4834fe421311f986fb9fe7007920a37') in 0.0220412 seconds
Number of updated asset objects reloaded before import = 0Number of asset objects unloaded after import = 3

========================================================================
Received Import Request.
  Time since last request: 0.000022 seconds.
  path: Assets/Resources/res/x1/mainimage/myTexture2dbantay.png
  artifactKey: Guid(bb99a64dfe0c49d44b548bee5492c268) Importer(815301076,1909f56bfc062723c751e8b465ee728b)
Start importing Assets/Resources/res/x1/mainimage/myTexture2dbantay.png using Guid(bb99a64dfe0c49d44b548bee5492c268) Importer(815301076,1909f56bfc062723c751e8b465ee728b) (PreviewImporter) -> (artifact id: '102b194f43bd9e20673df2814a776d6a') in 0.0261411 seconds
Number of updated asset objects reloaded before import = 0Number of asset objects unloaded after import = 3

========================================================================
Received Import Request.
  Time since last request: 0.000025 seconds.
  path: Assets/Resources/res/x1/mainimage/btn1mid.png
  artifactKey: Guid(b3dfcca27d6058648b0372ec90d75bfe) Importer(815301076,1909f56bfc062723c751e8b465ee728b)
Start importing Assets/Resources/res/x1/mainimage/btn1mid.png using Guid(b3dfcca27d6058648b0372ec90d75bfe) Importer(815301076,1909f56bfc062723c751e8b465ee728b) (PreviewImporter) -> (artifact id: '5d86d2c1e5d796ff0ce52627175c73d9') in 0.0163405 seconds
Number of updated asset objects reloaded before import = 0Number of asset objects unloaded after import = 3

========================================================================
Received Import Request.
  Time since last request: 0.000023 seconds.
  path: Assets/Resources/res/x1/mainimage/myTexture2dfutherShip.png
  artifactKey: Guid(d0f778e358ae08f438aed760acf29dfe) Importer(815301076,1909f56bfc062723c751e8b465ee728b)
Start importing Assets/Resources/res/x1/mainimage/myTexture2dfutherShip.png using Guid(d0f778e358ae08f438aed760acf29dfe) Importer(815301076,1909f56bfc062723c751e8b465ee728b) (PreviewImporter) -> (artifact id: 'eebf573acb6f4c4f46ade5ed6f025409') in 0.0197361 seconds
Number of updated asset objects reloaded before import = 0Number of asset objects unloaded after import = 3

========================================================================
Received Import Request.
  Time since last request: 0.000081 seconds.
  path: Assets/Resources/res/x1/mainimage/myTexture2dgoc3.png
  artifactKey: Guid(b49c0358f75939a4d905b25f73812b98) Importer(815301076,1909f56bfc062723c751e8b465ee728b)
Start importing Assets/Resources/res/x1/mainimage/myTexture2dgoc3.png using Guid(b49c0358f75939a4d905b25f73812b98) Importer(815301076,1909f56bfc062723c751e8b465ee728b) (PreviewImporter) -> (artifact id: '58255f1259510eb90f0dd99a23bc8d4a') in 0.017087 seconds
Number of updated asset objects reloaded before import = 0Number of asset objects unloaded after import = 3

========================================================================
Received Import Request.
  Time since last request: 0.000021 seconds.
  path: Assets/Resources/res/x1/mainimage/myTexture2dfirebtn1.png
  artifactKey: Guid(be26ab62fcb48f04b8293552a6c87842) Importer(815301076,1909f56bfc062723c751e8b465ee728b)
Start importing Assets/Resources/res/x1/mainimage/myTexture2dfirebtn1.png using Guid(be26ab62fcb48f04b8293552a6c87842) Importer(815301076,1909f56bfc062723c751e8b465ee728b) (PreviewImporter) -> (artifact id: 'a37eccd41e37f6b7ddf27701f985b4da') in 0.0207174 seconds
Number of updated asset objects reloaded before import = 0Number of asset objects unloaded after import = 3

========================================================================
Received Import Request.
  Time since last request: 0.000023 seconds.
  path: Assets/Resources/res/x1/mainimage/myTexture2dcanhrong.png
  artifactKey: Guid(572bdb35e1f2f1d4aaf19867525c34e5) Importer(815301076,1909f56bfc062723c751e8b465ee728b)
Start importing Assets/Resources/res/x1/mainimage/myTexture2dcanhrong.png using Guid(572bdb35e1f2f1d4aaf19867525c34e5) Importer(815301076,1909f56bfc062723c751e8b465ee728b) (PreviewImporter) -> (artifact id: '8d55366c819635e0ca765b3430be5152') in 0.015863 seconds
Number of updated asset objects reloaded before import = 0Number of asset objects unloaded after import = 2

========================================================================
Received Import Request.
  Time since last request: 0.000023 seconds.
  path: Assets/Resources/res/x1/mainimage/myTexture2dnut.png
  artifactKey: Guid(f7315a150f918964cb3731033c2b9591) Importer(815301076,1909f56bfc062723c751e8b465ee728b)
Start importing Assets/Resources/res/x1/mainimage/myTexture2dnut.png using Guid(f7315a150f918964cb3731033c2b9591) Importer(815301076,1909f56bfc062723c751e8b465ee728b) (PreviewImporter) -> (artifact id: '5bbd768d43e0e6ca09ae3d1e8600993d') in 0.0206963 seconds
Number of updated asset objects reloaded before import = 0Number of asset objects unloaded after import = 3

========================================================================
Received Import Request.
  Time since last request: 0.000028 seconds.
  path: Assets/Resources/res/x1/mainimage/myTexture2dmove-3.png
  artifactKey: Guid(f1512b0ea3612da4aae68b34e8e51a3e) Importer(815301076,1909f56bfc062723c751e8b465ee728b)
Start importing Assets/Resources/res/x1/mainimage/myTexture2dmove-3.png using Guid(f1512b0ea3612da4aae68b34e8e51a3e) Importer(815301076,1909f56bfc062723c751e8b465ee728b) (PreviewImporter) -> (artifact id: 'c32adca896c4382b4ac6d1cc03b474a8') in 0.0216249 seconds
Number of updated asset objects reloaded before import = 0Number of asset objects unloaded after import = 3

========================================================================
Received Import Request.
  Time since last request: 0.000038 seconds.
  path: Assets/Resources/res/x1/mainimage/myTexture2dskill.png
  artifactKey: Guid(2988016b4ec6f1c49bbec9910acb5ec2) Importer(815301076,1909f56bfc062723c751e8b465ee728b)
Start importing Assets/Resources/res/x1/mainimage/myTexture2dskill.png using Guid(2988016b4ec6f1c49bbec9910acb5ec2) Importer(815301076,1909f56bfc062723c751e8b465ee728b) (PreviewImporter) -> (artifact id: '7c56ec9fdf3e96b5e7581a153a3cc725') in 0.0175477 seconds
Number of updated asset objects reloaded before import = 0Number of asset objects unloaded after import = 3

========================================================================
Received Import Request.
  Time since last request: 0.000022 seconds.
  path: Assets/Resources/res/x1/mainimage/myTexture2dgocnhon.png
  artifactKey: Guid(459b174faf9d1c548a29bf3fcd38e630) Importer(815301076,1909f56bfc062723c751e8b465ee728b)
Start importing Assets/Resources/res/x1/mainimage/myTexture2dgocnhon.png using Guid(459b174faf9d1c548a29bf3fcd38e630) Importer(815301076,1909f56bfc062723c751e8b465ee728b) (PreviewImporter) -> (artifact id: 'bd09e3f6f7e5ff2f110460055fb62925') in 0.01703 seconds
Number of updated asset objects reloaded before import = 0Number of asset objects unloaded after import = 3

========================================================================
Received Import Request.
  Time since last request: 0.000031 seconds.
  path: Assets/Resources/res/x1/mainimage/myTexture2dbtnl2.png
  artifactKey: Guid(1c861972203b9ff41a191320e2f85169) Importer(815301076,1909f56bfc062723c751e8b465ee728b)
Start importing Assets/Resources/res/x1/mainimage/myTexture2dbtnl2.png using Guid(1c861972203b9ff41a191320e2f85169) Importer(815301076,1909f56bfc062723c751e8b465ee728b) (PreviewImporter) -> (artifact id: 'a995d835b1ffd658dc5de5f2dd11a78e') in 0.0183206 seconds
Number of updated asset objects reloaded before import = 0Number of asset objects unloaded after import = 3

========================================================================
Received Import Request.
  Time since last request: 0.000040 seconds.
  path: Assets/Resources/res/x1/mainimage/myTexture2dmobCapcha.png
  artifactKey: Guid(fad2afcf86e331b49a19774610b1b6e5) Importer(815301076,1909f56bfc062723c751e8b465ee728b)
Start importing Assets/Resources/res/x1/mainimage/myTexture2dmobCapcha.png using Guid(fad2afcf86e331b49a19774610b1b6e5) Importer(815301076,1909f56bfc062723c751e8b465ee728b) (PreviewImporter) -> (artifact id: '1f7a19f8511f03e41f156f0eb4787419') in 0.0174457 seconds
Number of updated asset objects reloaded before import = 0Number of asset objects unloaded after import = 2

========================================================================
Received Import Request.
  Time since last request: 0.000017 seconds.
  path: Assets/Resources/res/x1/mainimage/myTexture2dMP.png
  artifactKey: Guid(8f8f527eff1b8ea4f8e47d0c4d80ec94) Importer(815301076,1909f56bfc062723c751e8b465ee728b)
Start importing Assets/Resources/res/x1/mainimage/myTexture2dMP.png using Guid(8f8f527eff1b8ea4f8e47d0c4d80ec94) Importer(815301076,1909f56bfc062723c751e8b465ee728b) (PreviewImporter) -> (artifact id: 'c88be0d7d18dba6cd5b8c245239a1a9e') in 0.0201699 seconds
Number of updated asset objects reloaded before import = 0Number of asset objects unloaded after import = 3

========================================================================
Received Import Request.
  Time since last request: 0.000028 seconds.
  path: Assets/Resources/res/x1/mainimage/myTexture2dHP.png
  artifactKey: Guid(106dd600f2fa81a4189029547c1f7f15) Importer(815301076,1909f56bfc062723c751e8b465ee728b)
Start importing Assets/Resources/res/x1/mainimage/myTexture2dHP.png using Guid(106dd600f2fa81a4189029547c1f7f15) Importer(815301076,1909f56bfc062723c751e8b465ee728b) (PreviewImporter) -> (artifact id: 'e1e708ad03db316d4e6309db31bfd1d4') in 0.0189941 seconds
Number of updated asset objects reloaded before import = 0Number of asset objects unloaded after import = 3

========================================================================
Received Import Request.
  Time since last request: 0.000026 seconds.
  path: Assets/Resources/res/x1/mainimage/i_khung.png
  artifactKey: Guid(53e4f2d98a168e64988f4a6b826bd09e) Importer(815301076,1909f56bfc062723c751e8b465ee728b)
Start importing Assets/Resources/res/x1/mainimage/i_khung.png using Guid(53e4f2d98a168e64988f4a6b826bd09e) Importer(815301076,1909f56bfc062723c751e8b465ee728b) (PreviewImporter) -> (artifact id: '82df3d388026aaa2813f7dbe3aa2bcde') in 0.0213717 seconds
Number of updated asset objects reloaded before import = 0Number of asset objects unloaded after import = 3

========================================================================
Received Import Request.
  Time since last request: 0.000022 seconds.
  path: Assets/Resources/res/x1/mainimage/eo_1_2.png
  artifactKey: Guid(349662a1ec4d23c44b50be4ddf68282e) Importer(815301076,1909f56bfc062723c751e8b465ee728b)
Start importing Assets/Resources/res/x1/mainimage/eo_1_2.png using Guid(349662a1ec4d23c44b50be4ddf68282e) Importer(815301076,1909f56bfc062723c751e8b465ee728b) (PreviewImporter) -> (artifact id: '4fe00496eac3f287665b91009b4d4f45') in 0.0191878 seconds
Number of updated asset objects reloaded before import = 0Number of asset objects unloaded after import = 3

========================================================================
Received Import Request.
  Time since last request: 0.000023 seconds.
  path: Assets/Resources/res/x1/mainimage/myTexture2dimgMoney.png
  artifactKey: Guid(507456534ac2b4c479f4c02c0cafb612) Importer(815301076,1909f56bfc062723c751e8b465ee728b)
Start importing Assets/Resources/res/x1/mainimage/myTexture2dimgMoney.png using Guid(507456534ac2b4c479f4c02c0cafb612) Importer(815301076,1909f56bfc062723c751e8b465ee728b) (PreviewImporter) -> (artifact id: '96c2c8a9e6eef7bfefa88f84fed93327') in 0.0199101 seconds
Number of updated asset objects reloaded before import = 0Number of asset objects unloaded after import = 3

========================================================================
Received Import Request.
  Time since last request: 0.000017 seconds.
  path: Assets/Resources/res/x1/mainimage/myTexture2dPea_2.png
  artifactKey: Guid(e266a08651ca6cc4ca6d52eda4b6c037) Importer(815301076,1909f56bfc062723c751e8b465ee728b)
Start importing Assets/Resources/res/x1/mainimage/myTexture2dPea_2.png using Guid(e266a08651ca6cc4ca6d52eda4b6c037) Importer(815301076,1909f56bfc062723c751e8b465ee728b) (PreviewImporter) -> (artifact id: 'b2699d5c347df302144210fe2fe80816') in 0.0175167 seconds
Number of updated asset objects reloaded before import = 0Number of asset objects unloaded after import = 2

========================================================================
Received Import Request.
  Time since last request: 0.000024 seconds.
  path: Assets/Resources/res/x1/mainimage/myTexture2dfirebtn0.png
  artifactKey: Guid(ae5a9d5f34935514882e15f8dd8195b5) Importer(815301076,1909f56bfc062723c751e8b465ee728b)
Start importing Assets/Resources/res/x1/mainimage/myTexture2dfirebtn0.png using Guid(ae5a9d5f34935514882e15f8dd8195b5) Importer(815301076,1909f56bfc062723c751e8b465ee728b) (PreviewImporter) -> (artifact id: 'ad5117c60478af376775b2144b7edcdd') in 0.0191213 seconds
Number of updated asset objects reloaded before import = 0Number of asset objects unloaded after import = 3

========================================================================
Received Import Request.
  Time since last request: 0.000028 seconds.
  path: Assets/Resources/res/x1/mainimage/myTexture2danalog1.png
  artifactKey: Guid(0ab36e07b911a0d40aa74369f9868c37) Importer(815301076,1909f56bfc062723c751e8b465ee728b)
Start importing Assets/Resources/res/x1/mainimage/myTexture2danalog1.png using Guid(0ab36e07b911a0d40aa74369f9868c37) Importer(815301076,1909f56bfc062723c751e8b465ee728b) (PreviewImporter) -> (artifact id: 'b362053812fd974c8b4fbe8149550cc5') in 0.0211793 seconds
Number of updated asset objects reloaded before import = 0Number of asset objects unloaded after import = 3

========================================================================
Received Import Request.
  Time since last request: 0.000053 seconds.
  path: Assets/Resources/res/x1/mainimage/myTexture2dchat2.png
  artifactKey: Guid(b1aacaa6dc1e92e4cbbae903b9c46c01) Importer(815301076,1909f56bfc062723c751e8b465ee728b)
Start importing Assets/Resources/res/x1/mainimage/myTexture2dchat2.png using Guid(b1aacaa6dc1e92e4cbbae903b9c46c01) Importer(815301076,1909f56bfc062723c751e8b465ee728b) (PreviewImporter) -> (artifact id: 'ea70cb58c5e5a117d2b390058dbb81ef') in 0.0174615 seconds
Number of updated asset objects reloaded before import = 0Number of asset objects unloaded after import = 3

========================================================================
Received Import Request.
  Time since last request: 0.000025 seconds.
  path: Assets/Resources/res/x1/mainimage/i_pve_bar_1.png
  artifactKey: Guid(59a5cde39f58b694faf2a1f90514dcbe) Importer(815301076,1909f56bfc062723c751e8b465ee728b)
Start importing Assets/Resources/res/x1/mainimage/i_pve_bar_1.png using Guid(59a5cde39f58b694faf2a1f90514dcbe) Importer(815301076,1909f56bfc062723c751e8b465ee728b) (PreviewImporter) -> (artifact id: 'e48e4634a16949bade30cb8c5b9a4442') in 0.0221049 seconds
Number of updated asset objects reloaded before import = 0Number of asset objects unloaded after import = 3

========================================================================
Received Import Request.
  Time since last request: 0.000023 seconds.
  path: Assets/Resources/res/x1/mainimage/btn1left.png
  artifactKey: Guid(58c57fb820690424bbbe43c62901e1c5) Importer(815301076,1909f56bfc062723c751e8b465ee728b)
Start importing Assets/Resources/res/x1/mainimage/btn1left.png using Guid(58c57fb820690424bbbe43c62901e1c5) Importer(815301076,1909f56bfc062723c751e8b465ee728b) (PreviewImporter) -> (artifact id: '1722249a0d393708d922db1b0cf86f2b') in 0.0209256 seconds
Number of updated asset objects reloaded before import = 0Number of asset objects unloaded after import = 3

========================================================================
Received Import Request.
  Time since last request: 0.000025 seconds.
  path: Assets/Resources/res/x1/mainimage/myTexture2dlineColor20.png
  artifactKey: Guid(c8cbd8cae5d4eae4ea8cab9281af44fc) Importer(815301076,1909f56bfc062723c751e8b465ee728b)
Start importing Assets/Resources/res/x1/mainimage/myTexture2dlineColor20.png using Guid(c8cbd8cae5d4eae4ea8cab9281af44fc) Importer(815301076,1909f56bfc062723c751e8b465ee728b) (PreviewImporter) -> (artifact id: 'd4ee665e6320381d02f4907d978a83b3') in 0.0215222 seconds
Number of updated asset objects reloaded before import = 0Number of asset objects unloaded after import = 3

========================================================================
Received Import Request.
  Time since last request: 0.000025 seconds.
  path: Assets/Resources/res/x1/mainimage/myTexture2dlineColor22.png
  artifactKey: Guid(39b914b651420bf49a151436d51555f0) Importer(815301076,1909f56bfc062723c751e8b465ee728b)
Start importing Assets/Resources/res/x1/mainimage/myTexture2dlineColor22.png using Guid(39b914b651420bf49a151436d51555f0) Importer(815301076,1909f56bfc062723c751e8b465ee728b) (PreviewImporter) -> (artifact id: 'c0494be2d97673b3d5dbc92f965e6ab2') in 0.0199721 seconds
Number of updated asset objects reloaded before import = 0Number of asset objects unloaded after import = 3

========================================================================
Received Import Request.
  Time since last request: 0.000024 seconds.
  path: Assets/Resources/res/x1/mainimage/myTexture2dclick.png
  artifactKey: Guid(727fa5d5853eb8b4c8053e1e125458d2) Importer(815301076,1909f56bfc062723c751e8b465ee728b)
Start importing Assets/Resources/res/x1/mainimage/myTexture2dclick.png using Guid(727fa5d5853eb8b4c8053e1e125458d2) Importer(815301076,1909f56bfc062723c751e8b465ee728b) (PreviewImporter) -> (artifact id: '014a4c56dd298fb96e2f65c63c6c4389') in 0.0190504 seconds
Number of updated asset objects reloaded before import = 0Number of asset objects unloaded after import = 3

========================================================================
Received Import Request.
  Time since last request: 0.000033 seconds.
  path: Assets/Resources/res/x1/mainimage/myTexture2dbd2.png
  artifactKey: Guid(e9577ac3870a34441b2174d128f1e450) Importer(815301076,1909f56bfc062723c751e8b465ee728b)
Start importing Assets/Resources/res/x1/mainimage/myTexture2dbd2.png using Guid(e9577ac3870a34441b2174d128f1e450) Importer(815301076,1909f56bfc062723c751e8b465ee728b) (PreviewImporter) -> (artifact id: '2047af1df875973bcc151acb0d8a391b') in 0.0180965 seconds
Number of updated asset objects reloaded before import = 0Number of asset objects unloaded after import = 3

========================================================================
Received Import Request.
  Time since last request: 0.000023 seconds.
  path: Assets/Resources/res/x1/mainimage/myTexture2dhpLeft.png
  artifactKey: Guid(99ac39216de0c484982529c82c975065) Importer(815301076,1909f56bfc062723c751e8b465ee728b)
Start importing Assets/Resources/res/x1/mainimage/myTexture2dhpLeft.png using Guid(99ac39216de0c484982529c82c975065) Importer(815301076,1909f56bfc062723c751e8b465ee728b) (PreviewImporter) -> (artifact id: '29d5f8cd431b5356b139556d5b041b8b') in 0.0196066 seconds
Number of updated asset objects reloaded before import = 0Number of asset objects unloaded after import = 3

========================================================================
Received Import Request.
  Time since last request: 0.528709 seconds.
  path: Assets/Resources/res/x1/mainimage/myTexture2dthucuoi20.png
  artifactKey: Guid(ec8004271e5200245b0a8adc4f7392ab) Importer(815301076,1909f56bfc062723c751e8b465ee728b)
Start importing Assets/Resources/res/x1/mainimage/myTexture2dthucuoi20.png using Guid(ec8004271e5200245b0a8adc4f7392ab) Importer(815301076,1909f56bfc062723c751e8b465ee728b) (PreviewImporter) -> (artifact id: 'c02ae911558ac3176ddcbb7651ff020f') in 0.0190299 seconds
Number of updated asset objects reloaded before import = 0Number of asset objects unloaded after import = 2

========================================================================
Received Import Request.
  Time since last request: 0.000074 seconds.
  path: Assets/Resources/res/x1/mainimage/myTexture2dthucuoi30.png
  artifactKey: Guid(8bb227d46a495934f9a71100d7966724) Importer(815301076,1909f56bfc062723c751e8b465ee728b)
Start importing Assets/Resources/res/x1/mainimage/myTexture2dthucuoi30.png using Guid(8bb227d46a495934f9a71100d7966724) Importer(815301076,1909f56bfc062723c751e8b465ee728b) (PreviewImporter) -> (artifact id: 'b8a446601ca9834a25faac7799fa4adb') in 0.0186746 seconds
Number of updated asset objects reloaded before import = 0Number of asset objects unloaded after import = 3

========================================================================
Received Import Request.
  Time since last request: 0.000027 seconds.
  path: Assets/Resources/res/x1/mainimage/new.png
  artifactKey: Guid(d456493258c780044a645ea615b78a89) Importer(815301076,1909f56bfc062723c751e8b465ee728b)
Start importing Assets/Resources/res/x1/mainimage/new.png using Guid(d456493258c780044a645ea615b78a89) Importer(815301076,1909f56bfc062723c751e8b465ee728b) (PreviewImporter) -> (artifact id: '1392886b34ad55efeaae35255e199e42') in 0.019318 seconds
Number of updated asset objects reloaded before import = 0Number of asset objects unloaded after import = 3

========================================================================
Received Import Request.
  Time since last request: 0.000056 seconds.
  path: Assets/Resources/res/x1/mainimage/myTexture2dwater2.png
  artifactKey: Guid(abdbee5a845c1104396cdb5c8467ae1c) Importer(815301076,1909f56bfc062723c751e8b465ee728b)
Start importing Assets/Resources/res/x1/mainimage/myTexture2dwater2.png using Guid(abdbee5a845c1104396cdb5c8467ae1c) Importer(815301076,1909f56bfc062723c751e8b465ee728b) (PreviewImporter) -> (artifact id: '6986c35a37f8fbde6f405da7325e0534') in 0.0230163 seconds
Number of updated asset objects reloaded before import = 0Number of asset objects unloaded after import = 3

========================================================================
Received Import Request.
  Time since last request: 0.000019 seconds.
  path: Assets/Resources/res/x1/mainimage/o_3.png
  artifactKey: Guid(ade43cb4ebc27d047af06fadb29214ec) Importer(815301076,1909f56bfc062723c751e8b465ee728b)
Start importing Assets/Resources/res/x1/mainimage/o_3.png using Guid(ade43cb4ebc27d047af06fadb29214ec) Importer(815301076,1909f56bfc062723c751e8b465ee728b) (PreviewImporter) -> (artifact id: '28f88cc83ffdd14ff73119051f76fd55') in 0.0150971 seconds
Number of updated asset objects reloaded before import = 0Number of asset objects unloaded after import = 3

========================================================================
Received Import Request.
  Time since last request: 0.000023 seconds.
  path: Assets/Resources/res/x1/mainimage/starCH.png
  artifactKey: Guid(bf688d592e228d24cbfda0ed7d584a41) Importer(815301076,1909f56bfc062723c751e8b465ee728b)
Start importing Assets/Resources/res/x1/mainimage/starCH.png using Guid(bf688d592e228d24cbfda0ed7d584a41) Importer(815301076,1909f56bfc062723c751e8b465ee728b) (PreviewImporter) -> (artifact id: 'f26154697f1527e0e55e8c92e2aa100a') in 0.014284 seconds
Number of updated asset objects reloaded before import = 0Number of asset objects unloaded after import = 2

========================================================================
Received Import Request.
  Time since last request: 0.000026 seconds.
  path: Assets/Resources/res/x1/mainimage/shadowBig.png
  artifactKey: Guid(e63f9bbfea9e26f41a841aafcf2dc29a) Importer(815301076,1909f56bfc062723c751e8b465ee728b)
Start importing Assets/Resources/res/x1/mainimage/shadowBig.png using Guid(e63f9bbfea9e26f41a841aafcf2dc29a) Importer(815301076,1909f56bfc062723c751e8b465ee728b) (PreviewImporter) -> (artifact id: 'ae7cebaeda0d60c35105e97a941919cd') in 0.0197946 seconds
Number of updated asset objects reloaded before import = 0Number of asset objects unloaded after import = 3

========================================================================
Received Import Request.
  Time since last request: 0.000039 seconds.
  path: Assets/Resources/res/x1/mainimage/starE.png
  artifactKey: Guid(6c151dcf6e3b3d840a692d17866f5002) Importer(815301076,1909f56bfc062723c751e8b465ee728b)
Start importing Assets/Resources/res/x1/mainimage/starE.png using Guid(6c151dcf6e3b3d840a692d17866f5002) Importer(815301076,1909f56bfc062723c751e8b465ee728b) (PreviewImporter) -> (artifact id: '42a6da622ac26f44b9ed89f9ea12a33a') in 0.0199482 seconds
Number of updated asset objects reloaded before import = 0Number of asset objects unloaded after import = 3

========================================================================
Received Import Request.
  Time since last request: 0.588176 seconds.
  path: Assets/Resources/res/x1/mainimage/tm-vang.png
  artifactKey: Guid(bcb3c61e255277f48a62426bef611006) Importer(815301076,1909f56bfc062723c751e8b465ee728b)
Start importing Assets/Resources/res/x1/mainimage/tm-vang.png using Guid(bcb3c61e255277f48a62426bef611006) Importer(815301076,1909f56bfc062723c751e8b465ee728b) (PreviewImporter) -> (artifact id: 'fe28f377f8416cc53f6eb63bbb74bd6c') in 0.0145039 seconds
Number of updated asset objects reloaded before import = 0Number of asset objects unloaded after import = 2

========================================================================
Received Import Request.
  Time since last request: 2.447486 seconds.
  path: Assets/Resources/res/x1/img/Big1.png
  artifactKey: Guid(ce61913d168a9804bb3161c2dd1061fa) Importer(815301076,1909f56bfc062723c751e8b465ee728b)
Start importing Assets/Resources/res/x1/img/Big1.png using Guid(ce61913d168a9804bb3161c2dd1061fa) Importer(815301076,1909f56bfc062723c751e8b465ee728b) (PreviewImporter) -> (artifact id: '8e08c2240d7c02011d269389869b7fba') in 0.024539 seconds
Number of updated asset objects reloaded before import = 0Number of asset objects unloaded after import = 3

========================================================================
Received Import Request.
  Time since last request: 0.000020 seconds.
  path: Assets/Resources/res/x1/img/Big4.png
  artifactKey: Guid(ac7c479745b9fcc4c93422afa1597a71) Importer(815301076,1909f56bfc062723c751e8b465ee728b)
Start importing Assets/Resources/res/x1/img/Big4.png using Guid(ac7c479745b9fcc4c93422afa1597a71) Importer(815301076,1909f56bfc062723c751e8b465ee728b) (PreviewImporter) -> (artifact id: 'dc3322aca50f19fc33c06880eb31c8f9') in 0.0279531 seconds
Number of updated asset objects reloaded before import = 0Number of asset objects unloaded after import = 3

========================================================================
Received Import Request.
  Time since last request: 0.000031 seconds.
  path: Assets/Resources/res/x1/img/Big3.png
  artifactKey: Guid(5245d15d42feaf244b128a9472bad9ca) Importer(815301076,1909f56bfc062723c751e8b465ee728b)
Start importing Assets/Resources/res/x1/img/Big3.png using Guid(5245d15d42feaf244b128a9472bad9ca) Importer(815301076,1909f56bfc062723c751e8b465ee728b) (PreviewImporter) -> (artifact id: '99c018de41958021478398ae8ce8a99e') in 0.0246655 seconds
Number of updated asset objects reloaded before import = 0Number of asset objects unloaded after import = 3

========================================================================
Received Prepare
Couldn't register non-exiting asset root folder: 'Assets'
AssetDatabase failed to register asset folder Assets
Begin MonoManager ReloadAssembly
- Loaded All Assemblies, in  1.324 seconds
Refreshing native plugins compatible for Editor in 0.55 ms, found 0 plugins.
Native extension for WindowsStandalone target not found
Native extension for WebGL target not found
Mono: successfully reloaded assembly
- Finished resetting the current domain, in  0.430 seconds
Domain Reload Profiling: 1758ms
	BeginReloadAssembly (948ms)
		ExecutionOrderSort (0ms)
		DisableScriptedObjects (229ms)
		BackupInstance (0ms)
		ReleaseScriptingObjects (2ms)
		CreateAndSetChildDomain (228ms)
	RebuildCommonClasses (54ms)
	RebuildNativeTypeToScriptingClass (18ms)
	initialDomainReloadingComplete (28ms)
	LoadAllAssembliesAndSetupDomain (278ms)
		LoadAssemblies (487ms)
		RebuildTransferFunctionScriptingTraits (0ms)
		AnalyzeDomain (69ms)
			TypeCache.Refresh (51ms)
				TypeCache.ScanAssembly (4ms)
			BuildScriptInfoCaches (11ms)
			ResolveRequiredComponents (0ms)
	FinalizeReload (431ms)
		ReleaseScriptCaches (0ms)
		RebuildScriptCaches (0ms)
		SetupLoadedEditorAssemblies (343ms)
			LogAssemblyErrors (0ms)
			InitializePlatformSupportModulesInManaged (3ms)
			SetLoadedEditorAssemblies (3ms)
			BeforeProcessingInitializeOnLoad (138ms)
			ProcessInitializeOnLoadAttributes (165ms)
			ProcessInitializeOnLoadMethodAttributes (29ms)
			AfterProcessingInitializeOnLoad (5ms)
			EditorAssembliesLoaded (0ms)
		ExecutionOrderSort2 (0ms)
		AwakeInstancesAfterBackupRestoration (7ms)
Refreshing native plugins compatible for Editor in 0.18 ms, found 0 plugins.
Preloading 0 native plugins for Editor in 0.00 ms.
Unloading 0 Unused Serialized files (Serialized files now loaded: 0)
Unloading 62 unused Assets / (1.0 KB). Loaded Objects now: 1102.
Memory consumption went from 66.7 MB to 66.7 MB.
Total: 4.270300 ms (FindLiveObjects: 0.077300 ms CreateObjectMapping: 0.007100 ms MarkObjects: 4.155000 ms  DeleteObjects: 0.029500 ms)

Prepare: number of updated asset objects reloaded= 6
AssetImportWorkerClient::OnTransportError - code=10054 error=An existing connection was forcibly closed by the remote host.
